--
-- Script was generated by Devart dbForge Studio 2020 for MySQL, Version 9.0.338.0
-- Product home page: http://www.devart.com/dbforge/mysql/studio
-- Script date 12/23/2022 1:54:07 PM
-- Server version: 8.0.31
-- Client version: 4.1
--

-- 
-- Disable foreign keys
-- 
/*!40014 SET @OLD_FOREIGN_KEY_CHECKS=@@FOREIGN_KEY_CHECKS, FOREIGN_KEY_CHECKS=0 */;

-- 
-- Set SQL mode
-- 
/*!40101 SET @OLD_SQL_MODE=@@SQL_MODE, SQL_MODE='NO_AUTO_VALUE_ON_ZERO' */;

-- 
-- Set character set the client will use to send SQL statements to the server
--
SET NAMES 'utf8';

--
-- Set default database
--
USE `misa.fw0922.gd.qlth.khoanthu`;

--
-- Drop procedure `Proc_Exemption_GetSearch`
--
DROP PROCEDURE IF EXISTS Proc_Exemption_GetSearch;

--
-- Drop procedure `Proc_Fee_GetSearch`
--
DROP PROCEDURE IF EXISTS Proc_Fee_GetSearch;

--
-- Drop procedure `Proc_StudentExemption_DeleteManyByIDs`
--
DROP PROCEDURE IF EXISTS Proc_StudentExemption_DeleteManyByIDs;

--
-- Drop procedure `Proc_StudentExemption_GetPagingByFee`
--
DROP PROCEDURE IF EXISTS Proc_StudentExemption_GetPagingByFee;

--
-- Drop procedure `Proc_StudentExemption_GetPagingByStudent`
--
DROP PROCEDURE IF EXISTS Proc_StudentExemption_GetPagingByStudent;

--
-- Drop procedure `Proc_Student_GetSearch`
--
DROP PROCEDURE IF EXISTS Proc_Student_GetSearch;

--
-- Drop procedure `Proc_StudentExemption_DeleteByID`
--
DROP PROCEDURE IF EXISTS Proc_StudentExemption_DeleteByID;

--
-- Drop procedure `Proc_StudentExemption_DeleteByStudentID`
--
DROP PROCEDURE IF EXISTS Proc_StudentExemption_DeleteByStudentID;

--
-- Drop procedure `Proc_StudentExemption_GetAll`
--
DROP PROCEDURE IF EXISTS Proc_StudentExemption_GetAll;

--
-- Drop procedure `Proc_StudentExemption_GetByStudentID`
--
DROP PROCEDURE IF EXISTS Proc_StudentExemption_GetByStudentID;

--
-- Drop procedure `Proc_StudentExemption_Insert`
--
DROP PROCEDURE IF EXISTS Proc_StudentExemption_Insert;

--
-- Drop table `studentexemption`
--
DROP TABLE IF EXISTS studentexemption;

--
-- Drop procedure `Proc_Student_GetAll`
--
DROP PROCEDURE IF EXISTS Proc_Student_GetAll;

--
-- Drop table `student`
--
DROP TABLE IF EXISTS student;

--
-- Drop table `branch`
--
DROP TABLE IF EXISTS branch;

--
-- Drop procedure `Proc_Exemption_GetAll`
--
DROP PROCEDURE IF EXISTS Proc_Exemption_GetAll;

--
-- Drop procedure `Proc_Exemption_GetByID`
--
DROP PROCEDURE IF EXISTS Proc_Exemption_GetByID;

--
-- Drop table `exemption`
--
DROP TABLE IF EXISTS exemption;

--
-- Drop procedure `Proc_Fee_GetAll`
--
DROP PROCEDURE IF EXISTS Proc_Fee_GetAll;

--
-- Drop table `fee`
--
DROP TABLE IF EXISTS fee;

--
-- Set default database
--
USE `misa.fw0922.gd.qlth.khoanthu`;

--
-- Create table `fee`
--
CREATE TABLE fee (
  FeeID int NOT NULL COMMENT 'ID của khoản thu',
  FeeName varchar(255) NOT NULL DEFAULT '' COMMENT 'Tên khoản thu',
  FeePrice decimal(10, 0) DEFAULT 0 COMMENT 'Đơn giá (tính theo đơn vị VNĐ)',
  CreatedDate datetime DEFAULT NULL COMMENT 'Thời gian tạo bản ghi',
  CreatedBy varchar(100) DEFAULT NULL COMMENT 'Người tạo bản ghi',
  ModifiedDate datetime DEFAULT NULL COMMENT 'Thời gian chỉnh sửa bản ghi lần gần nhất',
  ModifiedBy varchar(100) DEFAULT NULL COMMENT 'Người chỉnh sửa bản ghi lần gần nhất',
  PRIMARY KEY (FeeID)
)
ENGINE = INNODB,
AVG_ROW_LENGTH = 1092,
CHARACTER SET utf8mb4,
COLLATE utf8mb4_general_ci,
COMMENT = 'Bảng lưu trữ thông tin các Khoản thu';

--
-- Create index `IX_Fee_FeeName` on table `fee`
--
ALTER TABLE fee
ADD INDEX IX_Fee_FeeName (FeeName);

DELIMITER $$

--
-- Create procedure `Proc_Fee_GetAll`
--
CREATE DEFINER = 'root'@'localhost'
PROCEDURE Proc_Fee_GetAll ()
COMMENT '-- Author:        KhaiND
  -- Created date:  20/12/2022
  -- Description:   Lấy danh sách thông tin tất cả các khoản thu
  -- Modified by:
  -- Code chạy thử: CALL `misa.fw0922.gd.qlth.khoanthu`.Proc_Fee_GetAll();'
BEGIN
  SELECT
    *
  FROM fee;
END
$$

DELIMITER ;

--
-- Create table `exemption`
--
CREATE TABLE exemption (
  ExemptionID int NOT NULL COMMENT 'ID của diện miễn giảm',
  ExemptionName varchar(255) NOT NULL DEFAULT '' COMMENT 'Tên diện miễn giảm',
  ExemptionDescription varchar(255) DEFAULT NULL COMMENT 'Mô tả diện miễn giảm',
  ExemptionFixLevel decimal(18, 4) DEFAULT 0.0000 COMMENT 'Mức miễn giảm gợi ý',
  ExemptionFixLevelIsUnitByPercent tinyint DEFAULT 1 COMMENT 'Đơn vị tính mức miễn giảm gợi ý: Giá trị TRUE: mức miễn giảm tính theo %, FALSE: mức miễn giảm tính theo VNĐ',
  ExemptionType varchar(255) DEFAULT NULL COMMENT 'Loại diện miễn giảm',
  CreatedDate datetime DEFAULT NULL COMMENT 'Thời gian tạo bản ghi',
  CreatedBy varchar(100) DEFAULT NULL COMMENT 'Người tạo bản ghi',
  ModifiedDate datetime DEFAULT NULL COMMENT 'Thời gian chỉnh sửa bản ghi lần gần nhất',
  ModifiedBy varchar(100) DEFAULT NULL COMMENT 'Người chỉnh sửa bản ghi lần gần nhất',
  PRIMARY KEY (ExemptionID)
)
ENGINE = INNODB,
AVG_ROW_LENGTH = 1820,
CHARACTER SET utf8mb4,
COLLATE utf8mb4_general_ci,
COMMENT = 'Bảng lưu trữ thông tin các Diện miễn giảm';

--
-- Create index `IX_Exemption_ExemptionDescription` on table `exemption`
--
ALTER TABLE exemption
ADD INDEX IX_Exemption_ExemptionDescription (ExemptionDescription);

--
-- Create index `IX_Exemption_ExemptionName` on table `exemption`
--
ALTER TABLE exemption
ADD INDEX IX_Exemption_ExemptionName (ExemptionName);

DELIMITER $$

--
-- Create procedure `Proc_Exemption_GetByID`
--
CREATE DEFINER = 'root'@'localhost'
PROCEDURE Proc_Exemption_GetByID (IN `@ExemptionID` int)
COMMENT '-- Author:        KhaiND
  -- Created date:  20/12/2022
  -- Description:   Lấy thông tin diện miễn giảm thông qua ID
  -- Modified by:
  -- Code chạy thử: CALL `misa.fw0922.gd.qlth.khoanthu`.Proc_Exemption_GetByID(5);'
BEGIN
  SELECT
    ExemptionID,
    ExemptionName,
    ExemptionDescription,
    ExemptionFixLevel,
    ExemptionFixLevelIsUnitByPercent
  FROM exemption
  WHERE ExemptionID = `@ExemptionID`;
END
$$

--
-- Create procedure `Proc_Exemption_GetAll`
--
CREATE DEFINER = 'root'@'localhost'
PROCEDURE Proc_Exemption_GetAll ()
COMMENT '-- Author:        KhaiND
  -- Created date:  20/12/2022
  -- Description:   Lấy danh sách thông tin tất cả các diện miễn giảm
  -- Modified by:
  -- Code chạy thử: CALL `misa.fw0922.gd.qlth.khoanthu`.Proc_Exemption_GetAll();'
BEGIN
  SELECT
    *
  FROM exemption;
END
$$

DELIMITER ;

--
-- Create table `branch`
--
CREATE TABLE branch (
  BranchID int NOT NULL COMMENT 'ID của lớp',
  BranchName varchar(255) NOT NULL DEFAULT '' COMMENT 'Tên lớp',
  CreatedDate datetime DEFAULT NULL COMMENT 'Thời gian tạo bản ghi',
  CreatedBy varchar(100) DEFAULT NULL COMMENT 'Người tạo bản ghi',
  ModifiedDate datetime DEFAULT NULL COMMENT 'Thời gian chỉnh sửa bản ghi lần gần nhất',
  ModifiedBy varchar(100) DEFAULT NULL COMMENT 'Người chỉnh sửa bản ghi lần gần nhất',
  PRIMARY KEY (BranchID)
)
ENGINE = INNODB,
AVG_ROW_LENGTH = 910,
CHARACTER SET utf8mb4,
COLLATE utf8mb4_general_ci,
COMMENT = 'Bảng lưu trữ thông tin danh sách lớp của trường';

--
-- Create table `student`
--
CREATE TABLE student (
  StudentID char(36) NOT NULL DEFAULT '' COMMENT 'ID của học sinh',
  StudentCode varchar(20) NOT NULL DEFAULT '' COMMENT 'Mã định danh học sinh',
  StudentName varchar(100) NOT NULL DEFAULT '' COMMENT 'Họ và tên học sinh',
  StudentDateOfBirth date DEFAULT NULL COMMENT 'Ngày sinh của học sinh',
  BranchID int DEFAULT NULL COMMENT 'Khóa ngoại đến ID của Lớp tưng ứng trong bảng Class',
  CreatedDate datetime DEFAULT NULL COMMENT 'Thời gian tạo bản ghi',
  CreatedBy varchar(100) DEFAULT NULL COMMENT 'Người tạo bản ghi',
  ModifiedDate datetime DEFAULT NULL COMMENT 'Thời gian chỉnh sửa bản ghi lần gần nhất',
  ModifiedBy varchar(100) DEFAULT NULL COMMENT 'Người chỉnh sửa bản ghi lần gần nhất',
  PRIMARY KEY (StudentID)
)
ENGINE = INNODB,
AVG_ROW_LENGTH = 218,
CHARACTER SET utf8mb4,
COLLATE utf8mb4_general_ci,
COMMENT = 'Bảng lưu trữ thông tin học sinh';

--
-- Create index `IX_Student_StudentName` on table `student`
--
ALTER TABLE student
ADD INDEX IX_Student_StudentName (StudentName);

--
-- Create index `StudentCode` on table `student`
--
ALTER TABLE student
ADD UNIQUE INDEX StudentCode (StudentCode);

--
-- Create foreign key
--
ALTER TABLE student
ADD CONSTRAINT FK_Student_Branch_BranchID FOREIGN KEY (BranchID)
REFERENCES branch (BranchID);

DELIMITER $$

--
-- Create procedure `Proc_Student_GetAll`
--
CREATE DEFINER = 'root'@'localhost'
PROCEDURE Proc_Student_GetAll ()
COMMENT '-- Author:        KhaiND
  -- Created date:  20/12/2022
  -- Description:   Lấy danh sách thông tin tất cả học sinh
  -- Modified by:
  -- Code chạy thử: CALL `misa.fw0922.gd.qlth.khoanthu`.Proc_Student_GetAll();'
BEGIN
  SELECT
    *
  FROM student s
    LEFT JOIN branch b
      ON s.BranchID = b.BranchID;
END
$$

DELIMITER ;

--
-- Create table `studentexemption`
--
CREATE TABLE studentexemption (
  StudentExemptionID char(36) NOT NULL DEFAULT '' COMMENT 'ID của bản ghi thông tin miễn giảm tương ứng học sinh',
  StudentID char(36) NOT NULL DEFAULT '' COMMENT 'Khóa ngoại đến StudentID của Học sinh tương ứng ở bảng Student',
  FeeID int DEFAULT NULL COMMENT 'Khóa ngoại đến FeeID của Khoản thu tương ứng ở bảng Fee',
  ExemptionID int DEFAULT NULL COMMENT 'Khóa ngoại đến ExemptionID của Diện miễn giảm tương ứng ở bảng Exemption',
  StudentExemptionLevel decimal(18, 4) DEFAULT 0.0000 COMMENT 'Mức miễn giảm',
  StudentExemptionLevelIsUnitByPercent tinyint NOT NULL DEFAULT 1 COMMENT 'Đơn vị tính mức miễn giảm: Giá trị TRUE: mức miễn giảm tính theo %, FALSE: mức miễn giảm tính theo VNĐ',
  StudentExemptionTime varchar(255) DEFAULT '' COMMENT 'Thời gian áp dụng miễn giảm - Giá trị: "Cả năm", "Học kỳ I", "Học kỳ II", hoặc tùy chọn tương ứng từ tháng - đến tháng ví dụ: "10/2021 - 03/2022"',
  CreatedDate datetime DEFAULT NULL COMMENT 'Thời gian tạo bản ghi',
  CreatedBy varchar(100) DEFAULT NULL COMMENT 'Người tạo bản ghi',
  ModifiedDate datetime DEFAULT NULL COMMENT 'Thời gian chỉnh sửa bản ghi lần gần nhất',
  ModifiedBy varchar(100) DEFAULT NULL COMMENT 'Người chỉnh sửa bản ghi lần gần nhất',
  PRIMARY KEY (StudentExemptionID)
)
ENGINE = INNODB,
AVG_ROW_LENGTH = 174,
CHARACTER SET utf8mb4,
COLLATE utf8mb4_general_ci,
COMMENT = 'Bảng Danh sách thông tin miễn giảm của các học sinh';

--
-- Create foreign key
--
ALTER TABLE studentexemption
ADD CONSTRAINT FK_StudentExemption_Exemption_ExemptionID FOREIGN KEY (ExemptionID)
REFERENCES exemption (ExemptionID);

--
-- Create foreign key
--
ALTER TABLE studentexemption
ADD CONSTRAINT FK_StudentExemption_Fee_FeeID FOREIGN KEY (FeeID)
REFERENCES fee (FeeID);

--
-- Create foreign key
--
ALTER TABLE studentexemption
ADD CONSTRAINT FK_StudentExemption_Student_StudentID FOREIGN KEY (StudentID)
REFERENCES student (StudentID);

DELIMITER $$

--
-- Create procedure `Proc_StudentExemption_Insert`
--
CREATE DEFINER = 'root'@'localhost'
PROCEDURE Proc_StudentExemption_Insert (IN `@StudentExemptionID` char(36),
IN `@StudentID` char(36),
IN `@FeeID` int,
IN `@ExemptionID` int,
IN `@StudentExemptionLevel` decimal(18, 4),
IN `@StudentExemptionLevelIsUnitByPercent` tinyint,
IN `@StudentExemptionTime` varchar(255),
IN `@CreatedBy` varchar(100),
IN `@ModifiedBy` varchar(100))
COMMENT '-- Author:        KhaiND
  -- Created date:  23/12/2022
  -- Description:   Thêm mới một bản ghi thông tin miễn giảm áp dụng cho học sinh tương ứng
  -- Modified by:
  -- Code chạy thử: CALL `misa.fw0922.gd.qlth.khoanthu`.Proc_StudentExemption_Insert();'
BEGIN
  INSERT INTO studentexemption (StudentExemptionID, StudentID, FeeID, ExemptionID,
  StudentExemptionLevel, StudentExemptionLevelIsUnitByPercent, StudentExemptionTime,
  CreatedDate, CreatedBy, ModifiedDate, ModifiedBy)
    VALUES (`@StudentExemptionID`, `@StudentID`, `@FeeID`, `@ExemptionID`, `@StudentExemptionLevel`, `@StudentExemptionLevelIsUnitByPercent`, `@StudentExemptionTime`, NOW(), `@CreatedBy`, NOW(), `@ModifiedBy`);
END
$$

--
-- Create procedure `Proc_StudentExemption_GetByStudentID`
--
CREATE DEFINER = 'root'@'localhost'
PROCEDURE Proc_StudentExemption_GetByStudentID (IN `@StudentID` char(36))
COMMENT '-- Author:        KhaiND
  -- Created date:  23/12/2022
  -- Description:   Lấy các bản ghi thông tin miễn giảm áp dụng cho học sinh tương ứng thông qua ID học sinh
  -- Modified by:
  -- Code chạy thử: CALL `misa.fw0922.gd.qlth.khoanthu`.Proc_StudentExemption_GetByStudentID();'
BEGIN
  SELECT
    StudentExemptionID,
    StudentID,
    FeeID,
    ExemptionID,
    StudentExemptionLevel,
    StudentExemptionLevelIsUnitByPercent,
    StudentExemptionTime
  FROM studentexemption
  WHERE StudentID = `@StudentID`;
END
$$

--
-- Create procedure `Proc_StudentExemption_GetAll`
--
CREATE DEFINER = 'root'@'localhost'
PROCEDURE Proc_StudentExemption_GetAll ()
COMMENT '-- Author:        KhaiND
  -- Created date:  20/12/2022
  -- Description:   Lấy danh sách tất cả bản ghi thông tin đầy đủ miễn giảm áp dụng cho các học sinh
  -- Modified by:
  -- Code chạy thử: CALL `misa.fw0922.gd.qlth.khoanthu`.Proc_StudentExemption_GetAll();'
BEGIN
  SELECT
    *
  FROM studentexemption se
    JOIN student s
      ON se.StudentID = s.StudentID
    JOIN exemption e
      ON se.ExemptionID = e.ExemptionID
    LEFT JOIN fee f
      ON se.FeeID = f.FeeID
    LEFT JOIN branch b
      ON s.BranchID = b.BranchID;
END
$$

--
-- Create procedure `Proc_StudentExemption_DeleteByStudentID`
--
CREATE DEFINER = 'root'@'localhost'
PROCEDURE Proc_StudentExemption_DeleteByStudentID (IN `@StudentID` char(36))
COMMENT '-- Author:        KhaiND
  -- Created date:  23/12/2022
  -- Description:   Xóa các bản ghi thông tin miễn giảm áp dụng cho học sinh tương ứng thông qua ID học sinh
  -- Modified by:
  -- Code chạy thử: CALL `misa.fw0922.gd.qlth.khoanthu`.Proc_StudentExemption_DeleteByStudentID();'
BEGIN
  DELETE
    FROM studentexemption
  WHERE StudentID = `@StudentID`;
END
$$

--
-- Create procedure `Proc_StudentExemption_DeleteByID`
--
CREATE DEFINER = 'root'@'localhost'
PROCEDURE Proc_StudentExemption_DeleteByID (IN `@StudentExemptionID` char(36))
COMMENT '-- Author:        KhaiND
  -- Created date:  23/12/2022
  -- Description:   Xóa bản ghi thông tin đầy đủ miễn giảm áp dụng cho các học sinh thông qua ID bản ghi
  -- Modified by:
  -- Code chạy thử: CALL `misa.fw0922.gd.qlth.khoanthu`.Proc_StudentExemption_DeleteByID();'
BEGIN
  DELETE
    FROM studentexemption
  WHERE StudentExemptionID = `@StudentExemptionID`;
END
$$

--
-- Create procedure `Proc_Student_GetSearch`
--
CREATE DEFINER = 'root'@'localhost'
PROCEDURE Proc_Student_GetSearch (IN `@keyword` varchar(100))
COMMENT '-- Author:        KhaiND
  -- Created date:  20/12/2022
  -- Description:   Tìm kiếm học sinh thông qua từ khóa chứa trong Họ và tên
  -- Modified by:
  -- Code chạy thử: CALL `misa.fw0922.gd.qlth.khoanthu`.Proc_Student_GetSearch(`an`);'
BEGIN
  IF IFNULL(`@keyword`, '') = '' THEN
    SET `@keyword` = '';
  END IF;

  SET @searchQuery = CONCAT('SELECT s.StudentID, s.StudentName, s.StudentDateOfBirth, b.BranchName FROM student s LEFT JOIN branch b ON s.BranchID = b.BranchID WHERE s.StudentName LIKE \'%', `@keyword`, '%\' ORDER BY b.BranchName, s.StudentName, s.StudentDateOfBirth');

  PREPARE searchQuery FROM @searchQuery;
  EXECUTE searchQuery;
  DEALLOCATE PREPARE searchQuery;
END
$$

--
-- Create procedure `Proc_StudentExemption_GetPagingByStudent`
--
CREATE DEFINER = 'root'@'localhost'
PROCEDURE Proc_StudentExemption_GetPagingByStudent (IN `@offset` int, -- Số thứ tự bản ghi bắt đầu của trang tương ứng (tính từ 0)
IN `@limit` int -- Số bản ghi trên một trang
)
COMMENT '-- Author:        KhaiND
  -- Created date:  21/12/2022
  -- Description:   Lấy danh sách thông tin miễn giảm các học sinh và phân trang sắp xếp theo học sinh (lớp)
  -- Modified by:
  -- Code chạy thử: CALL `misa.fw0922.gd.qlth.khoanthu`.Proc_StudentExemption_GetPagingByStudent(0, 20);'
BEGIN

  IF (IFNULL(`@offset`, '') = '')
    OR `@offset` < 0 THEN
    SET `@offset` = 0;
  END IF;

  IF `@limit` < 1 THEN
    SET @query = CONCAT('SELECT se.StudentExemptionID, s.StudentName, s.StudentDateOfBirth, b.BranchName, se.StudentExemptionLevel, se.StudentExemptionLevelIsUnitByPercent, f.FeeName, se.StudentExemptionTime, e.ExemptionName FROM studentexemption se LEFT JOIN student s ON se.StudentID = s.StudentID LEFT JOIN exemption e ON se.ExemptionID = e.ExemptionID LEFT JOIN fee f ON se.FeeID = f.FeeID LEFT JOIN branch b ON s.BranchID = b.BranchID ORDER BY b.BranchName, s.StudentName, s.StudentDateOfBirth, f.FeeName, e.ExemptionName, se.StudentExemptionTime');
  ELSE
    SET @query = CONCAT('SELECT se.StudentExemptionID, s.StudentName, s.StudentDateOfBirth, b.BranchName, se.StudentExemptionLevel, se.StudentExemptionLevelIsUnitByPercent, f.FeeName, se.StudentExemptionTime, e.ExemptionName FROM studentexemption se LEFT JOIN student s ON se.StudentID = s.StudentID LEFT JOIN exemption e ON se.ExemptionID = e.ExemptionID LEFT JOIN fee f ON se.FeeID = f.FeeID LEFT JOIN branch b ON s.BranchID = b.BranchID ORDER BY b.BranchName, s.StudentName, s.StudentDateOfBirth, f.FeeName, e.ExemptionName, se.StudentExemptionTime LIMIT ', `@limit`, ' OFFSET ', `@offset`);
  END IF;

  PREPARE query FROM @query;
  EXECUTE query;
  DEALLOCATE PREPARE query;

  SET @countQuery = CONCAT('SELECT COUNT(*) AS \'TotalRecord\' FROM studentexemption se LEFT JOIN student s ON se.StudentID = s.StudentID LEFT JOIN exemption e ON se.ExemptionID = e.ExemptionID LEFT JOIN fee f ON se.FeeID = f.FeeID LEFT JOIN branch b ON s.BranchID = b.BranchID');

  PREPARE countQuery FROM @countQuery;
  EXECUTE countQuery;
  DEALLOCATE PREPARE countQuery;

END
$$

--
-- Create procedure `Proc_StudentExemption_GetPagingByFee`
--
CREATE DEFINER = 'root'@'localhost'
PROCEDURE Proc_StudentExemption_GetPagingByFee (IN `@offset` int, -- Số thứ tự bản ghi bắt đầu của trang tương ứng (tính từ 0)
IN `@limit` int -- Số bản ghi trên một trang
)
COMMENT '-- Author:        KhaiND
  -- Created date:  21/12/2022
  -- Description:   Lấy danh sách thông tin miễn giảm các học sinh và phân trang sắp xếp theo khoản thu
  -- Modified by:
  -- Code chạy thử: CALL `misa.fw0922.gd.qlth.khoanthu`.Proc_StudentExemption_GetPagingByFee(0, 20);'
BEGIN

  IF (IFNULL(`@offset`, '') = '')
    OR `@offset` < 0 THEN
    SET `@offset` = 0;
  END IF;

  IF `@limit` < 1 THEN
    SET @query = CONCAT('SELECT se.StudentExemptionID, f.FeeName, s.StudentName, s.StudentDateOfBirth, b.BranchName, se.StudentExemptionLevel, se.StudentExemptionLevelIsUnitByPercent, se.StudentExemptionTime, e.ExemptionName FROM studentexemption se LEFT JOIN student s ON se.StudentID = s.StudentID LEFT JOIN exemption e ON se.ExemptionID = e.ExemptionID LEFT JOIN fee f ON se.FeeID = f.FeeID LEFT JOIN branch b ON s.BranchID = b.BranchID ORDER BY f.FeeName, b.BranchName, s.StudentName, s.StudentDateOfBirth, e.ExemptionName, se.StudentExemptionTime');
  ELSE
    SET @query = CONCAT('SELECT se.StudentExemptionID, f.FeeName, s.StudentName, s.StudentDateOfBirth, b.BranchName, se.StudentExemptionLevel, se.StudentExemptionLevelIsUnitByPercent, se.StudentExemptionTime, e.ExemptionName FROM studentexemption se LEFT JOIN student s ON se.StudentID = s.StudentID LEFT JOIN exemption e ON se.ExemptionID = e.ExemptionID LEFT JOIN fee f ON se.FeeID = f.FeeID LEFT JOIN branch b ON s.BranchID = b.BranchID ORDER BY f.FeeName, b.BranchName, s.StudentName, s.StudentDateOfBirth, e.ExemptionName, se.StudentExemptionTime LIMIT ', `@limit`, ' OFFSET ', `@offset`);
  END IF;

  PREPARE query FROM @query;
  EXECUTE query;
  DEALLOCATE PREPARE query;

  SET @countQuery = CONCAT('SELECT COUNT(*) AS \'TotalRecord\' FROM studentexemption se LEFT JOIN student s ON se.StudentID = s.StudentID LEFT JOIN exemption e ON se.ExemptionID = e.ExemptionID LEFT JOIN fee f ON se.FeeID = f.FeeID LEFT JOIN branch b ON s.BranchID = b.BranchID');

  PREPARE countQuery FROM @countQuery;
  EXECUTE countQuery;
  DEALLOCATE PREPARE countQuery;

END
$$

--
-- Create procedure `Proc_StudentExemption_DeleteManyByIDs`
--
CREATE DEFINER = 'root'@'localhost'
PROCEDURE Proc_StudentExemption_DeleteManyByIDs (IN `@ListSEIDString` varchar(1024))
COMMENT '-- Author:        KhaiND
  -- Created date:  23/12/2022
  -- Description:   Xóa nhiều bản ghi thông tin miễn giảm áp dụng cho các học sinh thông qua danh sách ID các bản ghi
  -- Modified by:
  -- Code chạy thử: CALL `misa.fw0922.gd.qlth.khoanthu`.Proc_StudentExemption_DeleteManyByIDs();'
BEGIN
  SET @deleteQuery = CONCAT('DELETE FROM StudentExemption WHERE StudentExemptionID IN ', `@ListSEIDString`);
  PREPARE deleteQuery FROM @deleteQuery;
  EXECUTE deleteQuery;
  DEALLOCATE PREPARE deleteQuery;
END
$$

--
-- Create procedure `Proc_Fee_GetSearch`
--
CREATE DEFINER = 'root'@'localhost'
PROCEDURE Proc_Fee_GetSearch (IN `@keyword` varchar(255))
COMMENT '-- Author:        KhaiND
  -- Created date:  20/12/2022
  -- Description:   Tìm kiếm thông tin khoản thu
  -- Modified by:
  -- Code chạy thử: CALL `misa.fw0922.gd.qlth.khoanthu`.Proc_Fee_GetSearch(`học`);'
BEGIN
  IF IFNULL(`@keyword`, '') = '' THEN
    SET `@keyword` = '';
  END IF;

  SET @searchQuery = CONCAT('SELECT FeeID, FeeName FROM fee WHERE FeeName LIKE \'%', `@keyword`, '%\' ORDER BY FeeName');

  PREPARE searchQuery FROM @searchQuery;
  EXECUTE searchQuery;
  DEALLOCATE PREPARE searchQuery;
END
$$

--
-- Create procedure `Proc_Exemption_GetSearch`
--
CREATE DEFINER = 'root'@'localhost'
PROCEDURE Proc_Exemption_GetSearch (IN `@keyword` varchar(255))
COMMENT '-- Author:        KhaiND
  -- Created date:  20/12/2022
  -- Description:   Tìm kiếm thông tin diện miễn giảm
  -- Modified by:
  -- Code chạy thử: CALL `misa.fw0922.gd.qlth.khoanthu`.Proc_Exemption_GetSearch(`on`);'
BEGIN
  IF IFNULL(`@keyword`, '') = '' THEN
    SET `@keyword` = '';
  END IF;

  SET @searchQuery = CONCAT('SELECT ExemptionID, ExemptionName, ExemptionDescription, ExemptionFixLevel, ExemptionFixLevelIsUnitByPercent  FROM exemption WHERE ExemptionName LIKE \'%', `@keyword`, '%\' ORDER BY ExemptionName');

  PREPARE searchQuery FROM @searchQuery;
  EXECUTE searchQuery;
  DEALLOCATE PREPARE searchQuery;
END
$$

DELIMITER ;

-- 
-- Dumping data for table branch
--
INSERT INTO branch VALUES
(1, '1/1', '2022-12-21 17:07:42', 'KhaiND', '2022-12-21 17:07:42', 'KhaiND'),
(2, '1/2', '2022-12-21 17:07:42', 'KhaiND', '2022-12-21 17:07:42', 'KhaiND'),
(3, '1/3', '2022-12-21 17:07:42', 'KhaiND', '2022-12-21 17:07:42', 'KhaiND'),
(4, '1A', '2022-12-21 17:07:42', 'KhaiND', '2022-12-21 17:07:42', 'KhaiND'),
(5, '2/1', '2022-12-21 17:07:42', 'KhaiND', '2022-12-21 17:07:42', 'KhaiND'),
(6, '2/2', '2022-12-21 17:09:11', 'KhaiND', '2022-12-21 17:09:11', 'KhaiND'),
(7, '2A1', '2022-12-21 17:09:11', 'KhaiND', '2022-12-21 17:09:11', 'KhaiND'),
(8, '2C', '2022-12-21 17:09:11', 'KhaiND', '2022-12-21 17:09:11', 'KhaiND'),
(9, '3/1', '2022-12-21 17:09:11', 'KhaiND', '2022-12-21 17:09:11', 'KhaiND'),
(10, '3/2', '2022-12-21 17:09:11', 'KhaiND', '2022-12-21 17:09:11', 'KhaiND'),
(11, '3/3', '2022-12-21 17:10:27', 'KhaiND', '2022-12-21 17:10:27', 'KhaiND'),
(12, '3B', '2022-12-21 17:10:27', 'KhaiND', '2022-12-21 17:10:27', 'KhaiND'),
(13, '4/1', '2022-12-21 17:10:27', 'KhaiND', '2022-12-21 17:10:27', 'KhaiND'),
(14, '4/2', '2022-12-21 17:10:27', 'KhaiND', '2022-12-21 17:10:27', 'KhaiND'),
(15, '4A3', '2022-12-21 17:10:27', 'KhaiND', '2022-12-21 17:10:27', 'KhaiND'),
(16, '4/4', '2022-12-21 17:12:00', 'KhaiND', '2022-12-21 17:12:00', 'KhaiND'),
(17, '5A1', '2022-12-21 17:12:00', 'KhaiND', '2022-12-21 17:12:00', 'KhaiND'),
(18, '5B2', '2022-12-21 17:12:00', 'KhaiND', '2022-12-21 17:12:00', 'KhaiND'),
(19, '5/1', '2022-12-21 17:12:00', 'KhaiND', '2022-12-21 17:12:00', 'KhaiND'),
(20, '5/3', '2022-12-21 17:12:00', 'KhaiND', '2022-12-21 17:12:00', 'KhaiND');

-- 
-- Dumping data for table student
--
INSERT INTO student VALUES
('1113bff9-7186-5b43-68be-406293204378', 'HS0696', 'Kha Hồng Hiền', '2010-02-04', 12, '2022-12-01 17:34:20', 'KhaiND', '2022-11-01 00:00:08', 'KhaiND'),
('118a2f72-155f-22a8-a10b-87ae14180c33', 'HS0208', 'Trần Hồng Tiên', NULL, 3, NULL, NULL, '2022-12-06 15:10:55', 'KhaiND'),
('12437806-26ac-3517-9c0b-87ae14180c33', 'HS0516', 'Nguyễn Huỳnh Anh Khai', '2015-10-12', 13, '2022-10-03 17:20:34', 'KhaiND', '2022-11-25 11:11:08', 'KhaiND'),
('1243e484-71c4-79ac-2bcf-9712082ff6cb', 'HS0995', 'Đinh Duy Nghĩa', NULL, 13, '2022-10-01 00:00:10', 'KhaiND', '2022-12-01 04:28:48', 'KhaiND'),
('12596832-6652-2047-9ec0-08fd2f807219', 'HS0224', 'Phùng Tiến Tú', '2006-09-19', 13, '2022-11-17 07:19:03', 'KhaiND', '2022-11-20 09:40:59', 'KhaiND'),
('12ed36a1-1f48-34d5-97d5-ba100c6f7bce', 'HS0254', 'Nguyễn Tiến Khai', NULL, 6, NULL, NULL, '2022-11-15 20:09:15', 'KhaiND'),
('13486c96-60ab-3b41-5229-a2925c0f334d', 'HS0030', 'Kha Thu Anh', '2011-02-22', 6, '2022-11-17 07:57:23', 'KhaiND', NULL, NULL),
('135412a8-63c7-3426-1fcf-9712082ff6cb', 'HS0471', 'Nguyễn Thế Đăng', NULL, 6, NULL, NULL, '2022-11-09 03:37:38', 'KhaiND'),
('13548f3b-37b7-728f-ff83-196123975cb2', 'HS0936', 'Lê Huỳnh Anh Minh', '2014-06-19', 7, '2022-11-09 06:00:11', 'KhaiND', NULL, NULL),
('14146ceb-2f77-385d-90d5-ba100c6f7bce', 'HS0979', 'Trịnh Minh Quang', '2008-08-21', 6, '2022-11-23 09:48:04', 'KhaiND', '2022-11-14 06:51:34', 'KhaiND'),
('143ed23d-492d-7f1d-1784-196123975cb2', 'HS0956', 'Đinh Thị Mỹ Hiền', '2006-08-29', 16, NULL, NULL, '2022-12-05 13:18:15', 'KhaiND'),
('144edaf9-3dcb-1a64-0484-196123975cb2', 'HS0830', 'Trần Lê Thảo Tâm', '2006-11-20', 4, '2022-10-01 00:01:00', 'KhaiND', '2022-11-21 13:39:13', 'KhaiND'),
('148ed882-32b8-218e-9c20-39c2f00615e8', 'HS0627', 'Võ Khúc Thùy Quỳnh', '2006-03-13', 14, '2022-10-27 01:12:34', 'KhaiND', '2022-12-14 19:31:11', 'KhaiND'),
('149fb958-744f-70c6-7709-bf1378b8dc91', 'HS0217', 'Hoàng Bá Sáng', '2006-01-10', 11, '2022-10-01 00:01:13', 'KhaiND', '2022-11-28 07:48:55', 'KhaiND'),
('14b9e7e2-459c-5148-b30b-87ae14180c33', 'HS0463', 'Trịnh Thiên Đạt', '2006-01-05', 13, '2022-11-29 03:08:59', 'KhaiND', '2022-11-29 18:07:05', 'KhaiND'),
('14d72c8c-7ebd-4a10-9bd5-ba100c6f7bce', 'HS0736', 'Phùng Huỳnh Gia Bảo', '2008-10-23', 14, '2022-11-28 18:04:42', 'KhaiND', '2022-11-01 00:00:02', 'KhaiND'),
('14ee7bc0-194c-3948-57be-406293204378', 'HS0433', 'Lý Thị Lý Ngọc', '2006-01-31', 14, '2022-10-13 08:23:25', 'KhaiND', '2022-11-01 00:10:13', 'KhaiND'),
('159f6ad8-1efb-2a12-9cd5-ba100c6f7bce', 'HS0754', 'Võ Lan Linh', NULL, 3, NULL, NULL, '2022-12-18 08:40:19', 'KhaiND'),
('159f7660-5dcd-73d1-5e29-a2925c0f334d', 'HS0542', 'Kha Văn Quang', '2009-11-19', 10, '2022-10-13 01:48:57', 'KhaiND', '2022-11-01 00:00:07', 'KhaiND'),
('15cb3909-1246-2add-33de-23e177779933', 'HS0795', 'Võ Nguyễn Phương Anh', '2007-12-26', 15, '2022-10-01 00:10:47', 'KhaiND', '2022-12-14 07:55:38', 'KhaiND'),
('15d0d796-1465-4665-fc83-196123975cb2', 'HS0589', 'Trịnh Lan Ngọc', '2006-10-09', 18, '2022-11-06 22:55:12', 'KhaiND', '2022-12-12 00:06:39', 'KhaiND'),
('162d5d1a-66c5-228d-0984-196123975cb2', 'HS0291', 'Phùng Duy Tùng', '2006-04-14', 3, '2022-11-13 23:48:10', 'KhaiND', '2022-12-13 18:36:43', 'KhaiND'),
('1721e531-5a6d-7251-ac0b-87ae14180c33', 'HS0077', 'Lê Tiến Hưng', '2011-08-15', 15, '2022-10-31 02:56:21', 'KhaiND', NULL, NULL),
('172c6b1e-53a7-1d99-6ebe-406293204378', 'HS0164', 'Trần Trung Bảo', NULL, 4, NULL, NULL, '2022-11-01 00:05:28', 'KhaiND'),
('178cec0e-34f9-31b2-76be-406293204378', 'HS0509', 'Đinh Nguyễn Phương Trúc', '2006-08-15', 1, '2022-12-11 01:08:56', 'KhaiND', '2022-12-28 03:42:25', 'KhaiND'),
('1791bb94-7da7-2a8b-8dd5-ba100c6f7bce', 'HS0127', 'Lý Nguyễn Thành Hiệp', '2006-05-31', 9, '2022-12-08 16:13:23', 'KhaiND', '2022-11-04 18:09:04', 'KhaiND'),
('179799db-6b13-2fc2-8e09-bf1378b8dc91', 'HS0092', 'Lý Thị Lý Tâm', '2007-06-15', 5, '2022-10-01 02:02:28', 'KhaiND', '2022-11-01 00:00:42', 'KhaiND'),
('180acfab-7f3d-6000-5a29-a2925c0f334d', 'HS0818', 'Trịnh Thu Hằng', '2014-12-14', 4, '2022-10-01 01:08:55', 'KhaiND', '2022-11-01 00:13:18', 'KhaiND'),
('18285e84-56f2-50ef-5429-a2925c0f334d', 'HS0737', 'Lý Ngọc Trúc Phương', '2007-09-21', 14, '2022-11-06 00:50:58', 'KhaiND', '2022-11-19 05:36:49', 'KhaiND'),
('182ac03d-3bc5-1d27-7309-bf1378b8dc91', 'HS0669', 'Trịnh Huỳnh Anh Sáng', '2012-09-14', 15, '2022-10-01 00:00:05', 'KhaiND', '2022-12-29 06:22:19', 'KhaiND'),
('184d1ec3-7c8a-71f9-99d5-ba100c6f7bce', 'HS0363', 'Đinh Lê Thảo Hà', '2010-05-01', 6, '2022-10-25 07:43:31', 'KhaiND', '2022-12-04 23:13:20', 'KhaiND'),
('1873592d-62c0-6ef7-5329-a2925c0f334d', 'HS0648', 'Lý Lê Lan Duyên', '2006-05-11', 15, '2022-11-03 17:34:40', 'KhaiND', '2022-11-01 00:42:51', 'KhaiND'),
('1883b3da-1690-6d82-8f09-bf1378b8dc91', 'HS0807', 'Kha Thiên Cảnh', '2008-03-12', 8, '2022-12-03 16:02:23', 'KhaiND', '2022-12-20 12:08:31', 'KhaiND'),
('18b097ad-30aa-66c1-7909-bf1378b8dc91', 'HS0916', 'Võ Thu Hiền', '2008-05-11', 3, '2022-12-08 01:00:27', 'KhaiND', '2022-12-20 21:43:39', 'KhaiND'),
('19d3caa4-564a-1b26-4f29-a2925c0f334d', 'HS0295', 'Hoàng Nguyễn Phương Phượng', '2012-09-18', 15, '2022-10-23 15:58:20', 'KhaiND', '2022-12-05 08:16:27', 'KhaiND'),
('1ad40580-299d-19a7-3fde-23e177779933', 'HS0165', 'Lý Tiến Tùng', NULL, 7, '2022-12-08 05:05:52', 'KhaiND', '2022-12-25 18:05:33', 'KhaiND'),
('1b691e79-236d-5b5a-9d20-39c2f00615e8', 'HS0637', 'Trần Tiến Tùng', '2014-08-07', 16, '2022-10-29 09:52:52', 'KhaiND', '2022-11-01 00:01:08', 'KhaiND'),
('1c0ea196-11d9-2384-46de-23e177779933', 'HS0968', 'Lê Thị Mỹ Phượng', '2012-11-22', 17, '2022-11-02 13:58:49', 'KhaiND', '2022-11-30 17:18:34', 'KhaiND'),
('1d3986c3-11ae-3e82-85c0-08fd2f807219', 'HS0166', 'Trịnh Lê Thảo Hà', '2016-10-30', 18, '2022-12-15 16:33:39', 'KhaiND', '2022-11-01 00:00:03', 'KhaiND'),
('1d974e92-2a73-4659-5fbe-406293204378', 'HS0416', 'Hoàng Thị Lý Vân', '2011-07-31', 6, '2022-12-11 03:12:30', 'KhaiND', '2022-11-01 00:03:29', 'KhaiND'),
('1e29c542-713b-1890-b120-39c2f00615e8', 'HS0950', 'Lê Thị Thu Thảo', '2006-01-10', 3, '2022-10-01 00:00:28', 'KhaiND', '2022-12-03 00:11:55', 'KhaiND'),
('1e5a3056-4202-3a07-24cf-9712082ff6cb', 'HS0544', 'Phùng Nguyễn Trần Nghĩa', '2012-05-15', 10, '2022-10-11 19:39:42', 'KhaiND', '2022-11-02 01:51:14', 'KhaiND'),
('1e6ebe17-545a-2bef-45de-23e177779933', 'HS0149', 'Trần Thị Lý Tâm', '2009-09-18', 7, '2022-10-01 00:02:51', 'KhaiND', '2022-11-01 00:07:19', 'KhaiND'),
('1e86ddc6-7529-7c86-a3d5-ba100c6f7bce', 'HS0179', 'Lê Minh Thuận', '2010-12-30', 7, '2022-10-17 22:34:09', 'KhaiND', NULL, NULL),
('1f35a25e-29c0-65c5-64be-406293204378', 'HS0353', 'Võ Thị Thu Anh', '2012-10-13', 11, '2022-10-01 02:00:43', 'KhaiND', '2022-11-01 00:15:17', 'KhaiND'),
('1f94a596-32c4-2a29-8ad5-ba100c6f7bce', 'HS0419', 'Kha Khúc Thùy Thảo', '2015-02-26', 5, '2022-10-26 17:31:21', 'KhaiND', '2022-11-01 00:00:09', 'KhaiND'),
('1fd43063-1155-5f39-1dcf-9712082ff6cb', 'HS0265', 'Võ Nguyễn Trần Bảo', '2006-12-25', 5, '2022-11-26 10:23:38', 'KhaiND', '2022-11-01 00:46:03', 'KhaiND'),
('1fdc2ec4-5633-6f3c-73be-406293204378', 'HS0249', 'Phùng Thiên Tú', '2012-09-03', 3, '2022-12-01 20:28:20', 'KhaiND', '2022-11-28 23:38:20', 'KhaiND'),
('201328e5-6594-725d-8ed5-ba100c6f7bce', 'HS0846', 'Đinh Văn Cảnh', '2016-07-04', 9, '2022-10-01 16:03:28', 'KhaiND', '2022-12-21 14:47:33', 'KhaiND'),
('2049e1ad-705f-4921-1084-196123975cb2', 'HS0396', 'Kha Huỳnh Gia Quân', NULL, 8, NULL, NULL, '2022-12-16 03:53:47', 'KhaiND'),
('204c0070-4a99-51b1-7209-bf1378b8dc91', 'HS0371', 'Trần Gia Thủy', '2014-01-08', 3, '2022-12-04 16:24:05', 'KhaiND', '2022-11-01 01:45:10', 'KhaiND'),
('20578f64-7427-345f-75be-406293204378', 'HS0994', 'Nguyễn Ngọc Huyền', '2016-04-07', 18, '2022-10-09 18:18:16', 'KhaiND', '2022-12-28 13:52:43', 'KhaiND'),
('205ea715-6eaf-2ba3-48de-23e177779933', 'HS0129', 'Lý Minh Cảnh', '2012-04-08', 14, '2022-12-02 01:50:07', 'KhaiND', '2022-11-29 04:06:19', 'KhaiND'),
('2068720a-6284-3ff0-a0d5-ba100c6f7bce', 'HS0110', 'Kha Lê Thảo Phương', '2011-01-15', 14, '2022-12-03 15:07:41', 'KhaiND', NULL, NULL),
('20bbbd0b-3c4a-7d94-6f09-bf1378b8dc91', 'HS0253', 'Phùng Trung Đăng', '2011-03-07', 3, '2022-11-26 04:50:32', 'KhaiND', '2022-11-21 09:30:22', 'KhaiND'),
('219c1db1-5f3d-2c98-72be-406293204378', 'HS0428', 'Phùng Lê Lan Hiền', '2012-06-17', 17, '2022-10-01 00:05:40', 'KhaiND', '2022-11-01 00:00:36', 'KhaiND'),
('2243a6fe-721d-6d6e-b20b-87ae14180c33', 'HS0455', 'Võ Huỳnh Anh Phong', '2006-01-03', 4, '2022-10-25 14:47:57', 'KhaiND', NULL, NULL),
('22b46f5b-19ce-529f-0284-196123975cb2', 'HS0524', 'Trần Bá Tú', '2010-09-26', 9, '2022-11-07 19:39:25', 'KhaiND', '2022-11-01 00:09:20', 'KhaiND'),
('22f29725-54f0-11f0-9d0b-87ae14180c33', 'HS0552', 'Võ Nguyễn Trần Mạnh', '2012-05-03', 10, '2022-11-18 16:21:10', 'KhaiND', '2022-12-13 20:12:23', 'KhaiND'),
('234d2569-6b1c-720c-9f20-39c2f00615e8', 'HS0578', 'Đinh Lan Ngọc', '2012-08-25', 9, '2022-10-01 02:16:16', 'KhaiND', '2022-11-27 00:52:42', 'KhaiND'),
('23f8fac4-7a52-2938-29cf-9712082ff6cb', 'HS0059', 'Trần Huỳnh Gia Sáng', '2008-03-17', 5, '2022-12-09 01:59:13', 'KhaiND', '2022-11-09 08:08:20', 'KhaiND'),
('243df0da-6a05-131c-99c0-08fd2f807219', 'HS0723', 'Hoàng Nguyễn Phương Tiên', '2011-12-12', 9, '2022-11-28 20:24:58', 'KhaiND', '2022-11-01 00:00:28', 'KhaiND'),
('24424793-1be2-6049-8809-bf1378b8dc91', 'HS0286', 'Lý Lê Lan Thảo', '2006-03-16', 1, '2022-11-03 10:10:23', 'KhaiND', '2022-11-05 01:24:48', 'KhaiND'),
('2484d5ca-483f-7f3b-25cf-9712082ff6cb', 'HS0871', 'Võ Bá Tùng', NULL, 17, NULL, NULL, '2022-12-25 11:50:05', 'KhaiND'),
('24a2a2af-7ace-3f2d-0d84-196123975cb2', 'HS0852', 'Trần Duy Tùng', '2008-07-31', 4, '2022-11-26 00:41:46', 'KhaiND', '2022-11-19 06:57:16', 'KhaiND'),
('2520d168-1494-4217-89d5-ba100c6f7bce', 'HS0718', 'Kha Văn Đăng', '2006-01-06', 17, '2022-10-16 21:02:56', 'KhaiND', '2022-11-10 03:13:46', 'KhaiND'),
('2535c718-4dd9-311b-8cd5-ba100c6f7bce', 'HS0712', 'Lý Khúc Thùy Duyên', '2006-09-01', 2, '2022-10-01 00:04:04', 'KhaiND', '2022-11-01 00:09:35', 'KhaiND'),
('25502e11-38ba-4c53-fe83-196123975cb2', 'HS0002', 'Lý Minh Đăng', '2009-05-24', 15, '2022-12-04 14:38:11', 'KhaiND', '2022-11-01 01:57:04', 'KhaiND'),
('25c05a16-5c5b-3c9d-94c0-08fd2f807219', 'HS0282', 'Đinh Nguyễn Thành Bảo', NULL, 5, NULL, NULL, '2022-12-13 22:38:58', 'KhaiND'),
('25c6c36e-1668-7d10-6e09-bf1378b8dc91', 'HS0464', 'Phùng Đức Đạt', NULL, NULL, NULL, NULL, '2022-11-12 18:29:30', 'KhaiND'),
('2656271b-5fe7-7cb6-af0b-87ae14180c33', 'HS0158', 'Võ Nguyễn Thành Hào', '2008-09-13', 14, '2022-10-07 22:03:34', 'KhaiND', NULL, NULL),
('26de5798-48e1-14d3-9f0b-87ae14180c33', 'HS0437', 'Lê Hồng Thủy', '2011-03-14', 4, '2022-10-27 13:18:00', 'KhaiND', '2022-11-01 00:00:41', 'KhaiND'),
('2741524d-3800-658f-6fbe-406293204378', 'HS0200', 'Nguyễn Lan Hiền', '2010-10-02', 16, '2022-10-22 16:15:35', 'KhaiND', '2022-11-01 00:00:20', 'KhaiND'),
('2759d946-7321-7e3a-71be-406293204378', 'HS0989', 'Kha Thu Quỳnh', '2007-02-11', 4, '2022-10-29 22:25:28', 'KhaiND', '2022-11-01 00:00:55', 'KhaiND'),
('27dfb27b-28e5-3ac9-27cf-9712082ff6cb', 'HS0959', 'Võ Bá Hải', '2006-08-31', 2, '2022-10-01 00:04:22', 'KhaiND', '2022-11-28 15:29:28', 'KhaiND'),
('27e65c52-6c08-2ee0-0f84-196123975cb2', 'HS0942', 'Phùng Thị Vân', '2013-12-06', 12, '2022-10-20 01:58:03', 'KhaiND', '2022-11-23 11:24:49', 'KhaiND'),
('28018b36-16ff-393b-a020-39c2f00615e8', 'HS0178', 'Nguyễn Thiên Cảnh', '2011-10-18', 18, '2022-10-18 08:00:45', 'KhaiND', '2022-11-23 22:44:19', 'KhaiND'),
('28955144-6588-500f-0684-196123975cb2', 'HS0603', 'Kha Lan Anh', '2011-11-11', 15, '2022-10-10 22:00:57', 'KhaiND', '2022-12-21 09:14:58', 'KhaiND'),
('28bb5b3f-5c7f-5bca-a820-39c2f00615e8', 'HS0095', 'Trịnh Văn Tùng', '2006-03-01', 6, '2022-11-21 00:59:52', 'KhaiND', '2022-12-07 21:51:47', 'KhaiND'),
('2909a81f-45ba-7e82-3ade-23e177779933', 'HS0088', 'Lê Thế Cảnh', NULL, 5, '2022-12-06 12:27:59', 'KhaiND', '2022-12-09 00:16:17', 'KhaiND'),
('290e436b-5093-6385-a2d5-ba100c6f7bce', 'HS0972', 'Phùng Nguyễn Trần Nghĩa', '2007-09-05', 2, '2022-10-01 00:15:43', 'KhaiND', '2022-11-30 06:48:58', 'KhaiND'),
('2915c579-282a-66d4-94d5-ba100c6f7bce', 'HS0191', 'Trần Khúc Thùy Hằng', '2014-08-30', 2, '2022-11-08 11:40:23', 'KhaiND', '2022-12-20 11:28:13', 'KhaiND'),
('2917e651-61f8-7f1a-a20b-87ae14180c33', 'HS0756', 'Lý Duy Đạt', NULL, 1, NULL, NULL, '2022-12-28 18:03:11', 'KhaiND'),
('29d9991f-145f-3468-89c0-08fd2f807219', 'HS0425', 'Lê Nguyễn Phương Hiền', '2013-06-15', 6, '2022-10-01 00:00:02', 'KhaiND', '2022-12-14 22:51:47', 'KhaiND'),
('2af0c7d2-1130-5adf-0a84-196123975cb2', 'HS0072', 'Kha Huỳnh Anh Hào', '2006-01-28', 12, '2022-10-08 00:14:16', 'KhaiND', '2022-12-13 23:04:42', 'KhaiND'),
('2c6981c9-286a-4e7b-88c0-08fd2f807219', 'HS0822', 'Trần Bá Nghĩa', '2009-06-20', 13, '2022-11-04 07:01:44', 'KhaiND', '2022-11-29 22:08:49', 'KhaiND'),
('2cc5723c-56c3-7df9-8bd5-ba100c6f7bce', 'HS0469', 'Lý Lê Lan Hiền', '2006-02-14', 6, '2022-10-12 20:14:26', 'KhaiND', '2022-12-02 23:42:15', 'KhaiND'),
('2cf03d7e-662a-2fb4-5529-a2925c0f334d', 'HS0719', 'Võ Thu Ngọc', NULL, 1, '2022-10-16 04:14:43', 'KhaiND', NULL, NULL),
('2e2ef796-5c4c-6016-5829-a2925c0f334d', 'HS0146', 'Trần Bá Mạnh', '2008-09-09', 14, '2022-10-01 00:00:05', 'KhaiND', NULL, NULL),
('2ea8deee-1b95-2a51-88d5-ba100c6f7bce', 'HS0675', 'Phùng Gia Linh', NULL, 6, '2022-10-01 00:00:31', 'KhaiND', NULL, NULL),
('2ed527c3-5671-6822-3ede-23e177779933', 'HS0863', 'Trần Thị Thu Anh', '2014-08-09', 17, '2022-11-09 08:21:59', 'KhaiND', '2022-11-01 00:15:50', 'KhaiND'),
('2f0df649-5c56-5086-a7d5-ba100c6f7bce', 'HS0758', 'Lý Bá Nghĩa', '2006-02-23', 1, '2022-12-09 20:50:41', 'KhaiND', '2022-12-21 23:37:41', 'KhaiND'),
('2f1bb24d-2508-4fdf-b920-39c2f00615e8', 'HS0611', 'Lê Khúc Thùy Quỳnh', '2014-01-16', 5, '2022-10-01 01:10:14', 'KhaiND', '2022-11-06 00:20:59', 'KhaiND'),
('2f68dde4-4b39-40e9-6029-a2925c0f334d', 'HS0977', 'Hoàng Thị Mỹ Huyền', '2010-02-26', 17, '2022-11-28 07:44:14', 'KhaiND', '2022-12-31 03:26:37', 'KhaiND'),
('2fc71502-5db4-5a0f-41de-23e177779933', 'HS0209', 'Kha Văn Quân', '2006-03-26', 1, '2022-10-31 15:18:34', 'KhaiND', '2022-11-24 04:08:33', 'KhaiND'),
('305174e6-1900-371f-a920-39c2f00615e8', 'HS0899', 'Lý Thế Đạt', '2011-02-02', 8, '2022-11-24 15:35:03', 'KhaiND', '2022-12-29 06:52:41', 'KhaiND'),
('309122bc-1a1b-5fdb-66be-406293204378', 'HS0946', 'Trần Minh Khai', '2013-10-30', 15, '2022-10-01 15:18:20', 'KhaiND', NULL, NULL),
('30addaca-403b-28fe-8909-bf1378b8dc91', 'HS0113', 'Trịnh Hồng Thảo', '2015-11-01', 9, '2022-12-13 06:13:04', 'KhaiND', '2022-12-10 22:25:54', 'KhaiND'),
('3112d5f4-1190-69d8-8dc0-08fd2f807219', 'HS0593', 'Phùng Thị Lý Vân', NULL, 1, NULL, NULL, NULL, NULL),
('316b27a6-183b-7c00-a1d5-ba100c6f7bce', 'HS0798', 'Trịnh Minh Tùng', '2009-03-17', 8, '2022-10-01 00:00:03', 'KhaiND', '2022-11-01 00:00:08', 'KhaiND'),
('3185902b-262d-1cc9-a6d5-ba100c6f7bce', 'HS0171', 'Đinh Nguyễn Thành Tú', '2006-03-08', 15, '2022-12-09 22:35:38', 'KhaiND', '2022-11-08 05:51:05', 'KhaiND'),
('3188dea0-2d09-1685-98c0-08fd2f807219', 'HS0550', 'Võ Nguyễn Thành Đạt', '2006-10-11', 11, '2022-10-01 00:00:09', 'KhaiND', '2022-11-01 00:00:03', 'KhaiND'),
('31b29d81-6119-1cab-b80b-87ae14180c33', 'HS0359', 'Kha Thị Lý Thủy', NULL, 15, '2022-12-03 02:39:02', 'KhaiND', '2022-11-15 03:55:04', 'KhaiND'),
('31b60dda-4864-79cd-9bc0-08fd2f807219', 'HS0432', 'Lý Nguyễn Trần Hưng', '2009-12-02', 13, '2022-10-01 00:10:13', 'KhaiND', '2022-12-23 20:57:36', 'KhaiND'),
('321c07ee-5c22-7257-a4d5-ba100c6f7bce', 'HS0844', 'Trịnh Thiên Quang', '2010-10-04', 15, '2022-10-01 00:00:10', 'KhaiND', '2022-11-21 12:43:12', 'KhaiND'),
('339a1998-16b6-36b5-b320-39c2f00615e8', 'HS0014', 'Nguyễn Thị Lý Huyền', '2007-04-25', 2, '2022-12-10 17:41:41', 'KhaiND', '2022-11-01 00:00:03', 'KhaiND'),
('34811f36-3996-69fc-39de-23e177779933', 'HS0034', 'Đinh Phương Tiên', '2014-09-14', 1, '2022-10-01 23:41:33', 'KhaiND', '2022-11-01 00:00:04', 'KhaiND'),
('354f1b13-17bf-1b52-87d5-ba100c6f7bce', 'HS0273', 'Lê Văn Thuận', '2010-12-28', 17, '2022-11-05 15:37:35', 'KhaiND', NULL, NULL),
('357d7c4e-4b7f-11c2-84c0-08fd2f807219', 'HS0109', 'Lý Huỳnh Gia Đạt', '2007-11-15', 16, '2022-11-27 20:24:03', 'KhaiND', NULL, NULL),
('35a9fa15-1e85-7c01-0384-196123975cb2', 'HS0367', 'Đinh Minh Minh', '2013-07-27', 6, '2022-10-01 00:09:01', 'KhaiND', '2022-11-14 15:43:31', 'KhaiND'),
('360c3e0f-5235-1165-93c0-08fd2f807219', 'HS0642', 'Đinh Văn Đăng', '2015-02-14', 11, '2022-10-18 01:14:48', 'KhaiND', '2022-11-01 00:01:33', 'KhaiND'),
('36104b10-705b-57a8-83c0-08fd2f807219', 'HS0805', 'Lý Duy Hiệp', '2008-07-03', 6, '2022-10-01 00:15:15', 'KhaiND', '2022-12-03 03:38:09', 'KhaiND'),
('36134ff2-25de-148e-3bde-23e177779933', 'HS0138', 'Nguyễn Thế Hưng', '2007-12-11', 18, '2022-11-30 15:39:58', 'KhaiND', '2022-11-30 03:12:45', 'KhaiND'),
('361ca472-1312-3c9f-a60b-87ae14180c33', 'HS0322', 'Lý Phương Tiên', '2014-07-18', 17, '2022-10-23 18:54:19', 'KhaiND', '2022-11-01 00:02:04', 'KhaiND'),
('3663e7b2-4bb1-7a67-b020-39c2f00615e8', 'HS0306', 'Trần Thị Lý Thủy', '2007-04-10', 9, '2022-11-23 08:20:42', 'KhaiND', '2022-11-01 00:00:04', 'KhaiND'),
('36bb86a9-15b9-193c-2fcf-9712082ff6cb', 'HS0097', 'Võ Khúc Thùy Thủy', '2013-04-13', 7, '2022-11-03 17:14:02', 'KhaiND', '2022-11-09 19:51:45', 'KhaiND'),
('3700cc49-55b5-69ea-4929-a2925c0f334d', 'HS0027', 'Lý Thị Mỹ Hương', '2014-06-24', 10, '2022-11-24 23:13:01', 'KhaiND', '2022-11-01 01:08:43', 'KhaiND'),
('374bb943-1e92-11bb-0884-196123975cb2', 'HS0292', 'Trần Nguyễn Thành Sáng', '2013-10-18', 11, '2022-10-01 00:00:28', 'KhaiND', '2022-11-27 14:58:02', 'KhaiND'),
('375751dc-3212-3022-b820-39c2f00615e8', 'HS0810', 'Trịnh Thị Mỹ Linh', '2011-03-06', 9, '2022-12-02 06:28:35', 'KhaiND', '2022-11-01 00:02:19', 'KhaiND'),
('37629709-4d97-7a77-8c09-bf1378b8dc91', 'HS0070', 'Trịnh Văn Hưng', '2008-12-29', 11, '2022-11-30 19:09:37', 'KhaiND', '2022-12-25 12:38:52', 'KhaiND'),
('37dd9bb0-4c53-4134-31de-23e177779933', 'HS0915', 'Đinh Hồng Vân', '2007-07-21', 15, '2022-10-01 00:09:27', 'KhaiND', '2022-12-18 00:40:58', 'KhaiND'),
('37e9946c-3ba4-74cd-a9d5-ba100c6f7bce', 'HS0448', 'Võ Thị Mỹ Hằng', NULL, 16, '2022-12-07 20:02:25', 'KhaiND', '2022-11-01 00:01:36', 'KhaiND'),
('380d085a-26ba-5897-bd20-39c2f00615e8', 'HS0199', 'Võ Khúc Thùy Vân', '2010-11-26', 6, '2022-11-13 07:06:33', 'KhaiND', '2022-12-04 17:40:20', 'KhaiND'),
('38528581-656f-2902-32de-23e177779933', 'HS0457', 'Đinh Duy Tùng', NULL, 9, NULL, NULL, '2022-11-07 16:41:37', 'KhaiND'),
('38fae0a4-2a8d-7751-17cf-9712082ff6cb', 'HS0841', 'Võ Thị Lý Hiền', '2013-03-20', 4, '2022-10-01 00:00:58', 'KhaiND', '2022-11-01 00:36:44', 'KhaiND'),
('3939a9cd-6c3f-78bf-9ad5-ba100c6f7bce', 'HS0793', 'Lý Minh Nghĩa', '2008-11-18', 16, '2022-12-14 13:35:11', 'KhaiND', '2022-11-01 00:00:59', 'KhaiND'),
('3962e88d-4132-52d1-0c84-196123975cb2', 'HS0910', 'Lý Thị Hiền', '2006-05-28', 13, '2022-10-01 00:00:03', 'KhaiND', '2022-11-01 00:00:49', 'KhaiND'),
('3b25301f-47b7-6c5c-a8d5-ba100c6f7bce', 'HS0555', 'Đinh Đức Minh', '2015-08-19', 5, '2022-10-01 02:17:28', 'KhaiND', '2022-11-01 00:01:39', 'KhaiND'),
('3b63fdfb-1c64-6574-ad0b-87ae14180c33', 'HS0316', 'Đinh Nguyễn Trần Cảnh', '2006-01-02', 8, '2022-10-01 00:00:01', 'KhaiND', '2022-11-08 07:16:29', 'KhaiND'),
('3b7145dd-5e9b-7d95-ab20-39c2f00615e8', 'HS0782', 'Trịnh Thị Thu Phượng', '2007-03-08', 10, '2022-10-01 00:00:42', 'KhaiND', '2022-11-24 03:08:14', 'KhaiND'),
('3b86d2ed-446c-5fce-56be-406293204378', 'HS0028', 'Lý Ngọc Trúc Phượng', '2010-03-12', 5, '2022-11-28 01:54:56', 'KhaiND', '2022-11-29 11:28:22', 'KhaiND'),
('3bad7541-7915-6d1b-34de-23e177779933', 'HS0241', 'Hoàng Lan Vân', '2007-11-11', 14, '2022-11-27 14:26:28', 'KhaiND', NULL, NULL),
('3be24f1a-760f-693b-0584-196123975cb2', 'HS0902', 'Lý Thu Tâm', '2013-12-24', 12, '2022-12-11 16:24:59', 'KhaiND', '2022-12-02 11:42:36', 'KhaiND'),
('3c213f7c-5d43-58ec-60be-406293204378', 'HS0713', 'Phùng Thị Thu Vân', '2006-08-14', 16, '2022-10-15 04:23:34', 'KhaiND', '2022-11-17 06:06:54', 'KhaiND'),
('3cc1d7cb-2fe5-1e32-6abe-406293204378', 'HS0952', 'Đinh Lê Thảo Quỳnh', '2006-01-26', 9, '2022-10-01 00:00:10', 'KhaiND', NULL, NULL),
('3deb9637-21c9-2f33-a50b-87ae14180c33', 'HS0612', 'Kha Khúc Thùy Hà', '2010-10-22', 6, '2022-11-01 11:09:34', 'KhaiND', '2022-11-12 12:32:55', 'KhaiND'),
('3eb6659b-2fad-2e67-98d5-ba100c6f7bce', 'HS0850', 'Phùng Khúc Thùy Linh', '2012-11-29', 13, '2022-10-01 00:08:17', 'KhaiND', '2022-11-03 16:51:33', 'KhaiND'),
('3fa07d4c-7e5b-3480-2acf-9712082ff6cb', 'HS0738', 'Hoàng Minh Thuận', '2013-02-27', 16, '2022-10-01 00:00:08', 'KhaiND', '2022-11-18 17:56:46', 'KhaiND'),
('3fece5a6-2d22-12bb-0b84-196123975cb2', 'HS0132', 'Trần Lê Lan Hằng', NULL, 13, '2022-10-01 00:01:06', 'KhaiND', NULL, NULL),
('401b5351-3852-60b4-74be-406293204378', 'HS0857', 'Nguyễn Khúc Thùy Huyền', '2007-01-02', 6, '2022-10-01 00:00:10', 'KhaiND', '2022-12-21 03:53:51', 'KhaiND'),
('4030e5af-694c-380f-36de-23e177779933', 'HS0693', 'Trần Nguyễn Phương Hằng', NULL, 13, NULL, NULL, '2022-11-01 00:07:33', 'KhaiND'),
('403f8763-44b1-517d-7609-bf1378b8dc91', 'HS0838', 'Phùng Thu Tâm', '2015-09-16', 12, '2022-11-07 03:11:37', 'KhaiND', '2022-11-21 03:44:00', 'KhaiND'),
('40480f96-2014-7c36-4c29-a2925c0f334d', 'HS0031', 'Hoàng Lê Thảo Hương', '2014-07-03', 10, '2022-11-05 10:37:18', 'KhaiND', '2022-11-01 00:01:38', 'KhaiND'),
('40dcb887-554e-6059-a120-39c2f00615e8', 'HS0473', 'Trịnh Huỳnh Gia Hải', '2008-03-12', 7, '2022-10-24 06:25:02', 'KhaiND', '2022-12-09 08:36:54', 'KhaiND'),
('40f7a6ac-21d8-7147-19cf-9712082ff6cb', 'HS0645', 'Lý Thị Lý Anh', NULL, 7, NULL, NULL, '2022-11-11 21:13:06', 'KhaiND'),
('414b2059-4e24-5f69-b70b-87ae14180c33', 'HS0569', 'Hoàng Thị Thu Thảo', NULL, 9, '2022-11-23 22:41:11', 'KhaiND', '2022-11-01 02:10:10', 'KhaiND'),
('41c2dce0-2c38-3bc6-16cf-9712082ff6cb', 'HS0966', 'Đinh Hồng Hà', '2009-01-12', 13, '2022-11-03 12:00:02', 'KhaiND', '2022-11-16 09:08:13', 'KhaiND'),
('41d44cf5-470b-2acd-77be-406293204378', 'HS0005', 'Hoàng Thu Hương', '2006-06-24', 4, '2022-11-02 22:22:46', 'KhaiND', '2022-11-30 05:37:00', 'KhaiND'),
('42a2de43-33e3-3d3e-1ccf-9712082ff6cb', 'HS0676', 'Nguyễn Thị Lý Vân', '2012-04-16', 17, '2022-10-15 22:21:00', 'KhaiND', '2022-11-01 00:03:08', 'KhaiND'),
('430250f1-181c-132c-a40b-87ae14180c33', 'HS0616', 'Võ Nguyễn Phương Duyên', '2009-08-07', 14, '2022-10-26 22:20:15', 'KhaiND', '2022-11-09 11:48:19', 'KhaiND'),
('432dd01c-18c3-4ea1-37de-23e177779933', 'HS0568', 'Trần Thị Mỹ Tiên', '2006-03-14', 10, '2022-10-01 00:00:07', 'KhaiND', '2022-12-07 20:40:47', 'KhaiND'),
('444d19ea-7ee5-6f65-1384-196123975cb2', 'HS0860', 'Lý Hồng Thủy', NULL, 11, NULL, NULL, '2022-11-01 00:07:34', 'KhaiND'),
('447998e2-7c1e-47e7-b220-39c2f00615e8', 'HS0339', 'Nguyễn Thế Hải', '2008-01-01', 6, '2022-11-08 21:00:45', 'KhaiND', '2022-11-08 00:17:45', 'KhaiND'),
('459ff381-42a8-44b4-47de-23e177779933', 'HS0160', 'Nguyễn Thị Thu Vân', NULL, 18, NULL, NULL, '2022-11-30 00:29:40', 'KhaiND'),
('45ca8a53-1621-1c68-1acf-9712082ff6cb', 'HS0068', 'Nguyễn Ngọc Hà', '2014-06-13', 17, '2022-12-13 05:13:47', 'KhaiND', NULL, NULL),
('46241dbe-5442-7b9f-8ec0-08fd2f807219', 'HS0602', 'Đinh Nguyễn Phương Ngọc', '2014-01-18', 18, '2022-10-01 00:00:09', 'KhaiND', '2022-11-01 00:02:49', 'KhaiND'),
('4681a652-352e-4cb6-8509-bf1378b8dc91', 'HS0604', 'Trịnh Duy Tú', NULL, 12, NULL, NULL, NULL, NULL),
('46b2f54f-4e6b-7159-0784-196123975cb2', 'HS0488', 'Đinh Văn Tú', '2007-09-25', 10, '2022-12-14 06:00:05', 'KhaiND', '2022-11-28 12:16:39', 'KhaiND'),
('46c16970-135c-16cd-8d09-bf1378b8dc91', 'HS0873', 'Trần Thị Mỹ Hà', '2007-11-08', 16, '2022-12-05 19:46:08', 'KhaiND', '2022-12-24 16:32:01', 'KhaiND'),
('476c85a8-49ae-3be1-b620-39c2f00615e8', 'HS0289', 'Võ Thiên Mạnh', '2006-01-25', 6, '2022-10-01 00:01:15', 'KhaiND', '2022-12-13 04:58:40', 'KhaiND'),
('4836ea55-230d-7e7e-69be-406293204378', 'HS0439', 'Lê Thiên Khai', '2006-01-07', 11, '2022-10-28 03:18:54', 'KhaiND', '2022-11-27 16:51:13', 'KhaiND'),
('486e2879-6003-1472-5729-a2925c0f334d', 'HS0288', 'Đinh Duy Tùng', '2013-09-08', 2, '2022-10-10 21:04:12', 'KhaiND', '2022-11-26 11:29:24', 'KhaiND'),
('486f3705-5928-5b0d-15cf-9712082ff6cb', 'HS0671', 'Hoàng Phương Phượng', '2007-04-01', 6, '2022-10-31 01:14:07', 'KhaiND', '2022-12-04 16:58:38', 'KhaiND'),
('4873f760-36b1-4c42-8bc0-08fd2f807219', 'HS0904', 'Trần Thu Thảo', '2006-08-01', 5, '2022-11-19 12:18:05', 'KhaiND', '2022-11-01 02:30:45', 'KhaiND'),
('4931f441-237d-4e19-9e0b-87ae14180c33', 'HS0250', 'Đinh Thị Phương', '2010-09-11', 2, '2022-10-01 00:10:23', 'KhaiND', '2022-11-05 00:52:31', 'KhaiND'),
('494e1c26-71cc-292d-a320-39c2f00615e8', 'HS0279', 'Nguyễn Tiến Quang', '2015-04-02', 2, '2022-11-01 07:14:50', 'KhaiND', NULL, NULL),
('4a4a8c90-2e57-215e-58be-406293204378', 'HS0009', 'Võ Nguyễn Trần Đạt', NULL, 17, NULL, NULL, '2022-11-11 01:37:10', 'KhaiND'),
('4a5a5232-6bcf-2f42-62be-406293204378', 'HS0268', 'Lý Minh Bảo', '2009-11-08', 16, '2022-10-01 00:05:59', 'KhaiND', '2022-11-01 02:42:26', 'KhaiND'),
('4ce0877f-48e4-6975-5129-a2925c0f334d', 'HS0512', 'Kha Minh Đạt', '2014-05-21', 18, '2022-10-01 00:27:56', 'KhaiND', '2022-11-01 04:28:26', 'KhaiND'),
('4d140caf-47ec-4de3-9ed5-ba100c6f7bce', 'HS0607', 'Kha Bá Thuận', '2010-05-31', 11, '2022-10-22 18:36:12', 'KhaiND', '2022-11-01 00:00:08', 'KhaiND'),
('4d34ca51-2885-4274-9dd5-ba100c6f7bce', 'HS0494', 'Phùng Thị Mỹ Phượng', '2012-08-06', 18, '2022-10-16 09:40:07', 'KhaiND', '2022-11-08 03:42:43', 'KhaiND'),
('4d759fc8-400f-6e8f-5bbe-406293204378', 'HS0087', 'Võ Đức Cảnh', '2008-10-06', 6, '2022-10-01 00:01:38', 'KhaiND', '2022-12-19 16:50:03', 'KhaiND'),
('4d8c2958-2252-531e-7a09-bf1378b8dc91', 'HS0887', 'Võ Thị Lý Linh', '2010-05-04', 17, '2022-10-06 21:34:10', 'KhaiND', '2022-11-01 00:01:30', 'KhaiND'),
('4da28cbd-6a20-3858-b720-39c2f00615e8', 'HS0450', 'Hoàng Thị Anh', NULL, 16, NULL, NULL, '2022-11-01 00:00:06', 'KhaiND'),
('4e2e6064-6bbe-2699-a30b-87ae14180c33', 'HS0404', 'Trần Nguyễn Trần Hào', '2008-06-13', 6, '2022-10-01 00:16:04', 'KhaiND', '2022-12-15 11:14:03', 'KhaiND'),
('4e4e484a-5b69-1579-be20-39c2f00615e8', 'HS0261', 'Đinh Tiến Nghĩa', '2008-06-27', 8, '2022-11-30 07:57:57', 'KhaiND', '2022-11-01 00:15:41', 'KhaiND'),
('4f2c650a-4729-4794-b420-39c2f00615e8', 'HS0906', 'Trần Thị Mỹ Quỳnh', '2006-10-31', 14, '2022-10-27 16:34:13', 'KhaiND', '2022-12-17 19:59:40', 'KhaiND'),
('4fbf7ac2-4f95-259e-fd83-196123975cb2', 'HS0256', 'Phùng Minh Minh', '2010-04-10', 6, '2022-12-13 00:49:19', 'KhaiND', '2022-11-13 04:05:23', 'KhaiND'),
('504468a1-12c6-6902-7b09-bf1378b8dc91', 'HS0831', 'Võ Nguyễn Thành Hào', NULL, 7, NULL, NULL, '2022-12-30 11:45:42', 'KhaiND'),
('50c0928f-1779-4e8b-a520-39c2f00615e8', 'HS0225', 'Kha Lê Thảo Hằng', '2014-03-23', 1, '2022-10-14 07:25:17', 'KhaiND', '2022-11-01 15:39:06', 'KhaiND'),
('510c3a27-4963-302c-2ccf-9712082ff6cb', 'HS0338', 'Lý Văn Đăng', '2014-09-18', 10, '2022-11-22 18:06:32', 'KhaiND', '2022-11-27 19:51:03', 'KhaiND'),
('515b6077-13cf-64a1-5ebe-406293204378', 'HS0501', 'Trần Đức Phong', '2010-07-11', 2, '2022-10-01 00:00:10', 'KhaiND', '2022-11-10 01:55:54', 'KhaiND'),
('51e78fff-176c-5145-91c0-08fd2f807219', 'HS0759', 'Lý Minh Thuận', NULL, 6, '2022-12-13 15:11:03', 'KhaiND', '2022-12-06 00:18:12', 'KhaiND'),
('52aadc93-3c4a-5df5-ae20-39c2f00615e8', 'HS0141', 'Trịnh Thị Thủy', '2015-03-12', 2, '2022-11-21 23:36:30', 'KhaiND', '2022-11-12 00:28:39', 'KhaiND'),
('5396c779-65d7-304f-70be-406293204378', 'HS0502', 'Phùng Duy Thuận', '2009-10-13', 3, '2022-11-17 05:55:02', 'KhaiND', '2022-12-20 11:23:42', 'KhaiND'),
('53baae5e-52f2-2642-4a29-a2925c0f334d', 'HS0067', 'Hoàng Ngọc Hương', '2010-11-11', 3, '2022-10-18 23:22:56', 'KhaiND', '2022-12-26 03:30:55', 'KhaiND'),
('542a4cc3-3c2a-67fa-5629-a2925c0f334d', 'HS0964', 'Trịnh Thị Mỹ Hằng', NULL, 11, NULL, NULL, '2022-12-12 10:30:44', 'KhaiND'),
('5447dd64-4f7e-4c64-5929-a2925c0f334d', 'HS0091', 'Trần Văn Phong', '2006-01-03', 8, '2022-10-01 00:15:11', 'KhaiND', '2022-11-06 11:47:02', 'KhaiND'),
('544a64d9-1f18-736c-8209-bf1378b8dc91', 'HS0242', 'Trịnh Thị Thu Phương', '2014-08-03', 1, '2022-10-01 00:00:07', 'KhaiND', '2022-11-01 00:13:50', 'KhaiND'),
('556a9bbf-4c5a-6415-1684-196123975cb2', 'HS0499', 'Kha Thị Lý Linh', '2015-08-05', 11, '2022-12-02 05:36:53', 'KhaiND', '2022-11-11 02:06:08', 'KhaiND'),
('5587ec3f-5ef9-7b84-38de-23e177779933', 'HS0243', 'Nguyễn Thị Mỹ Hà', '2007-06-09', 12, '2022-10-01 00:00:29', 'KhaiND', '2022-11-22 15:58:52', 'KhaiND'),
('55ddd94a-7c56-35ae-b520-39c2f00615e8', 'HS0892', 'Lý Gia Tâm', '2007-12-29', 18, '2022-10-31 09:11:55', 'KhaiND', '2022-12-04 13:14:52', 'KhaiND'),
('56304486-1a40-35bd-22cf-9712082ff6cb', 'HS0609', 'Lê Nguyễn Thành Hải', '2006-04-07', 7, '2022-11-09 01:57:08', 'KhaiND', '2022-11-01 00:00:10', 'KhaiND'),
('5685d40c-35dc-51df-1584-196123975cb2', 'HS0281', 'Phùng Nguyễn Thành Đạt', '2015-01-19', 5, '2022-10-01 02:05:57', 'KhaiND', '2022-11-10 12:12:21', 'KhaiND'),
('573da2cd-1579-5327-8cc0-08fd2f807219', 'HS0395', 'Trần Thiên Thuận', '2007-11-09', 9, '2022-12-08 05:12:41', 'KhaiND', '2022-11-01 00:08:22', 'KhaiND'),
('57a3f48f-1c1d-1f04-9e20-39c2f00615e8', 'HS0234', 'Trịnh Duy Tú', '2010-06-11', 17, '2022-10-01 00:00:14', 'KhaiND', '2022-11-08 16:53:54', 'KhaiND'),
('57a949ac-4627-2a53-8fc0-08fd2f807219', 'HS0895', 'Phùng Thị Lý Huyền', '2014-01-17', 10, '2022-10-23 10:00:28', 'KhaiND', NULL, NULL),
('583abfd4-38f6-36cc-0e84-196123975cb2', 'HS0050', 'Kha Nguyễn Phương Anh', '2012-08-29', 8, '2022-11-26 06:08:42', 'KhaiND', '2022-12-03 18:54:13', 'KhaiND'),
('592ad0f7-5391-704d-af20-39c2f00615e8', 'HS0500', 'Kha Nguyễn Phương Phượng', NULL, 14, NULL, NULL, '2022-11-13 17:13:26', 'KhaiND'),
('5934ceac-4295-34ba-7c09-bf1378b8dc91', 'HS0694', 'Trịnh Tiến Sáng', NULL, 12, NULL, NULL, '2022-12-23 22:07:47', 'KhaiND'),
('5944f053-5e53-26ad-6dbe-406293204378', 'HS0883', 'Nguyễn Văn Tú', '2006-01-09', 12, '2022-10-12 13:41:06', 'KhaiND', '2022-11-08 15:21:31', 'KhaiND'),
('5982505e-4827-7305-1ecf-9712082ff6cb', 'HS0331', 'Hoàng Đức Cảnh', '2008-01-20', 6, '2022-11-27 10:25:49', 'KhaiND', '2022-12-23 02:18:09', 'KhaiND'),
('5a27180e-5db5-5947-97c0-08fd2f807219', 'HS0496', 'Trịnh Ngọc Trúc Vân', '2015-03-15', 9, '2022-10-01 00:05:04', 'KhaiND', '2022-12-25 02:38:23', 'KhaiND'),
('5b34a4d0-6617-1db3-ab0b-87ae14180c33', 'HS0633', 'Lý Thị Lý Thảo', '2010-09-07', 7, '2022-11-09 12:24:44', 'KhaiND', '2022-11-03 05:03:35', 'KhaiND'),
('5c9f5f1a-6f5c-49cc-59be-406293204378', 'HS0599', 'Đinh Nguyễn Phương Hiền', '2006-03-16', 8, '2022-12-11 19:07:38', 'KhaiND', '2022-11-01 00:01:05', 'KhaiND'),
('5ca4f407-2d2d-24db-18cf-9712082ff6cb', 'HS0903', 'Hoàng Lan Huyền', '2016-07-15', 3, '2022-10-18 04:47:44', 'KhaiND', '2022-12-12 01:58:52', 'KhaiND'),
('5cb4708c-2b13-5550-6cbe-406293204378', 'HS0575', 'Hoàng Hồng Phượng', '2016-11-22', 18, '2022-12-04 08:57:38', 'KhaiND', '2022-11-01 00:55:39', 'KhaiND'),
('5ce252d5-703f-5d34-44de-23e177779933', 'HS0203', 'Lê Thiên Hưng', '2015-04-24', 8, '2022-10-01 00:08:11', 'KhaiND', '2022-11-27 17:12:32', 'KhaiND'),
('5cf98dc5-71b7-52dd-b00b-87ae14180c33', 'HS0365', 'Phùng Thiên Sáng', '2011-07-31', 16, '2022-10-01 00:04:44', 'KhaiND', '2022-11-01 00:12:07', 'KhaiND'),
('5d39e97f-36dc-2486-21cf-9712082ff6cb', 'HS0487', 'Nguyễn Huỳnh Gia Đăng', '2010-03-09', 9, '2022-10-01 00:01:18', 'KhaiND', '2022-11-08 13:13:34', 'KhaiND'),
('5d45a0b6-3652-3ed1-5dbe-406293204378', 'HS0947', 'Lê Thiên Sáng', NULL, 18, '2022-11-28 06:04:19', 'KhaiND', '2022-11-01 00:00:08', 'KhaiND'),
('5d6636c4-5be9-1fda-0084-196123975cb2', 'HS0924', 'Lý Trung Quang', '2010-03-31', 18, '2022-12-05 05:17:12', 'KhaiND', '2022-11-01 00:00:10', 'KhaiND'),
('5d9f07e3-23b7-320f-7d09-bf1378b8dc91', 'HS0348', 'Đinh Thị Thu Hiền', NULL, 16, '2022-11-15 06:34:37', 'KhaiND', '2022-11-01 00:00:09', 'KhaiND'),
('5dec46ef-3437-32f8-a80b-87ae14180c33', 'HS0266', 'Võ Thị Ngọc', '2014-01-06', 1, '2022-10-01 01:43:00', 'KhaiND', '2022-12-17 09:27:20', 'KhaiND'),
('5e5fb9dd-446d-41f6-40de-23e177779933', 'HS0597', 'Võ Nguyễn Phương Linh', '2013-09-11', 11, '2022-11-05 19:11:41', 'KhaiND', '2022-11-11 04:43:18', 'KhaiND'),
('5e7530be-64f7-746c-23cf-9712082ff6cb', 'HS0876', 'Kha Thị Thủy', NULL, 8, NULL, NULL, '2022-11-01 00:16:24', 'KhaiND'),
('5edb7881-65a5-415d-7f09-bf1378b8dc91', 'HS0391', 'Kha Tiến Khai', NULL, 17, NULL, NULL, '2022-11-01 00:00:59', 'KhaiND'),
('5edf5e81-655b-60fe-8009-bf1378b8dc91', 'HS0905', 'Lê Đức Nghĩa', '2006-01-07', 15, '2022-10-01 01:01:40', 'KhaiND', '2022-11-05 05:46:08', 'KhaiND'),
('5ee2ba7f-49ee-5b09-5cbe-406293204378', 'HS0115', 'Phùng Nguyễn Phương Tâm', '2016-02-24', 8, '2022-11-14 01:03:34', 'KhaiND', '2022-11-01 00:00:05', 'KhaiND'),
('6006f6a5-7953-28f9-95d5-ba100c6f7bce', 'HS0692', 'Trần Ngọc Trúc', '2014-03-01', 1, '2022-12-14 22:26:49', 'KhaiND', NULL, NULL),
('6065d99a-3101-55f4-20cf-9712082ff6cb', 'HS0921', 'Lê Nguyễn Phương Vân', '2007-11-27', 7, '2022-10-28 07:49:44', 'KhaiND', '2022-11-03 06:08:39', 'KhaiND'),
('60a4d6ce-6d74-2d65-1284-196123975cb2', 'HS0834', 'Lý Lan Thảo', '2012-11-07', 9, '2022-10-11 08:19:41', 'KhaiND', '2022-11-01 00:01:04', 'KhaiND'),
('618a90d5-41f5-5b77-93d5-ba100c6f7bce', 'HS0430', 'Nguyễn Văn Hào', '2010-01-22', 5, '2022-10-15 09:34:49', 'KhaiND', '2022-12-22 03:02:17', 'KhaiND'),
('61d1deef-7714-42a5-8709-bf1378b8dc91', 'HS0235', 'Lê Bá Cảnh', '2016-07-03', 14, '2022-10-01 00:01:25', 'KhaiND', NULL, NULL),
('61de9ce1-7cfe-2114-9fd5-ba100c6f7bce', 'HS0840', 'Đinh Hồng Anh', '2006-03-07', 18, '2022-12-07 16:17:23', 'KhaiND', '2022-11-15 01:48:03', 'KhaiND'),
('62a849b4-1145-4227-7009-bf1378b8dc91', 'HS0379', 'Trần Nguyễn Trần Hào', '2006-01-14', 8, '2022-10-19 19:48:31', 'KhaiND', '2022-11-01 00:00:01', 'KhaiND'),
('62abe8a7-2c70-6de2-5f29-a2925c0f334d', 'HS0078', 'Lý Duy Quang', '2009-10-28', 6, '2022-11-18 20:19:13', 'KhaiND', '2022-11-01 01:34:18', 'KhaiND'),
('62c4e131-7305-46df-9ac0-08fd2f807219', 'HS0167', 'Phùng Bá Hưng', '2015-10-27', 3, '2022-10-28 19:25:08', 'KhaiND', '2022-11-30 17:53:03', 'KhaiND'),
('632270a9-57fa-4b80-1484-196123975cb2', 'HS0794', 'Võ Nguyễn Trần Mạnh', '2015-04-17', 5, '2022-10-01 00:00:10', 'KhaiND', '2022-11-01 00:00:01', 'KhaiND'),
('6452e402-1744-5bf8-aa20-39c2f00615e8', 'HS0252', 'Lý Ngọc Phương', '2006-01-29', 1, '2022-10-01 01:55:34', 'KhaiND', '2022-12-26 19:08:21', 'KhaiND'),
('648b0e21-42da-7a4c-26cf-9712082ff6cb', 'HS0981', 'Trịnh Khúc Thùy Huyền', '2015-12-07', 12, '2022-12-07 14:32:31', 'KhaiND', NULL, NULL),
('64eb5e22-63bb-51c3-5c29-a2925c0f334d', 'HS0520', 'Lý Thị Linh', NULL, 10, '2022-10-08 13:17:37', 'KhaiND', '2022-11-27 02:02:50', 'KhaiND'),
('650c49a1-756e-2032-9fc0-08fd2f807219', 'HS0394', 'Trịnh Tiến Hào', '2009-05-17', 16, '2022-11-13 14:12:29', 'KhaiND', NULL, NULL),
('6577614a-761b-5b49-b40b-87ae14180c33', 'HS0323', 'Lê Bá Hào', NULL, 3, NULL, NULL, NULL, NULL),
('65a297e8-7141-3f82-aa0b-87ae14180c33', 'HS0764', 'Kha Lê Lan Anh', '2011-03-25', 15, '2022-10-31 09:31:10', 'KhaiND', '2022-11-13 18:33:22', 'KhaiND'),
('65c089ca-2aae-5759-8109-bf1378b8dc91', 'HS0919', 'Lê Đức Mạnh', '2009-07-24', 6, '2022-10-01 02:04:13', 'KhaiND', '2022-11-01 00:00:10', 'KhaiND'),
('65d68747-2ba6-2926-92c0-08fd2f807219', 'HS0639', 'Lê Thu Phương', '2013-12-25', 18, '2022-10-01 06:34:50', 'KhaiND', '2022-11-01 00:01:31', 'KhaiND'),
('6615f10b-5132-26b2-42de-23e177779933', 'HS0622', 'Nguyễn Đức Quân', '2008-06-29', 3, '2022-11-22 05:14:32', 'KhaiND', '2022-11-10 04:06:21', 'KhaiND'),
('66408fb1-5675-1ae9-bb20-39c2f00615e8', 'HS0806', 'Kha Huỳnh Gia Quân', NULL, 12, '2022-11-09 15:01:03', 'KhaiND', '2022-11-01 00:01:31', 'KhaiND'),
('6643ee80-64d3-5640-1184-196123975cb2', 'HS0861', 'Nguyễn Lê Lan Duyên', '2009-08-06', 16, '2022-10-01 00:10:25', 'KhaiND', '2022-12-29 20:52:44', 'KhaiND'),
('669c8349-2fc8-1dc3-a620-39c2f00615e8', 'HS0941', 'Phùng Trung Sáng', '2007-06-25', 18, '2022-10-01 00:01:24', 'KhaiND', '2022-11-15 07:46:48', 'KhaiND'),
('66f040c6-49fc-4e4d-2ecf-9712082ff6cb', 'HS0360', 'Đinh Nguyễn Trần Phong', '2015-11-28', 1, '2022-10-24 06:11:39', 'KhaiND', '2022-12-16 18:39:52', 'KhaiND'),
('67a7d88a-2bfd-7ea6-b10b-87ae14180c33', 'HS0928', 'Trần Thế Quang', NULL, 8, NULL, NULL, '2022-12-31 06:38:04', 'KhaiND'),
('6821ba4c-5cfa-205c-96c0-08fd2f807219', 'HS0193', 'Trần Gia Vân', '2012-01-01', 12, '2022-10-07 00:36:06', 'KhaiND', '2022-11-01 01:02:54', 'KhaiND'),
('68fc6f39-7c51-144b-5029-a2925c0f334d', 'HS0628', 'Trần Văn Đạt', '2011-12-16', 18, '2022-10-02 20:29:59', 'KhaiND', '2022-11-01 00:00:09', 'KhaiND'),
('69327c00-3606-5757-8fd5-ba100c6f7bce', 'HS0623', 'Phùng Thị Vân', '2006-01-07', 17, '2022-11-18 11:14:42', 'KhaiND', '2022-11-01 00:00:53', 'KhaiND'),
('69cc327f-46ba-72fc-ac20-39c2f00615e8', 'HS0789', 'Phùng Đức Nghĩa', '2007-01-23', 8, '2022-11-12 16:17:06', 'KhaiND', '2022-11-02 16:04:34', 'KhaiND'),
('6a3cdb3a-63f6-5410-ad20-39c2f00615e8', 'HS0960', 'Võ Tiến Minh', '2012-08-07', 9, '2022-10-24 04:33:08', 'KhaiND', '2022-11-01 00:10:14', 'KhaiND'),
('6a94b3d5-77fe-38bf-a90b-87ae14180c33', 'HS0001', 'Đinh Đức Hưng', '2007-08-19', 12, '2022-10-09 05:26:47', 'KhaiND', '2022-11-01 01:29:32', 'KhaiND'),
('6b47b37f-3123-3ce7-14cf-9712082ff6cb', 'HS0851', 'Kha Trung Hào', '2015-03-10', 11, '2022-11-14 22:53:15', 'KhaiND', '2022-11-02 00:49:54', 'KhaiND'),
('6b53c4be-58a3-6f9f-8309-bf1378b8dc91', 'HS0406', 'Lê Ngọc Trúc Linh', '2016-07-02', 13, '2022-10-06 20:28:39', 'KhaiND', '2022-11-22 18:23:39', 'KhaiND'),
('6bb063e6-4b60-5e69-43de-23e177779933', 'HS0549', 'Nguyễn Lê Thảo Vân', '2016-06-23', 16, '2022-10-12 04:00:44', 'KhaiND', '2022-12-10 13:08:31', 'KhaiND'),
('6be6c0e9-220a-3d03-96d5-ba100c6f7bce', 'HS0837', 'Kha Ngọc Hằng', '2015-05-06', 4, '2022-12-05 04:55:05', 'KhaiND', NULL, NULL),
('6c2d254c-51c8-2ac9-7409-bf1378b8dc91', 'HS0006', 'Nguyễn Nguyễn Trần Mạnh', '2006-02-23', 11, '2022-10-01 00:00:54', 'KhaiND', '2022-11-01 00:00:07', 'KhaiND'),
('6c44fc3e-44b0-3293-9dc0-08fd2f807219', 'HS0155', 'Hoàng Huỳnh Gia Tùng', '2010-03-13', 6, '2022-12-13 23:50:56', 'KhaiND', '2022-11-07 08:53:34', 'KhaiND'),
('6cb5344e-4b6a-3e87-7809-bf1378b8dc91', 'HS0598', 'Trịnh Nguyễn Phương Tâm', '2010-05-12', 1, '2022-10-01 00:00:09', 'KhaiND', '2022-11-27 04:34:32', 'KhaiND'),
('6d0057ed-5e0b-42ca-2dcf-9712082ff6cb', 'HS0161', 'Hoàng Lê Thảo Vân', '2014-04-27', 4, '2022-11-07 12:42:19', 'KhaiND', '2022-11-01 01:19:53', 'KhaiND'),
('6e06a7ff-3639-60c7-8409-bf1378b8dc91', 'HS0139', 'Phùng Thiên Quân', '2008-11-05', 8, '2022-10-07 19:41:45', 'KhaiND', '2022-11-09 13:28:15', 'KhaiND'),
('6e2d162f-65fb-4ac7-35de-23e177779933', 'HS0335', 'Phùng Đức Quân', '2006-01-06', 10, '2022-10-01 00:00:06', 'KhaiND', '2022-12-20 12:18:37', 'KhaiND'),
('6e98d16d-1cee-3d90-4d29-a2925c0f334d', 'HS0617', 'Đinh Thiên Tú', '2014-06-15', 1, '2022-10-01 00:51:28', 'KhaiND', '2022-11-25 21:47:28', 'KhaiND'),
('6eeb0f16-1f95-72a8-8ac0-08fd2f807219', 'HS0285', 'Hoàng Khúc Thùy Vân', '2006-01-09', 4, '2022-10-01 00:14:55', 'KhaiND', '2022-11-01 00:07:23', 'KhaiND'),
('6eeb8c68-18e7-5250-3cde-23e177779933', 'HS0183', 'Lê Lê Thảo Huyền', '2014-09-19', 13, '2022-10-31 09:31:10', 'KhaiND', '2022-12-13 17:13:04', 'KhaiND'),
('6ef29a53-7bc8-7018-90c0-08fd2f807219', 'HS0594', 'Lý Đức Đăng', '2016-09-04', 11, '2022-10-14 04:55:34', 'KhaiND', '2022-11-01 00:03:29', 'KhaiND'),
('6fe6ed5e-23cc-3c76-b60b-87ae14180c33', 'HS0665', 'Lê Thị Duyên', '2007-05-06', 12, '2022-10-07 03:03:18', 'KhaiND', '2022-12-12 09:04:45', 'KhaiND'),
('701dfa6f-5405-598b-28cf-9712082ff6cb', 'HS0312', 'Nguyễn Nguyễn Thành Đăng', NULL, 15, '2022-11-04 03:25:14', 'KhaiND', '2022-11-29 21:12:23', 'KhaiND'),
('70db2698-6fe2-46c7-95c0-08fd2f807219', 'HS0722', 'Kha Ngọc Linh', '2016-04-03', 6, '2022-10-01 01:42:04', 'KhaiND', '2022-11-28 13:00:01', 'KhaiND'),
('70e8e9ef-1d12-602a-a420-39c2f00615e8', 'HS0974', 'Trần Ngọc Trúc Tiên', NULL, 10, '2022-12-04 20:12:18', 'KhaiND', '2022-11-01 00:44:27', 'KhaiND'),
('7214c81d-705f-3473-65be-406293204378', 'HS0255', 'Lê Huỳnh Gia Cảnh', '2007-01-20', 7, '2022-10-01 01:48:33', 'KhaiND', '2022-11-08 17:07:28', 'KhaiND'),
('7235e434-7ba8-529a-bc20-39c2f00615e8', 'HS0901', 'Lê Huỳnh Anh Hưng', '2006-01-03', 1, '2022-11-19 08:38:48', 'KhaiND', '2022-11-28 13:27:53', 'KhaiND'),
('72a26de2-4c5b-22ba-6bbe-406293204378', 'HS0566', 'Lê Bá Thuận', '2006-01-07', 15, '2022-10-01 00:01:46', 'KhaiND', '2022-12-29 22:55:44', 'KhaiND'),
('72f92903-5295-4ea2-3dde-23e177779933', 'HS0309', 'Lê Lê Thảo Quỳnh', NULL, 17, NULL, NULL, '2022-11-01 01:11:14', 'KhaiND'),
('73f57149-5281-7667-ae0b-87ae14180c33', 'HS0791', 'Đinh Ngọc Ngọc', '2006-04-16', 17, '2022-11-30 05:17:34', 'KhaiND', '2022-11-28 23:10:54', 'KhaiND'),
('73f98792-723a-5c61-67be-406293204378', 'HS0582', 'Trần Nguyễn Phương Thảo', '2007-03-08', 4, '2022-11-07 00:16:35', 'KhaiND', NULL, NULL),
('7441e84e-3b68-7d8b-63be-406293204378', 'HS0949', 'Võ Phương Hà', '2013-07-20', 1, '2022-12-04 12:40:00', 'KhaiND', '2022-11-01 00:01:20', 'KhaiND'),
('749af78e-699e-5d1e-7109-bf1378b8dc91', 'HS0142', 'Nguyễn Nguyễn Trần Hiệp', '2013-09-18', 14, '2022-10-01 00:57:14', 'KhaiND', '2022-12-22 19:49:41', 'KhaiND'),
('749f165c-16de-4b32-86c0-08fd2f807219', 'HS0079', 'Trần Ngọc Thảo', '2007-01-18', 1, '2022-10-01 00:06:23', 'KhaiND', '2022-11-28 10:10:25', 'KhaiND'),
('74de5ccc-59ee-1411-a00b-87ae14180c33', 'HS0709', 'Trịnh Hồng Hà', '2015-06-13', 18, '2022-11-11 19:37:44', 'KhaiND', '2022-12-27 21:29:44', 'KhaiND'),
('7547886a-3cc3-19f7-8609-bf1378b8dc91', 'HS0684', 'Lý Thu Hà', '2012-03-15', 8, '2022-10-01 00:00:25', 'KhaiND', NULL, NULL),
('75541709-3f4a-4f20-87c0-08fd2f807219', 'HS0026', 'Đinh Văn Quang', '2010-02-18', 4, '2022-12-07 18:10:45', 'KhaiND', '2022-12-04 00:00:15', 'KhaiND'),
('75ec6c1d-1e49-7b1c-8a09-bf1378b8dc91', 'HS0308', 'Kha Lê Thảo Anh', '2009-02-25', 7, '2022-10-25 15:34:55', 'KhaiND', '2022-12-24 16:03:54', 'KhaiND'),
('765a8849-65a2-2ad9-a220-39c2f00615e8', 'HS0474', 'Trần Khúc Thùy Phượng', '2011-10-26', 13, '2022-11-09 05:01:01', 'KhaiND', '2022-11-01 06:11:57', 'KhaiND'),
('7679ed67-7f03-71df-61be-406293204378', 'HS0529', 'Lê Gia Quỳnh', '2016-10-18', 1, '2022-10-01 00:11:18', 'KhaiND', '2022-11-01 00:01:37', 'KhaiND'),
('768816a8-415c-1cf2-7e09-bf1378b8dc91', 'HS0114', 'Hoàng Lan Phương', '2006-02-20', 3, '2022-10-29 13:01:01', 'KhaiND', '2022-11-12 21:12:43', 'KhaiND'),
('777df041-51a7-37b6-7509-bf1378b8dc91', 'HS0605', 'Nguyễn Lan Hiền', '2016-12-23', 6, '2022-10-08 08:05:47', 'KhaiND', '2022-12-17 23:34:07', 'KhaiND'),
('780d4a88-7745-3862-0184-196123975cb2', 'HS0476', 'Trịnh Thế Phong', '2010-05-04', 14, '2022-10-10 14:17:42', 'KhaiND', '2022-11-01 02:19:32', 'KhaiND'),
('782665f6-489e-1247-1bcf-9712082ff6cb', 'HS0246', 'Đinh Ngọc Trúc Thảo', '2009-07-11', 10, '2022-10-01 12:59:35', 'KhaiND', '2022-12-13 02:24:33', 'KhaiND'),
('78644667-7d24-3947-8b09-bf1378b8dc91', 'HS0681', 'Hoàng Phương Hằng', '2016-08-02', 7, '2022-10-01 00:00:02', 'KhaiND', '2022-12-12 20:42:00', 'KhaiND'),
('79bbb57f-6adf-180a-a5d5-ba100c6f7bce', 'HS0444', 'Kha Thu Anh', '2016-03-13', 16, '2022-10-01 00:05:08', 'KhaiND', '2022-12-04 00:10:16', 'KhaiND'),
('79da9aa9-7677-3219-91d5-ba100c6f7bce', 'HS0943', 'Trần Thị Thu Huyền', NULL, 16, NULL, NULL, '2022-11-22 13:27:59', 'KhaiND'),
('79eb5f69-5ee9-796b-5b29-a2925c0f334d', 'HS0096', 'Lê Nguyễn Thành Đạt', '2009-07-28', 6, '2022-11-02 09:34:14', 'KhaiND', '2022-11-01 00:01:33', 'KhaiND'),
('7ab54386-59c1-7a58-a70b-87ae14180c33', 'HS0389', 'Lê Huỳnh Gia Thuận', '2007-03-02', 3, '2022-11-06 19:07:42', 'KhaiND', '2022-12-19 11:07:46', 'KhaiND'),
('7afbde73-7267-7c6b-a720-39c2f00615e8', 'HS0358', 'Hoàng Đức Nghĩa', '2006-03-25', 1, '2022-11-16 06:40:27', 'KhaiND', '2022-11-08 09:40:30', 'KhaiND'),
('7b06b87f-1d8e-7045-ba20-39c2f00615e8', 'HS0540', 'Lý Ngọc Trúc Anh', '2015-09-02', 3, '2022-11-09 06:53:54', 'KhaiND', '2022-11-19 03:08:18', 'KhaiND'),
('7b353b36-3996-4309-4e29-a2925c0f334d', 'HS0162', 'Lê Văn Hào', '2006-01-02', 4, '2022-12-14 09:12:47', 'KhaiND', NULL, NULL),
('7be350e8-54d2-60b1-9cc0-08fd2f807219', 'HS0468', 'Đinh Trung Hưng', '2012-09-26', 8, '2022-11-24 01:46:07', 'KhaiND', '2022-11-01 00:00:07', 'KhaiND'),
('7c94355d-4702-3a9b-5abe-406293204378', 'HS0763', 'Hoàng Nguyễn Trần Mạnh', '2011-02-10', 11, '2022-10-09 08:25:15', 'KhaiND', '2022-12-23 22:04:34', 'KhaiND'),
('7cd8b4b6-438c-5547-92d5-ba100c6f7bce', 'HS0260', 'Lý Lê Lan Phương', '2006-02-05', 7, '2022-12-14 16:21:08', 'KhaiND', '2022-11-01 00:15:59', 'KhaiND'),
('7d85be69-2fdf-5710-b50b-87ae14180c33', 'HS0935', 'Đinh Nguyễn Thành Thuận', '2011-11-29', 3, '2022-10-15 04:55:29', 'KhaiND', '2022-11-01 01:13:00', 'KhaiND'),
('7dbd90f6-6015-12c6-4b29-a2925c0f334d', 'HS0218', 'Phùng Bá Thuận', '2016-03-06', 2, '2022-10-01 00:00:06', 'KhaiND', '2022-12-25 02:28:07', 'KhaiND'),
('7e77e231-2785-2bd0-5d29-a2925c0f334d', 'HS0528', 'Trịnh Thế Đạt', '2006-04-24', 16, '2022-11-06 10:50:23', 'KhaiND', '2022-12-05 02:52:35', 'KhaiND');

-- 
-- Dumping data for table fee
--
INSERT INTO fee VALUES
(1, 'Vệ sinh môi trường', 10000, '2022-10-29 06:04:34', 'KhaiND', '1969-12-01 02:13:43', 'KhaiND'),
(2, 'Gửi xe, an ninh trật tụ', 110000, '2022-10-01 00:00:07', 'KhaiND', '1975-10-31 13:57:12', 'KhaiND'),
(3, 'Khoản viện trợ hoạt động giải trí giáo dục', 210000, '2022-10-01 00:00:09', 'KhaiND', '2021-01-21 06:56:52', 'KhaiND'),
(4, 'Tiền ăn bán trú', 310000, '2022-10-01 00:31:40', 'KhaiND', '1975-11-22 18:51:07', 'KhaiND'),
(5, 'Trang thiết bị, cơ sở vật chất', 410000, '2022-10-01 00:00:01', 'KhaiND', '2004-05-02 02:22:23', 'KhaiND'),
(6, 'Bảo hiểm xã hội', 510000, '2022-12-16 07:31:46', 'KhaiND', '2004-06-30 22:11:13', 'KhaiND'),
(7, 'Tiền học thêm', 610000, '2022-12-19 03:45:08', 'KhaiND', '2013-08-28 04:50:16', 'KhaiND'),
(8, 'Mua đồng phục', 710000, '2022-10-20 14:48:11', 'KhaiND', '1980-11-20 21:11:47', 'KhaiND'),
(9, 'Nước sạch', 810000, '2022-11-24 17:21:11', 'KhaiND', '2008-09-21 04:32:59', 'KhaiND'),
(10, 'Sinh hoạt phí', 910000, '2022-10-15 00:23:43', 'KhaiND', '2002-05-25 11:31:28', 'KhaiND'),
(11, 'Bảo hiểm Y tế học sinh', 1010000, '2022-12-22 05:52:52', 'KhaiND', '1974-01-02 10:43:32', 'KhaiND'),
(12, 'Quỹ khen thưởng', 1110000, '2022-11-26 12:51:36', 'KhaiND', '1980-08-16 09:46:50', 'KhaiND'),
(13, 'Học phí', 1210000, '2022-10-29 23:27:12', 'KhaiND', '1987-04-25 20:30:26', 'KhaiND'),
(14, 'Sữa học đường', 1310000, '2022-12-02 07:38:26', 'KhaiND', '1969-12-01 00:15:23', 'KhaiND'),
(15, 'Xã hội hóa giáo dục', 1410000, NULL, NULL, NULL, NULL);

-- 
-- Dumping data for table exemption
--
INSERT INTO exemption VALUES
(1, 'Con CB, CN, viên chức mà cha hoặc mẹ bị tai nạn lao động hoặc mắc bệnh nghề nghiệp được hưởng trợ cấp TX', 'Bộ tai động; mà cha mà. Nghiệp hoặc bị tai mắc cấp hoặc. Nhân hoặc cha chức nạn bộ cấp! Bộ mẹ viên con chức viên động.', 75.0000, 1, 'Ưu tiên', '2004-06-28 08:33:00', 'KhaiND', '2022-12-29 04:34:43', 'KhaiND'),
(2, 'Bị tàn tật, khuyết tật thuộc diện hộ nghèo hoặc hộ cận nghèo', 'Bị tàn tật, khuyết tật thuộc diện hộ nghèo hoặc hộ cận nghèo.', 100.0000, 1, 'Ưu tiên', '2022-12-20 15:15:12', 'KhaiND', '2022-12-20 15:15:12', 'KhaiND'),
(3, 'Con hạ sỹ quan, binh sĩ, chiến sĩ', 'Con hạ sỹ quan, binh sĩ, chiến sĩ.', 50.0000, 1, 'Ưu tiên', '2022-12-20 15:16:04', 'KhaiND', '2022-12-20 15:16:04', 'KhaiND'),
(4, 'Dân tộc thiểu số', 'Dân tộc thiểu số.', 70.0000, 1, 'Ưu tiên', '2022-12-20 15:18:57', 'KhaiND', '2022-12-20 15:18:57', 'KhaiND'),
(5, 'Dân tộc thiểu số ở vùng có điều kiện KT - XH đặc biệt khó khăn', 'Dân tộc thiểu số ở vùng có điều kiện KT - XH đặc biệt khó khăn.', 100.0000, 1, 'Ưu tiên', '2022-12-20 15:19:44', 'KhaiND', '2022-12-20 15:19:44', 'KhaiND'),
(6, 'Dân tộc thiểu số rất ít người ở vùng có điều kiện KT-XH khó khăn hoặc đặc biệt khó khăn', 'Dân tộc thiểu số rất ít người ở vùng có điều kiện kinh tế - xã hội khó khăn hoặc đặc biệt khó khăn.', 100.0000, 1, 'Ưu tiên', '2022-12-20 15:21:33', 'KhaiND', '2022-12-20 15:21:33', 'KhaiND'),
(7, 'Hộ cận nghèo', 'Hộ cận nghèo.', 100.0000, 1, 'Ưu tiên', '2022-12-20 15:22:22', 'KhaiND', '2022-12-20 15:22:22', 'KhaiND'),
(8, 'Hộ nghèo', 'Hộ nghèo.', 100.0000, 1, 'Ưu tiên', '2022-12-20 15:22:54', 'KhaiND', '2022-12-20 15:22:54', 'KhaiND'),
(9, 'Trẻ em, học sinh ở nông thôn/bản đặc biệt khó khăn, xã khu vực III vùng dân tộc, miền núi, vùng bãi ngang ven biển, hải đảo', 'Trẻ em, học sinh ở nông thôn/bản đặc biệt khó khăn, xã khu vực III vùng dân tộc, miền núi, vùng bãi ngang ven biển, hải đảo.', 100.0000, 1, 'Ưu tiên', '2022-12-20 15:24:32', 'KhaiND', '2022-12-20 15:24:32', 'KhaiND');

-- 
-- Dumping data for table studentexemption
--
INSERT INTO studentexemption VALUES
('11290787-63fe-38ad-ee7d-817a123d365d', '148ed882-32b8-218e-9c20-39c2f00615e8', 9, 5, 40.0000, 1, '09/2022 - 02/2023', '2022-11-01 00:00:07', 'KhaiND', '2022-12-05 07:17:43', 'KhaiND'),
('1137e4b2-5f77-6b68-c6a9-deaf32c96293', '618a90d5-41f5-5b77-93d5-ba100c6f7bce', 14, 8, 90.0000, 1, '09/2022 - 02/2023', '2022-11-29 22:36:42', 'KhaiND', NULL, NULL),
('113f0f0a-5e8a-70ae-e0a9-deaf32c96293', '25c05a16-5c5b-3c9d-94c0-08fd2f807219', 9, 5, 60.0000, 1, '09/2022 - 02/2023', '2022-11-01 00:00:09', 'KhaiND', '2022-12-12 09:33:54', 'KhaiND'),
('115af1f9-79a9-2e8e-fb5e-60fe4d31c979', '6065d99a-3101-55f4-20cf-9712082ff6cb', 14, 8, 80.0000, 1, '09/2022 - 02/2023', NULL, NULL, '2022-12-14 11:17:01', 'KhaiND'),
('11912953-3462-4f71-1a89-479bce9b28fc', '5edf5e81-655b-60fe-8009-bf1378b8dc91', 10, 3, 75.0000, 1, '02/2023 - 04/2023', '2022-11-01 00:02:32', 'KhaiND', '2022-12-01 02:31:35', 'KhaiND'),
('11a203a8-3da6-23a5-fcdb-f21ac591aca5', '486f3705-5928-5b0d-15cf-9712082ff6cb', 14, 8, 65.0000, 1, '09/2022 - 02/2023', '2022-11-12 14:31:49', 'KhaiND', '2022-12-31 01:12:49', 'KhaiND'),
('11aa9a92-1d8e-2762-5bec-e423f1575e00', '5d45a0b6-3652-3ed1-5dbe-406293204378', 7, 1, 100.0000, 1, 'Học kỳ II', '2022-11-01 00:00:01', 'KhaiND', '2022-12-29 01:01:03', 'KhaiND'),
('11b314a9-4b1f-1307-ea26-71cca92946bf', '1d974e92-2a73-4659-5fbe-406293204378', 15, 7, 65.0000, 1, '11/2022 - 12/20222', '2022-11-01 00:00:07', 'KhaiND', '2022-12-08 12:07:56', 'KhaiND'),
('11bcc4a2-3af0-1455-da7d-817a123d365d', '5ca4f407-2d2d-24db-18cf-9712082ff6cb', 12, 6, 30.0000, 1, '11/2022 - 12/20222', '2022-12-11 03:31:27', 'KhaiND', '2022-12-01 02:39:58', 'KhaiND'),
('11ec0579-4dd5-34a1-ce5e-60fe4d31c979', '6be6c0e9-220a-3d03-96d5-ba100c6f7bce', 12, 6, 45.0000, 1, '11/2022 - 12/20222', NULL, NULL, '2022-12-13 18:35:14', 'KhaiND'),
('120f557e-2603-3965-2d37-63d5d5eff719', '118a2f72-155f-22a8-a10b-87ae14180c33', 14, 8, 60.0000, 1, '09/2022 - 02/2023', NULL, NULL, '2022-12-01 00:01:12', 'KhaiND'),
('121d1c91-13bf-53f5-f5a9-deaf32c96293', '29d9991f-145f-3468-89c0-08fd2f807219', 14, 8, 85.0000, 1, '09/2022 - 02/2023', NULL, NULL, '2022-12-21 16:19:06', 'KhaiND'),
('122b16da-341c-5fc3-f25e-60fe4d31c979', '5edb7881-65a5-415d-7f09-bf1378b8dc91', 8, 2, 70.0000, 1, 'Cả năm', '2022-11-23 22:24:13', 'KhaiND', NULL, NULL),
('122b33ba-2ddc-430e-1b89-479bce9b28fc', '3bad7541-7915-6d1b-34de-23e177779933', 11, 9, 50.0000, 1, '09/2022 - 02/2023', '2022-11-10 00:18:50', 'KhaiND', '2022-12-02 15:32:08', 'KhaiND'),
('12908e01-6e24-3101-37aa-deaf32c96293', '45ca8a53-1621-1c68-1acf-9712082ff6cb', 14, 8, 65.0000, 1, '09/2022 - 02/2023', '2022-11-07 19:12:57', 'KhaiND', '2022-12-09 20:53:14', 'KhaiND'),
('129c483f-613d-6527-0637-63d5d5eff719', '149fb958-744f-70c6-7709-bf1378b8dc91', 14, 8, 70.0000, 1, '09/2022 - 02/2023', '2022-11-24 07:58:25', 'KhaiND', '2022-12-21 18:03:23', 'KhaiND'),
('12a88562-3ee7-6126-0089-479bce9b28fc', '6065d99a-3101-55f4-20cf-9712082ff6cb', 12, 6, 80.0000, 1, '11/2022 - 12/20222', '2022-12-04 02:23:37', 'KhaiND', '2022-12-17 11:45:25', 'KhaiND'),
('12a89b9b-1702-75ab-0133-03c92da59c43', '6cb5344e-4b6a-3e87-7809-bf1378b8dc91', 11, 9, 80.0000, 1, '09/2022 - 02/2023', '2022-11-12 10:22:29', 'KhaiND', '2022-12-23 02:00:41', 'KhaiND'),
('12eb361d-4c69-7d35-25ec-e423f1575e00', '234d2569-6b1c-720c-9f20-39c2f00615e8', 14, 8, 100.0000, 1, '09/2022 - 02/2023', NULL, NULL, '2022-12-06 22:55:45', 'KhaiND'),
('13002e70-7f9a-412a-bb5e-60fe4d31c979', '1113bff9-7186-5b43-68be-406293204378', 7, 1, 30.0000, 1, 'Học kỳ II', '2022-12-13 14:24:19', 'KhaiND', '2022-12-08 02:44:40', 'KhaiND'),
('1343518d-3e63-529e-fb26-71cca92946bf', '2917e651-61f8-7f1a-a20b-87ae14180c33', 11, 9, 30.0000, 1, '09/2022 - 02/2023', '2022-11-01 00:28:01', 'KhaiND', '2022-12-25 22:39:11', 'KhaiND'),
('13465082-13b4-7314-5c89-479bce9b28fc', '26de5798-48e1-14d3-9f0b-87ae14180c33', 14, 8, 70.0000, 1, '09/2022 - 02/2023', '2022-12-01 17:56:01', 'KhaiND', '2022-12-01 00:01:25', 'KhaiND'),
('1368ca23-5d42-7d4c-d4a9-deaf32c96293', '51e78fff-176c-5145-91c0-08fd2f807219', 8, 2, 45.0000, 1, 'Cả năm', '2022-11-09 07:13:49', 'KhaiND', '2022-12-29 21:54:36', 'KhaiND'),
('13775b20-2fa9-15cc-09dc-f21ac591aca5', '135412a8-63c7-3426-1fcf-9712082ff6cb', 11, 9, 40.0000, 1, '09/2022 - 02/2023', '2022-11-01 02:13:40', 'KhaiND', '2022-12-13 10:25:44', 'KhaiND'),
('137f23d2-2c41-11be-127e-817a123d365d', '18285e84-56f2-50ef-5429-a2925c0f334d', 3, 4, 75.0000, 1, '11/2022 - 12/20222', '2022-11-27 22:24:23', 'KhaiND', '2022-12-02 00:14:22', 'KhaiND'),
('139d5ac6-7e89-39a2-b7db-f21ac591aca5', '5982505e-4827-7305-1ecf-9712082ff6cb', 3, 4, 50.0000, 1, '11/2022 - 12/20222', '2022-11-01 00:00:30', 'KhaiND', '2022-12-19 23:45:11', 'KhaiND'),
('13b3cd22-6ed7-4127-f0db-f21ac591aca5', '52aadc93-3c4a-5df5-ae20-39c2f00615e8', 11, 9, 35.0000, 1, '09/2022 - 02/2023', '2022-11-01 00:01:08', 'KhaiND', '2022-12-01 00:00:05', 'KhaiND'),
('13b422a5-601c-3109-00dc-f21ac591aca5', '28955144-6588-500f-0684-196123975cb2', 12, 6, 40.0000, 1, '11/2022 - 12/20222', '2022-11-02 09:50:40', 'KhaiND', '2022-12-11 18:49:58', 'KhaiND'),
('13bbd308-145d-73bd-5eec-e423f1575e00', '7afbde73-7267-7c6b-a720-39c2f00615e8', 10, 3, 60.0000, 1, '02/2023 - 04/2023', '2022-11-13 14:46:28', 'KhaiND', '2022-12-18 19:55:29', 'KhaiND'),
('13c0b182-1df7-3642-985e-60fe4d31c979', '3b63fdfb-1c64-6574-ad0b-87ae14180c33', 14, 8, 50.0000, 1, '09/2022 - 02/2023', '2022-11-24 16:33:08', 'KhaiND', '2022-12-01 00:16:21', 'KhaiND'),
('13dddba5-437e-5c03-b45e-60fe4d31c979', '1113bff9-7186-5b43-68be-406293204378', 3, 4, 50.0000, 1, '11/2022 - 12/20222', '2022-11-15 23:28:23', 'KhaiND', '2022-12-21 14:22:48', 'KhaiND'),
('13dddd58-6d81-60ce-2f89-479bce9b28fc', '36134ff2-25de-148e-3bde-23e177779933', 7, 1, 90.0000, 1, 'Học kỳ II', '2022-11-28 00:11:10', 'KhaiND', '2022-12-12 01:15:52', 'KhaiND'),
('13dfe562-455e-7701-c8db-f21ac591aca5', '3b63fdfb-1c64-6574-ad0b-87ae14180c33', 10, 3, 60.0000, 1, '02/2023 - 04/2023', '2022-11-03 08:06:08', 'KhaiND', '2022-12-01 00:06:56', 'KhaiND'),
('13e69b17-2053-6b9c-e45e-60fe4d31c979', '3be24f1a-760f-693b-0584-196123975cb2', 10, 3, 55.0000, 1, '02/2023 - 04/2023', '2022-11-01 00:00:45', 'KhaiND', '2022-12-16 13:16:43', 'KhaiND'),
('13eb65e4-7164-4355-713e-c9e9e9038fe2', '20bbbd0b-3c4a-7d94-6f09-bf1378b8dc91', 7, 1, 45.0000, 1, 'Học kỳ II', '2022-11-01 00:12:40', 'KhaiND', '2022-12-20 00:02:06', 'KhaiND'),
('13f24958-2a0b-6d74-fc7d-817a123d365d', '18285e84-56f2-50ef-5429-a2925c0f334d', 14, 8, 40.0000, 1, '09/2022 - 02/2023', '2022-11-01 00:05:23', 'KhaiND', '2022-12-01 00:00:39', 'KhaiND'),
('14194bc1-5005-3a8d-145f-60fe4d31c979', '3deb9637-21c9-2f33-a50b-87ae14180c33', 12, 6, 45.0000, 1, '11/2022 - 12/20222', '2022-11-01 00:01:07', 'KhaiND', '2022-12-22 00:13:47', 'KhaiND'),
('1442b1bc-7fb1-3032-d77d-817a123d365d', '56304486-1a40-35bd-22cf-9712082ff6cb', 11, 9, 75.0000, 1, '09/2022 - 02/2023', '2022-11-30 19:57:32', 'KhaiND', '2022-12-14 11:44:26', 'KhaiND'),
('14474141-4d68-5739-583e-c9e9e9038fe2', '29d9991f-145f-3468-89c0-08fd2f807219', 12, 6, 95.0000, 1, '11/2022 - 12/20222', '2022-12-01 03:05:46', 'KhaiND', '2022-12-01 00:00:10', 'KhaiND'),
('1448979d-5ed5-48c0-2927-71cca92946bf', '1873592d-62c0-6ef7-5329-a2925c0f334d', 9, 5, 30.0000, 1, '09/2022 - 02/2023', '2022-12-03 11:35:37', 'KhaiND', '2022-12-28 20:15:41', 'KhaiND'),
('145efc5b-370d-465e-2437-63d5d5eff719', '7c94355d-4702-3a9b-5abe-406293204378', 9, 5, 25.0000, 1, '09/2022 - 02/2023', NULL, NULL, NULL, NULL),
('14741c9a-54fa-2618-2c3e-c9e9e9038fe2', '25502e11-38ba-4c53-fe83-196123975cb2', 8, 2, 30.0000, 1, 'Cả năm', '2022-11-01 00:00:10', 'KhaiND', '2022-12-01 00:00:45', 'KhaiND'),
('148a4991-1a55-6d47-0a33-03c92da59c43', '4fbf7ac2-4f95-259e-fd83-196123975cb2', 11, 9, 25.0000, 1, '09/2022 - 02/2023', '2022-11-02 14:28:14', 'KhaiND', '2022-12-03 12:51:06', 'KhaiND'),
('148d6902-7cf6-1132-ccdb-f21ac591aca5', '309122bc-1a1b-5fdb-66be-406293204378', 9, 5, 30.0000, 1, '09/2022 - 02/2023', '2022-11-01 00:01:05', 'KhaiND', '2022-12-31 19:46:46', 'KhaiND'),
('14a770b5-3ec7-78f0-e3a9-deaf32c96293', '4931f441-237d-4e19-9e0b-87ae14180c33', 11, 9, 90.0000, 1, '09/2022 - 02/2023', '2022-11-25 12:50:51', 'KhaiND', '2022-12-17 00:17:29', 'KhaiND'),
('14a92c3e-5fd0-72c2-cc32-03c92da59c43', '7c94355d-4702-3a9b-5abe-406293204378', 11, 9, 50.0000, 1, '09/2022 - 02/2023', '2022-11-01 00:00:06', 'KhaiND', '2022-12-01 00:00:06', 'KhaiND'),
('14ac7ff4-7864-4be1-0f37-63d5d5eff719', '56304486-1a40-35bd-22cf-9712082ff6cb', 14, 8, 60.0000, 1, '09/2022 - 02/2023', NULL, NULL, '2022-12-10 21:06:44', 'KhaiND'),
('14e4a272-4b6c-2c6f-9e5e-60fe4d31c979', '62a849b4-1145-4227-7009-bf1378b8dc91', 14, 8, 80.0000, 1, '09/2022 - 02/2023', '2022-11-08 07:07:30', 'KhaiND', '2022-12-29 22:52:48', 'KhaiND'),
('14ec69dc-252e-1659-2f37-63d5d5eff719', '1f35a25e-29c0-65c5-64be-406293204378', 9, 5, 30.0000, 1, '09/2022 - 02/2023', '2022-11-13 13:13:49', 'KhaiND', '2022-12-28 05:46:39', 'KhaiND'),
('15077cbc-4ef7-7e05-7589-479bce9b28fc', '2915c579-282a-66d4-94d5-ba100c6f7bce', 9, 5, 80.0000, 1, '09/2022 - 02/2023', '2022-11-01 00:00:47', 'KhaiND', NULL, NULL),
('150a5889-3329-3d59-c85e-60fe4d31c979', '74de5ccc-59ee-1411-a00b-87ae14180c33', 10, 3, 70.0000, 1, '02/2023 - 04/2023', '2022-11-01 00:00:50', 'KhaiND', '2022-12-04 22:52:53', 'KhaiND'),
('150c9342-1342-796c-d9eb-e423f1575e00', '51e78fff-176c-5145-91c0-08fd2f807219', 3, 4, 50.0000, 1, '11/2022 - 12/20222', '2022-12-08 22:29:42', 'KhaiND', '2022-12-16 18:09:10', 'KhaiND'),
('1518182c-73ec-6671-efa9-deaf32c96293', '544a64d9-1f18-736c-8209-bf1378b8dc91', 14, 8, 25.0000, 1, '09/2022 - 02/2023', '2022-11-01 00:10:57', 'KhaiND', '2022-12-08 11:00:05', 'KhaiND'),
('152c1a44-1462-6ba8-4c3e-c9e9e9038fe2', '669c8349-2fc8-1dc3-a620-39c2f00615e8', 10, 3, 30.0000, 1, '02/2023 - 04/2023', '2022-12-04 06:33:28', 'KhaiND', NULL, NULL),
('152d4b51-4596-6782-f93d-c9e9e9038fe2', '28018b36-16ff-393b-a020-39c2f00615e8', 7, 1, 70.0000, 1, 'Học kỳ II', '2022-11-18 11:09:41', 'KhaiND', '2022-12-22 17:05:30', 'KhaiND'),
('153105e0-6702-29ed-7632-03c92da59c43', '18285e84-56f2-50ef-5429-a2925c0f334d', 11, 9, 100.0000, 1, '09/2022 - 02/2023', '2022-11-06 10:36:27', 'KhaiND', '2022-12-28 14:31:40', 'KhaiND'),
('15503076-3a06-426c-3eec-e423f1575e00', '65d68747-2ba6-2926-92c0-08fd2f807219', 10, 3, 30.0000, 1, '02/2023 - 04/2023', '2022-11-16 16:37:21', 'KhaiND', NULL, NULL),
('15598f7f-385b-4304-a9a9-deaf32c96293', '360c3e0f-5235-1165-93c0-08fd2f807219', 10, 3, 25.0000, 1, '02/2023 - 04/2023', NULL, NULL, NULL, NULL),
('1563cc0c-3d5c-6f94-47ec-e423f1575e00', '22f29725-54f0-11f0-9d0b-87ae14180c33', 9, 5, 65.0000, 1, '09/2022 - 02/2023', '2022-11-01 01:17:11', 'KhaiND', '2022-12-25 10:45:47', 'KhaiND'),
('159e66e7-2fc5-4ad5-dbeb-e423f1575e00', '75541709-3f4a-4f20-87c0-08fd2f807219', 7, 1, 30.0000, 1, 'Học kỳ II', '2022-12-15 16:58:24', 'KhaiND', '2022-12-01 00:24:03', 'KhaiND'),
('159ef7ba-455a-4ef0-e726-71cca92946bf', '1791bb94-7da7-2a8b-8dd5-ba100c6f7bce', 10, 3, 45.0000, 1, '02/2023 - 04/2023', NULL, NULL, '2022-12-05 02:49:00', 'KhaiND'),
('15ac7e87-6022-7aff-03aa-deaf32c96293', '5dec46ef-3437-32f8-a80b-87ae14180c33', 3, 4, 50.0000, 1, '11/2022 - 12/20222', '2022-12-03 00:00:40', 'KhaiND', '2022-12-01 01:11:52', 'KhaiND'),
('15b541ef-217d-2228-1327-71cca92946bf', '4ce0877f-48e4-6975-5129-a2925c0f334d', 7, 1, 25.0000, 1, 'Học kỳ II', '2022-11-11 04:37:25', 'KhaiND', '2022-12-04 09:11:38', 'KhaiND'),
('15faf519-3919-45f4-e8a9-deaf32c96293', '40dcb887-554e-6059-a120-39c2f00615e8', 3, 4, 80.0000, 1, '11/2022 - 12/20222', NULL, NULL, '2022-12-01 00:00:09', 'KhaiND'),
('163e9123-7581-6d1d-0927-71cca92946bf', '65d68747-2ba6-2926-92c0-08fd2f807219', 9, 5, 75.0000, 1, '09/2022 - 02/2023', '2022-12-10 18:37:43', 'KhaiND', '2022-12-01 02:06:22', 'KhaiND'),
('1643d79f-4ea1-2e45-7d89-479bce9b28fc', '135412a8-63c7-3426-1fcf-9712082ff6cb', 12, 6, 40.0000, 1, '11/2022 - 12/20222', '2022-12-02 20:15:22', 'KhaiND', '2022-12-20 20:47:46', 'KhaiND'),
('16749a8e-4b83-31ad-8989-479bce9b28fc', '28018b36-16ff-393b-a020-39c2f00615e8', 14, 8, 65.0000, 1, '09/2022 - 02/2023', '2022-11-11 18:31:14', 'KhaiND', '2022-12-01 00:00:04', 'KhaiND'),
('1682ba0e-2b02-4fc6-a032-03c92da59c43', '144edaf9-3dcb-1a64-0484-196123975cb2', 10, 3, 100.0000, 1, '02/2023 - 04/2023', '2022-11-27 05:56:26', 'KhaiND', NULL, NULL),
('168ccd8d-1ee8-186c-53ec-e423f1575e00', '26de5798-48e1-14d3-9f0b-87ae14180c33', 3, 4, 45.0000, 1, '11/2022 - 12/20222', '2022-12-13 16:29:47', 'KhaiND', '2022-12-01 00:00:03', 'KhaiND'),
('168ffb39-6a6c-72ef-6137-63d5d5eff719', '37dd9bb0-4c53-4134-31de-23e177779933', 7, 1, 65.0000, 1, 'Học kỳ II', '2022-11-05 08:41:08', 'KhaiND', '2022-12-28 17:16:01', 'KhaiND'),
('169bac11-3359-538c-6337-63d5d5eff719', '7679ed67-7f03-71df-61be-406293204378', 7, 1, 60.0000, 1, 'Học kỳ II', '2022-11-01 02:10:14', 'KhaiND', '2022-12-15 10:12:03', 'KhaiND'),
('169e5783-53e6-34d8-cddb-f21ac591aca5', '7dbd90f6-6015-12c6-4b29-a2925c0f334d', 15, 7, 70.0000, 1, '11/2022 - 12/20222', '2022-12-13 03:40:51', 'KhaiND', '2022-12-07 13:46:58', 'KhaiND'),
('16a47df1-240b-68e5-bfa9-deaf32c96293', '6a3cdb3a-63f6-5410-ad20-39c2f00615e8', 8, 2, 60.0000, 1, 'Cả năm', '2022-12-02 18:59:29', 'KhaiND', '2022-12-31 10:56:39', 'KhaiND'),
('16a87374-4054-152e-db5e-60fe4d31c979', '38fae0a4-2a8d-7751-17cf-9712082ff6cb', 7, 1, 40.0000, 1, 'Học kỳ II', NULL, NULL, NULL, NULL),
('16afd7c7-6e10-33ca-b3a9-deaf32c96293', '777df041-51a7-37b6-7509-bf1378b8dc91', 11, 9, 60.0000, 1, '09/2022 - 02/2023', '2022-11-07 22:03:49', 'KhaiND', '2022-12-01 00:00:21', 'KhaiND'),
('16c1b62f-1f00-1827-945e-60fe4d31c979', '749f165c-16de-4b32-86c0-08fd2f807219', 9, 5, 85.0000, 1, '09/2022 - 02/2023', '2022-11-05 19:00:51', 'KhaiND', '2022-12-01 00:09:48', 'KhaiND'),
('16ce630b-2f5b-4b3f-7937-63d5d5eff719', '2520d168-1494-4217-89d5-ba100c6f7bce', 9, 5, 90.0000, 1, '09/2022 - 02/2023', '2022-11-01 00:08:08', 'KhaiND', '2022-12-01 00:02:12', 'KhaiND'),
('16e396bb-3f76-71ba-1bec-e423f1575e00', '782665f6-489e-1247-1bcf-9712082ff6cb', 8, 2, 80.0000, 1, 'Cả năm', '2022-12-13 01:01:40', 'KhaiND', '2022-12-07 22:07:00', 'KhaiND'),
('16e60e5a-7c00-53b9-11dc-f21ac591aca5', '5edf5e81-655b-60fe-8009-bf1378b8dc91', 15, 7, 40.0000, 1, '11/2022 - 12/20222', '2022-11-18 16:11:29', 'KhaiND', '2022-12-24 02:38:03', 'KhaiND'),
('16e9b89c-29f7-77f5-c75e-60fe4d31c979', '204c0070-4a99-51b1-7209-bf1378b8dc91', 10, 3, 100.0000, 1, '02/2023 - 04/2023', '2022-11-06 21:57:18', 'KhaiND', '2022-12-11 13:25:24', 'KhaiND'),
('171309a7-1b22-21fa-9adb-f21ac591aca5', '12ed36a1-1f48-34d5-97d5-ba100c6f7bce', 10, 3, 65.0000, 1, '02/2023 - 04/2023', '2022-12-02 03:23:15', 'KhaiND', NULL, NULL),
('171cc0ea-5c80-560c-4e3e-c9e9e9038fe2', '6b47b37f-3123-3ce7-14cf-9712082ff6cb', 11, 9, 95.0000, 1, '09/2022 - 02/2023', '2022-12-09 07:08:58', 'KhaiND', '2022-12-22 00:36:18', 'KhaiND'),
('171ea025-23ab-5e2a-d732-03c92da59c43', '36134ff2-25de-148e-3bde-23e177779933', 10, 3, 55.0000, 1, '02/2023 - 04/2023', NULL, NULL, NULL, NULL),
('1727392f-28d9-1422-eddb-f21ac591aca5', '46241dbe-5442-7b9f-8ec0-08fd2f807219', 9, 5, 55.0000, 1, '09/2022 - 02/2023', '2022-11-01 00:00:53', 'KhaiND', '2022-12-12 17:58:07', 'KhaiND'),
('1738931a-6239-1a6e-aa32-03c92da59c43', '182ac03d-3bc5-1d27-7309-bf1378b8dc91', 11, 9, 75.0000, 1, '09/2022 - 02/2023', '2022-11-26 00:07:54', 'KhaiND', '2022-12-06 19:48:30', 'KhaiND'),
('173ba389-3faa-1416-085f-60fe4d31c979', '34811f36-3996-69fc-39de-23e177779933', 14, 8, 45.0000, 1, '09/2022 - 02/2023', '2022-11-01 00:04:37', 'KhaiND', '2022-12-06 22:28:54', 'KhaiND'),
('173de1ca-539e-3400-15ec-e423f1575e00', '7c94355d-4702-3a9b-5abe-406293204378', 7, 1, 80.0000, 1, 'Học kỳ II', '2022-11-22 13:18:22', 'KhaiND', '2022-12-08 04:17:15', 'KhaiND'),
('174ffc6c-4080-4bc3-a126-71cca92946bf', '6cb5344e-4b6a-3e87-7809-bf1378b8dc91', 8, 2, 70.0000, 1, 'Cả năm', '2022-11-01 02:39:05', 'KhaiND', '2022-12-27 16:07:00', 'KhaiND'),
('176b6db2-375b-6031-36ec-e423f1575e00', '6a3cdb3a-63f6-5410-ad20-39c2f00615e8', 9, 5, 25.0000, 1, '09/2022 - 02/2023', '2022-12-12 10:41:54', 'KhaiND', '2022-12-14 11:53:02', 'KhaiND'),
('17844d26-1b0c-20cf-2127-71cca92946bf', '2520d168-1494-4217-89d5-ba100c6f7bce', 10, 3, 30.0000, 1, '02/2023 - 04/2023', '2022-11-13 00:19:56', 'KhaiND', '2022-12-31 21:41:16', 'KhaiND'),
('178c6119-36ba-6721-0227-71cca92946bf', '28955144-6588-500f-0684-196123975cb2', 3, 4, 50.0000, 1, '11/2022 - 12/20222', '2022-11-01 00:05:17', 'KhaiND', '2022-12-08 20:48:36', 'KhaiND'),
('1799b282-71e6-3bbf-7989-479bce9b28fc', '573da2cd-1579-5327-8cc0-08fd2f807219', 7, 1, 50.0000, 1, 'Học kỳ II', '2022-12-13 03:55:02', 'KhaiND', '2022-12-01 00:13:28', 'KhaiND'),
('17aba150-5830-118d-a932-03c92da59c43', '41c2dce0-2c38-3bc6-16cf-9712082ff6cb', 10, 3, 30.0000, 1, '02/2023 - 04/2023', '2022-11-28 09:59:43', 'KhaiND', '2022-12-01 00:35:24', 'KhaiND'),
('17b7bc6e-401e-5ab5-3aaa-deaf32c96293', '15d0d796-1465-4665-fc83-196123975cb2', 8, 2, 60.0000, 1, 'Cả năm', '2022-11-01 00:02:44', 'KhaiND', '2022-12-02 18:46:28', 'KhaiND'),
('17d7680d-794b-7f82-30ec-e423f1575e00', '38fae0a4-2a8d-7751-17cf-9712082ff6cb', 12, 6, 90.0000, 1, '11/2022 - 12/20222', NULL, NULL, '2022-12-12 05:16:05', 'KhaiND'),
('180e4a22-32aa-583c-0233-03c92da59c43', '7679ed67-7f03-71df-61be-406293204378', 8, 2, 25.0000, 1, 'Cả năm', '2022-11-20 14:41:13', 'KhaiND', '2022-12-08 11:53:35', 'KhaiND'),
('1816647b-4e24-433d-a65e-60fe4d31c979', '1d3986c3-11ae-3e82-85c0-08fd2f807219', 12, 6, 55.0000, 1, '11/2022 - 12/20222', '2022-11-20 04:06:25', 'KhaiND', '2022-12-03 03:29:11', 'KhaiND'),
('182a657a-288c-3c25-d6db-f21ac591aca5', '65a297e8-7141-3f82-aa0b-87ae14180c33', 10, 3, 55.0000, 1, '02/2023 - 04/2023', '2022-11-01 00:00:06', 'KhaiND', '2022-12-22 04:16:04', 'KhaiND'),
('1832d627-286c-4a77-6e89-479bce9b28fc', '5d9f07e3-23b7-320f-7d09-bf1378b8dc91', 14, 8, 35.0000, 1, '09/2022 - 02/2023', NULL, NULL, '2022-12-15 18:39:16', 'KhaiND'),
('18331fa4-5844-436c-107e-817a123d365d', '7afbde73-7267-7c6b-a720-39c2f00615e8', 8, 2, 55.0000, 1, 'Cả năm', '2022-12-03 22:10:30', 'KhaiND', '2022-12-01 00:00:12', 'KhaiND'),
('183c982d-511a-17ef-2837-63d5d5eff719', '2c6981c9-286a-4e7b-88c0-08fd2f807219', 12, 6, 75.0000, 1, '11/2022 - 12/20222', '2022-12-08 09:53:38', 'KhaiND', '2022-12-23 03:43:19', 'KhaiND'),
('185d5bc8-523a-1805-175f-60fe4d31c979', '53baae5e-52f2-2642-4a29-a2925c0f334d', 7, 1, 95.0000, 1, 'Học kỳ II', '2022-11-06 10:46:16', 'KhaiND', '2022-12-27 08:00:48', 'KhaiND'),
('185d8577-3a83-676f-d15e-60fe4d31c979', '201328e5-6594-725d-8ed5-ba100c6f7bce', 3, 4, 95.0000, 1, '11/2022 - 12/20222', '2022-11-01 00:00:01', 'KhaiND', '2022-12-01 00:00:24', 'KhaiND'),
('186fc4f1-7ded-3185-3e3e-c9e9e9038fe2', '57a949ac-4627-2a53-8fc0-08fd2f807219', 11, 9, 85.0000, 1, '09/2022 - 02/2023', '2022-11-01 00:00:07', 'KhaiND', '2022-12-30 03:23:19', 'KhaiND'),
('1888065f-1f85-2074-103e-c9e9e9038fe2', '7ab54386-59c1-7a58-a70b-87ae14180c33', 14, 8, 70.0000, 1, '09/2022 - 02/2023', NULL, NULL, '2022-12-12 07:56:52', 'KhaiND'),
('188d74dc-3db1-3a1a-8389-479bce9b28fc', '144edaf9-3dcb-1a64-0484-196123975cb2', 15, 7, 45.0000, 1, '11/2022 - 12/20222', '2022-11-19 08:08:07', 'KhaiND', '2022-12-17 12:51:15', 'KhaiND'),
('1892b97b-4651-232a-f826-71cca92946bf', '5dec46ef-3437-32f8-a80b-87ae14180c33', 15, 7, 95.0000, 1, '11/2022 - 12/20222', '2022-11-06 13:42:54', 'KhaiND', '2022-12-04 12:44:09', 'KhaiND'),
('18abd72d-12e2-25c0-d4eb-e423f1575e00', '4ce0877f-48e4-6975-5129-a2925c0f334d', 9, 5, 45.0000, 1, '09/2022 - 02/2023', '2022-11-01 00:34:40', 'KhaiND', '2022-12-11 16:36:36', 'KhaiND'),
('18bf332f-64a9-1cf7-7289-479bce9b28fc', '118a2f72-155f-22a8-a10b-87ae14180c33', 9, 5, 60.0000, 1, '09/2022 - 02/2023', '2022-11-19 09:10:28', 'KhaiND', '2022-12-03 22:56:34', 'KhaiND'),
('18f07a45-2dfd-540b-00ec-e423f1575e00', '22f29725-54f0-11f0-9d0b-87ae14180c33', 15, 7, 80.0000, 1, '11/2022 - 12/20222', '2022-11-05 15:26:36', 'KhaiND', '2022-12-09 06:48:16', 'KhaiND'),
('19029793-2caa-7372-e03d-c9e9e9038fe2', '4030e5af-694c-380f-36de-23e177779933', 15, 7, 90.0000, 1, '11/2022 - 12/20222', '2022-11-09 10:56:06', 'KhaiND', '2022-12-26 16:16:53', 'KhaiND'),
('1902cac5-5687-4f32-0f89-479bce9b28fc', '28bb5b3f-5c7f-5bca-a820-39c2f00615e8', 7, 1, 80.0000, 1, 'Học kỳ II', '2022-11-09 04:18:06', 'KhaiND', '2022-12-09 03:18:32', 'KhaiND'),
('190facf5-59e1-5c6a-8e32-03c92da59c43', '309122bc-1a1b-5fdb-66be-406293204378', 3, 4, 60.0000, 1, '11/2022 - 12/20222', '2022-11-30 20:57:06', 'KhaiND', '2022-12-26 23:54:07', 'KhaiND'),
('193bbe51-66b9-468a-ae5e-60fe4d31c979', '65a297e8-7141-3f82-aa0b-87ae14180c33', 15, 7, 30.0000, 1, '11/2022 - 12/20222', '2022-11-01 00:08:09', 'KhaiND', '2022-12-26 04:27:48', 'KhaiND'),
('1944b789-48b3-5241-f588-479bce9b28fc', '40f7a6ac-21d8-7147-19cf-9712082ff6cb', 3, 4, 75.0000, 1, '11/2022 - 12/20222', '2022-11-01 00:00:01', 'KhaiND', '2022-12-03 02:29:32', 'KhaiND'),
('1945d040-284a-629b-cfdb-f21ac591aca5', '6be6c0e9-220a-3d03-96d5-ba100c6f7bce', 8, 2, 35.0000, 1, 'Cả năm', '2022-11-30 07:44:22', 'KhaiND', '2022-12-01 02:14:04', 'KhaiND'),
('194c2f1d-31f6-7a56-9bdb-f21ac591aca5', '1f35a25e-29c0-65c5-64be-406293204378', 3, 4, 55.0000, 1, '11/2022 - 12/20222', '2022-11-16 13:24:17', 'KhaiND', '2022-12-22 17:59:19', 'KhaiND'),
('194d336f-43d1-7f5e-ea7d-817a123d365d', '6a3cdb3a-63f6-5410-ad20-39c2f00615e8', 10, 3, 75.0000, 1, '02/2023 - 04/2023', '2022-11-01 00:00:04', 'KhaiND', '2022-12-01 00:05:10', 'KhaiND'),
('195c2c68-1243-6546-613e-c9e9e9038fe2', '3b86d2ed-446c-5fce-56be-406293204378', 10, 3, 35.0000, 1, '02/2023 - 04/2023', '2022-12-02 06:20:10', 'KhaiND', '2022-12-04 13:20:06', 'KhaiND'),
('199acb88-6b8f-47ce-c926-71cca92946bf', '765a8849-65a2-2ad9-a220-39c2f00615e8', 8, 2, 85.0000, 1, 'Cả năm', '2022-12-06 06:29:24', 'KhaiND', '2022-12-26 16:55:36', 'KhaiND'),
('19a4c86b-3a9b-6659-2dec-e423f1575e00', '25502e11-38ba-4c53-fe83-196123975cb2', 10, 3, 70.0000, 1, '02/2023 - 04/2023', '2022-11-01 00:27:06', 'KhaiND', '2022-12-01 00:00:08', 'KhaiND'),
('19d43e8c-516f-48f7-fa7d-817a123d365d', '36104b10-705b-57a8-83c0-08fd2f807219', 15, 7, 75.0000, 1, '11/2022 - 12/20222', '2022-11-01 00:16:16', 'KhaiND', '2022-12-03 03:54:04', 'KhaiND'),
('19dcd937-4b93-69f4-f236-63d5d5eff719', '3deb9637-21c9-2f33-a50b-87ae14180c33', 10, 3, 75.0000, 1, '02/2023 - 04/2023', '2022-11-01 00:00:03', 'KhaiND', '2022-12-29 22:52:18', 'KhaiND'),
('19e855dc-67f6-2d21-04ec-e423f1575e00', '65c089ca-2aae-5759-8109-bf1378b8dc91', 7, 1, 50.0000, 1, 'Học kỳ II', '2022-11-16 01:17:53', 'KhaiND', '2022-12-07 12:12:10', 'KhaiND'),
('1a3bbe2c-27e4-7433-3637-63d5d5eff719', '2915c579-282a-66d4-94d5-ba100c6f7bce', 15, 7, 100.0000, 1, '11/2022 - 12/20222', '2022-11-01 00:01:11', 'KhaiND', '2022-12-16 13:35:40', 'KhaiND'),
('1a7bd204-5ef2-598b-9f7d-817a123d365d', '5edf5e81-655b-60fe-8009-bf1378b8dc91', 11, 9, 50.0000, 1, '09/2022 - 02/2023', '2022-11-09 04:58:33', 'KhaiND', '2022-12-14 16:15:01', 'KhaiND'),
('1a841412-671c-6724-1baa-deaf32c96293', '234d2569-6b1c-720c-9f20-39c2f00615e8', 12, 6, 25.0000, 1, '11/2022 - 12/20222', NULL, NULL, '2022-12-29 02:08:11', 'KhaiND'),
('1aaa552b-5598-55ed-5337-63d5d5eff719', '2909a81f-45ba-7e82-3ade-23e177779933', 8, 2, 40.0000, 1, 'Cả năm', '2022-12-04 00:03:02', 'KhaiND', '2022-12-01 00:06:28', 'KhaiND'),
('1ac4d606-2988-7449-043e-c9e9e9038fe2', '73f98792-723a-5c61-67be-406293204378', 9, 5, 25.0000, 1, '09/2022 - 02/2023', '2022-11-28 01:39:00', 'KhaiND', NULL, NULL),
('1acc5fce-2a7d-6074-c4db-f21ac591aca5', '182ac03d-3bc5-1d27-7309-bf1378b8dc91', 8, 2, 90.0000, 1, 'Cả năm', '2022-12-09 12:22:36', 'KhaiND', '2022-12-28 17:02:34', 'KhaiND'),
('1ad728f1-7b9b-56f9-e7db-f21ac591aca5', '7b353b36-3996-4309-4e29-a2925c0f334d', 15, 7, 80.0000, 1, '11/2022 - 12/20222', '2022-11-08 20:37:51', 'KhaiND', '2022-12-22 10:07:19', 'KhaiND'),
('1ae1fc8d-3cd6-7f4e-a226-71cca92946bf', '3c213f7c-5d43-58ec-60be-406293204378', 12, 6, 50.0000, 1, '11/2022 - 12/20222', '2022-12-08 01:26:55', 'KhaiND', '2022-12-30 07:57:14', 'KhaiND'),
('1ae9d1f2-42e6-51b8-aa26-71cca92946bf', '780d4a88-7745-3862-0184-196123975cb2', 14, 8, 75.0000, 1, '09/2022 - 02/2023', '2022-11-17 23:38:00', 'KhaiND', '2022-12-18 07:52:05', 'KhaiND'),
('1af0d39f-5c7b-7ab5-f15e-60fe4d31c979', '1b691e79-236d-5b5a-9d20-39c2f00615e8', 12, 6, 40.0000, 1, '11/2022 - 12/20222', '2022-11-01 00:01:02', 'KhaiND', '2022-12-19 17:59:24', 'KhaiND'),
('1b07cb9d-5d72-7da0-7a32-03c92da59c43', '6006f6a5-7953-28f9-95d5-ba100c6f7bce', 10, 3, 80.0000, 1, '02/2023 - 04/2023', NULL, NULL, '2022-12-01 13:29:25', 'KhaiND'),
('1b2d75ba-219b-6928-1989-479bce9b28fc', '50c0928f-1779-4e8b-a520-39c2f00615e8', 10, 3, 85.0000, 1, '02/2023 - 04/2023', '2022-11-01 00:22:43', 'KhaiND', NULL, NULL),
('1b4dd52d-60d6-142f-5989-479bce9b28fc', '135412a8-63c7-3426-1fcf-9712082ff6cb', 14, 8, 35.0000, 1, '09/2022 - 02/2023', NULL, NULL, '2022-12-01 00:01:32', 'KhaiND'),
('1b50ffd5-7ac3-4245-0a89-479bce9b28fc', '515b6077-13cf-64a1-5ebe-406293204378', 15, 7, 45.0000, 1, '11/2022 - 12/20222', '2022-11-01 00:00:50', 'KhaiND', '2022-12-01 19:43:46', 'KhaiND'),
('1b65d983-45d6-16ea-0237-63d5d5eff719', '357d7c4e-4b7f-11c2-84c0-08fd2f807219', 14, 8, 100.0000, 1, '09/2022 - 02/2023', '2022-11-30 14:19:02', 'KhaiND', '2022-12-25 13:36:01', 'KhaiND'),
('1b95b4ed-553e-3625-fb7d-817a123d365d', '7679ed67-7f03-71df-61be-406293204378', 3, 4, 80.0000, 1, '11/2022 - 12/20222', '2022-11-28 14:46:21', 'KhaiND', '2022-12-20 21:26:13', 'KhaiND'),
('1b99d974-6fb9-5300-105f-60fe4d31c979', '3112d5f4-1190-69d8-8dc0-08fd2f807219', 7, 1, 35.0000, 1, 'Học kỳ II', '2022-11-01 00:07:50', 'KhaiND', '2022-12-01 00:03:45', 'KhaiND'),
('1be69f15-643e-70f9-937d-817a123d365d', '50c0928f-1779-4e8b-a520-39c2f00615e8', 7, 1, 90.0000, 1, 'Học kỳ II', '2022-11-30 05:18:47', 'KhaiND', '2022-12-11 21:09:30', 'KhaiND'),
('1bec949a-1148-15f8-197e-817a123d365d', '360c3e0f-5235-1165-93c0-08fd2f807219', 12, 6, 75.0000, 1, '11/2022 - 12/20222', '2022-11-07 21:21:52', 'KhaiND', '2022-12-06 06:36:47', 'KhaiND'),
('1bedfdd6-6f3c-7da3-115f-60fe4d31c979', '52aadc93-3c4a-5df5-ae20-39c2f00615e8', 10, 3, 95.0000, 1, '02/2023 - 04/2023', '2022-11-01 02:29:28', 'KhaiND', '2022-12-26 03:52:13', 'KhaiND'),
('1c142e19-2b38-659f-2027-71cca92946bf', '1873592d-62c0-6ef7-5329-a2925c0f334d', 8, 2, 55.0000, 1, 'Cả năm', '2022-12-08 14:20:35', 'KhaiND', '2022-12-26 08:28:50', 'KhaiND'),
('1c244763-155a-7895-ff88-479bce9b28fc', '2ea8deee-1b95-2a51-88d5-ba100c6f7bce', 12, 6, 60.0000, 1, '11/2022 - 12/20222', '2022-11-01 00:00:03', 'KhaiND', '2022-12-01 00:00:04', 'KhaiND'),
('1c4e7648-665e-68dc-b6db-f21ac591aca5', '2cc5723c-56c3-7df9-8bd5-ba100c6f7bce', 7, 1, 90.0000, 1, 'Học kỳ II', '2022-11-12 06:33:51', 'KhaiND', '2022-12-18 00:08:42', 'KhaiND'),
('1c7df6d5-2562-1b7b-afa9-deaf32c96293', '2535c718-4dd9-311b-8cd5-ba100c6f7bce', 10, 3, 55.0000, 1, '02/2023 - 04/2023', '2022-11-28 09:46:08', 'KhaiND', '2022-12-01 00:01:17', 'KhaiND'),
('1c8995ee-7927-5de5-2b37-63d5d5eff719', '18b097ad-30aa-66c1-7909-bf1378b8dc91', 7, 1, 70.0000, 1, 'Học kỳ II', NULL, NULL, '2022-12-01 00:00:07', 'KhaiND'),
('1cab3f5f-2daa-759f-e936-63d5d5eff719', '12ed36a1-1f48-34d5-97d5-ba100c6f7bce', 12, 6, 85.0000, 1, '11/2022 - 12/20222', '2022-11-01 00:00:06', 'KhaiND', '2022-12-21 21:57:45', 'KhaiND'),
('1cb0ea54-2093-7a22-17aa-deaf32c96293', '432dd01c-18c3-4ea1-37de-23e177779933', 12, 6, 60.0000, 1, '11/2022 - 12/20222', '2022-11-22 07:48:17', 'KhaiND', '2022-12-10 11:59:55', 'KhaiND'),
('1cc283a5-6f80-44aa-1a27-71cca92946bf', '40f7a6ac-21d8-7147-19cf-9712082ff6cb', 15, 7, 95.0000, 1, '11/2022 - 12/20222', NULL, NULL, '2022-12-04 03:34:12', 'KhaiND'),
('1cd3c54b-3dbf-74c5-b326-71cca92946bf', '28018b36-16ff-393b-a020-39c2f00615e8', 3, 4, 25.0000, 1, '11/2022 - 12/20222', '2022-11-01 00:00:09', 'KhaiND', '2022-12-21 14:22:28', 'KhaiND'),
('1cd655f2-6f50-2c57-af5e-60fe4d31c979', '5edf5e81-655b-60fe-8009-bf1378b8dc91', 8, 2, 70.0000, 1, 'Cả năm', NULL, NULL, '2022-12-01 00:11:52', 'KhaiND'),
('1ce1f9f2-7314-6852-eaa9-deaf32c96293', '28018b36-16ff-393b-a020-39c2f00615e8', 10, 3, 45.0000, 1, '02/2023 - 04/2023', '2022-12-06 04:27:20', 'KhaiND', '2022-12-18 12:43:21', 'KhaiND'),
('1ce33acc-1fb3-60a2-3d3e-c9e9e9038fe2', '1f94a596-32c4-2a29-8ad5-ba100c6f7bce', 14, 8, 65.0000, 1, '09/2022 - 02/2023', NULL, NULL, NULL, NULL),
('1ce8feb2-548b-77f4-d132-03c92da59c43', '4a4a8c90-2e57-215e-58be-406293204378', 11, 9, 50.0000, 1, '09/2022 - 02/2023', '2022-11-01 00:00:07', 'KhaiND', '2022-12-30 04:38:52', 'KhaiND'),
('1cef8dc9-48c4-12d6-7737-63d5d5eff719', '374bb943-1e92-11bb-0884-196123975cb2', 14, 8, 70.0000, 1, '09/2022 - 02/2023', '2022-11-01 00:00:07', 'KhaiND', NULL, NULL),
('1d2b22ca-55fc-2072-0edc-f21ac591aca5', '3c213f7c-5d43-58ec-60be-406293204378', 7, 1, 65.0000, 1, 'Học kỳ II', '2022-11-18 09:16:23', 'KhaiND', '2022-12-13 06:16:34', 'KhaiND'),
('1d577219-619d-3e29-f55e-60fe4d31c979', '2915c579-282a-66d4-94d5-ba100c6f7bce', 12, 6, 60.0000, 1, '11/2022 - 12/20222', '2022-11-01 00:09:21', 'KhaiND', '2022-12-07 08:38:57', 'KhaiND'),
('1d5d2abf-3706-1777-f7db-f21ac591aca5', '15d0d796-1465-4665-fc83-196123975cb2', 15, 7, 55.0000, 1, '11/2022 - 12/20222', '2022-11-01 00:01:39', 'KhaiND', '2022-12-04 12:27:16', 'KhaiND'),
('1d6129bc-7b80-6280-045f-60fe4d31c979', '573da2cd-1579-5327-8cc0-08fd2f807219', 3, 4, 75.0000, 1, '11/2022 - 12/20222', '2022-11-01 00:12:57', 'KhaiND', NULL, NULL),
('1d69e6de-1942-69ab-d55e-60fe4d31c979', '2c6981c9-286a-4e7b-88c0-08fd2f807219', 8, 2, 85.0000, 1, 'Cả năm', NULL, NULL, '2022-12-08 03:56:57', 'KhaiND'),
('1d6c172d-18c5-2510-52ec-e423f1575e00', '12ed36a1-1f48-34d5-97d5-ba100c6f7bce', 15, 7, 70.0000, 1, '11/2022 - 12/20222', '2022-11-20 04:49:09', 'KhaiND', NULL, NULL),
('1d75089c-7699-5144-ab5e-60fe4d31c979', '515b6077-13cf-64a1-5ebe-406293204378', 3, 4, 90.0000, 1, '11/2022 - 12/20222', '2022-12-08 17:13:19', 'KhaiND', '2022-12-06 21:27:42', 'KhaiND'),
('1d8bcc41-5e6d-6b0f-6c3e-c9e9e9038fe2', '4e2e6064-6bbe-2699-a30b-87ae14180c33', 14, 8, 100.0000, 1, '09/2022 - 02/2023', '2022-12-01 04:54:43', 'KhaiND', '2022-12-01 00:00:06', 'KhaiND'),
('1d8e0022-5b81-188b-24aa-deaf32c96293', '5edf5e81-655b-60fe-8009-bf1378b8dc91', 14, 8, 35.0000, 1, '09/2022 - 02/2023', '2022-11-14 19:33:05', 'KhaiND', '2022-12-18 05:05:19', 'KhaiND'),
('1db999ea-5881-474c-f232-03c92da59c43', '75541709-3f4a-4f20-87c0-08fd2f807219', 14, 8, 70.0000, 1, '09/2022 - 02/2023', '2022-11-13 23:22:50', 'KhaiND', '2022-12-26 06:33:14', 'KhaiND'),
('1dc8c267-6e40-368f-6c89-479bce9b28fc', '118a2f72-155f-22a8-a10b-87ae14180c33', 10, 3, 95.0000, 1, '02/2023 - 04/2023', '2022-11-17 05:48:26', 'KhaiND', '2022-12-01 00:00:04', 'KhaiND'),
('1dcfb231-4b3c-1be1-68ec-e423f1575e00', '12437806-26ac-3517-9c0b-87ae14180c33', 15, 7, 30.0000, 1, '11/2022 - 12/20222', '2022-11-01 02:23:32', 'KhaiND', '2022-12-01 00:00:10', 'KhaiND'),
('1dd6ead6-1149-505e-653e-c9e9e9038fe2', '1d974e92-2a73-4659-5fbe-406293204378', 9, 5, 45.0000, 1, '09/2022 - 02/2023', '2022-12-08 13:50:24', 'KhaiND', '2022-12-22 11:24:01', 'KhaiND'),
('1def8b08-442a-5a40-f1eb-e423f1575e00', '7cd8b4b6-438c-5547-92d5-ba100c6f7bce', 12, 6, 25.0000, 1, '11/2022 - 12/20222', '2022-11-06 07:19:55', 'KhaiND', '2022-12-31 06:09:41', 'KhaiND'),
('1dfefd70-192b-63fc-ecdb-f21ac591aca5', '6ef29a53-7bc8-7018-90c0-08fd2f807219', 9, 5, 90.0000, 1, '09/2022 - 02/2023', '2022-11-06 15:02:11', 'KhaiND', '2022-12-13 10:13:08', 'KhaiND'),
('1e142b7c-74bb-342a-ad5e-60fe4d31c979', '75541709-3f4a-4f20-87c0-08fd2f807219', 8, 2, 75.0000, 1, 'Cả năm', '2022-12-15 15:15:02', 'KhaiND', '2022-12-22 20:41:07', 'KhaiND'),
('1e4f9eb6-4701-47c3-02ec-e423f1575e00', '4a4a8c90-2e57-215e-58be-406293204378', 14, 8, 30.0000, 1, '09/2022 - 02/2023', '2022-12-12 19:48:40', 'KhaiND', '2022-12-18 14:06:23', 'KhaiND'),
('1e77c062-5170-6afb-f65e-60fe4d31c979', '6452e402-1744-5bf8-aa20-39c2f00615e8', 11, 9, 60.0000, 1, '09/2022 - 02/2023', '2022-12-02 07:07:39', 'KhaiND', '2022-12-06 11:03:44', 'KhaiND'),
('1e8271e0-3da3-5ec7-3fec-e423f1575e00', '22f29725-54f0-11f0-9d0b-87ae14180c33', 10, 3, 60.0000, 1, '02/2023 - 04/2023', '2022-11-01 00:00:08', 'KhaiND', '2022-12-01 00:01:23', 'KhaiND'),
('1e9b3b7b-61cc-3607-5089-479bce9b28fc', '361ca472-1312-3c9f-a60b-87ae14180c33', 9, 5, 55.0000, 1, '09/2022 - 02/2023', '2022-12-02 09:36:47', 'KhaiND', '2022-12-19 19:45:22', 'KhaiND'),
('1ea40218-172f-248f-c226-71cca92946bf', '5d45a0b6-3652-3ed1-5dbe-406293204378', 9, 5, 35.0000, 1, '09/2022 - 02/2023', '2022-12-08 00:43:31', 'KhaiND', '2022-12-13 05:51:26', 'KhaiND'),
('1ea600f0-57c6-595e-31aa-deaf32c96293', '7afbde73-7267-7c6b-a720-39c2f00615e8', 9, 5, 85.0000, 1, '09/2022 - 02/2023', '2022-11-01 00:00:47', 'KhaiND', '2022-12-01 00:00:10', 'KhaiND'),
('1ebd6aab-70fb-3e2f-163e-c9e9e9038fe2', '65c089ca-2aae-5759-8109-bf1378b8dc91', 11, 9, 65.0000, 1, '09/2022 - 02/2023', '2022-11-22 21:37:57', 'KhaiND', '2022-12-14 13:49:56', 'KhaiND'),
('1ec5b656-3223-1de0-2227-71cca92946bf', '36104b10-705b-57a8-83c0-08fd2f807219', 11, 9, 50.0000, 1, '09/2022 - 02/2023', '2022-11-13 19:56:42', 'KhaiND', '2022-12-06 22:43:41', 'KhaiND'),
('1ece477f-3d78-3558-1137-63d5d5eff719', '2ea8deee-1b95-2a51-88d5-ba100c6f7bce', 9, 5, 65.0000, 1, '09/2022 - 02/2023', '2022-11-01 00:01:04', 'KhaiND', '2022-12-01 01:32:49', 'KhaiND'),
('1ed6c38e-4ef8-723c-1aec-e423f1575e00', '3b63fdfb-1c64-6574-ad0b-87ae14180c33', 9, 5, 55.0000, 1, '09/2022 - 02/2023', '2022-12-04 14:05:48', 'KhaiND', '2022-12-24 00:01:16', 'KhaiND'),
('1f01debb-18f8-5873-eea9-deaf32c96293', '5982505e-4827-7305-1ecf-9712082ff6cb', 11, 9, 25.0000, 1, '09/2022 - 02/2023', '2022-11-01 01:07:38', 'KhaiND', '2022-12-28 00:57:04', 'KhaiND'),
('1f114a97-7aa8-5e4c-5689-479bce9b28fc', '149fb958-744f-70c6-7709-bf1378b8dc91', 8, 2, 85.0000, 1, 'Cả năm', '2022-12-08 07:11:47', 'KhaiND', '2022-12-26 05:50:29', 'KhaiND'),
('1f12a380-1a1e-70bb-e5a9-deaf32c96293', '13486c96-60ab-3b41-5229-a2925c0f334d', 8, 2, 85.0000, 1, 'Cả năm', '2022-11-18 04:23:16', 'KhaiND', '2022-12-01 01:00:53', 'KhaiND'),
('1f22b6e6-5402-5511-d27d-817a123d365d', '4d759fc8-400f-6e8f-5bbe-406293204378', 11, 9, 30.0000, 1, '09/2022 - 02/2023', '2022-11-10 05:34:45', 'KhaiND', '2022-12-03 20:45:53', 'KhaiND'),
('1f5a8e20-5984-2929-5dec-e423f1575e00', '68fc6f39-7c51-144b-5029-a2925c0f334d', 8, 2, 80.0000, 1, 'Cả năm', '2022-12-02 04:45:55', 'KhaiND', NULL, NULL),
('1f5b145d-69dd-48d1-d97d-817a123d365d', '3be24f1a-760f-693b-0584-196123975cb2', 12, 6, 80.0000, 1, '11/2022 - 12/20222', '2022-11-19 14:43:46', 'KhaiND', '2022-12-01 00:16:20', 'KhaiND'),
('1f7adb88-5c57-50af-dd5e-60fe4d31c979', '5b34a4d0-6617-1db3-ab0b-87ae14180c33', 15, 7, 40.0000, 1, '11/2022 - 12/20222', '2022-11-20 22:53:30', 'KhaiND', '2022-12-01 01:18:29', 'KhaiND'),
('1f891a9c-7855-121e-957d-817a123d365d', '3112d5f4-1190-69d8-8dc0-08fd2f807219', 12, 6, 45.0000, 1, '11/2022 - 12/20222', '2022-12-07 15:20:56', 'KhaiND', '2022-12-30 13:18:43', 'KhaiND'),
('1f8a17b5-5d15-6455-d332-03c92da59c43', '2535c718-4dd9-311b-8cd5-ba100c6f7bce', 14, 8, 55.0000, 1, '09/2022 - 02/2023', '2022-11-01 00:01:24', 'KhaiND', '2022-12-29 04:30:58', 'KhaiND'),
('1fa49dd9-5fd6-2f6e-1d3e-c9e9e9038fe2', '65c089ca-2aae-5759-8109-bf1378b8dc91', 12, 6, 95.0000, 1, '11/2022 - 12/20222', '2022-12-12 05:13:06', 'KhaiND', '2022-12-01 00:00:04', 'KhaiND'),
('1fda0f97-789f-3a44-a526-71cca92946bf', '7b353b36-3996-4309-4e29-a2925c0f334d', 8, 2, 55.0000, 1, 'Cả năm', '2022-11-01 00:00:14', 'KhaiND', '2022-12-17 00:26:28', 'KhaiND'),
('1fdb39d2-4e5d-204b-673e-c9e9e9038fe2', '69cc327f-46ba-72fc-ac20-39c2f00615e8', 8, 2, 30.0000, 1, 'Cả năm', '2022-11-01 00:11:55', 'KhaiND', '2022-12-03 06:05:21', 'KhaiND'),
('1fdfc606-6c05-25a2-d426-71cca92946bf', '669c8349-2fc8-1dc3-a620-39c2f00615e8', 14, 8, 75.0000, 1, '09/2022 - 02/2023', '2022-11-03 12:24:55', 'KhaiND', NULL, NULL),
('1fe9d57e-595e-5b89-2a27-71cca92946bf', '34811f36-3996-69fc-39de-23e177779933', 7, 1, 100.0000, 1, 'Học kỳ II', '2022-11-24 08:10:21', 'KhaiND', '2022-12-19 21:36:08', 'KhaiND'),
('2003e498-62b3-3507-6d37-63d5d5eff719', '432dd01c-18c3-4ea1-37de-23e177779933', 8, 2, 60.0000, 1, 'Cả năm', '2022-11-07 05:20:16', 'KhaiND', '2022-12-24 05:41:53', 'KhaiND'),
('2007e85d-3db5-2e27-e232-03c92da59c43', '69327c00-3606-5757-8fd5-ba100c6f7bce', 15, 7, 35.0000, 1, '11/2022 - 12/20222', '2022-11-01 00:37:15', 'KhaiND', NULL, NULL),
('20442998-2aeb-6906-e3db-f21ac591aca5', '6c2d254c-51c8-2ac9-7409-bf1378b8dc91', 7, 1, 35.0000, 1, 'Học kỳ II', '2022-11-01 00:01:35', 'KhaiND', '2022-12-21 01:17:29', 'KhaiND'),
('205bfdb0-28b5-7e26-e17d-817a123d365d', '79da9aa9-7677-3219-91d5-ba100c6f7bce', 15, 7, 65.0000, 1, '11/2022 - 12/20222', '2022-11-10 14:15:18', 'KhaiND', NULL, NULL),
('206a0a1b-4d6e-2311-01aa-deaf32c96293', '149fb958-744f-70c6-7709-bf1378b8dc91', 12, 6, 85.0000, 1, '11/2022 - 12/20222', '2022-12-03 10:11:49', 'KhaiND', NULL, NULL),
('20827a0d-706d-1d8e-ae7d-817a123d365d', '25c05a16-5c5b-3c9d-94c0-08fd2f807219', 12, 6, 100.0000, 1, '11/2022 - 12/20222', '2022-11-11 03:07:46', 'KhaiND', '2022-12-01 00:05:55', 'KhaiND'),
('2084d1c2-45c8-59fe-eca9-deaf32c96293', '3bad7541-7915-6d1b-34de-23e177779933', 3, 4, 90.0000, 1, '11/2022 - 12/20222', NULL, NULL, '2022-12-16 08:47:43', 'KhaiND'),
('2093e35b-1758-3f95-fdeb-e423f1575e00', '5934ceac-4295-34ba-7c09-bf1378b8dc91', 10, 3, 45.0000, 1, '02/2023 - 04/2023', '2022-11-19 06:02:47', 'KhaiND', NULL, NULL),
('20b4d54c-79c4-657f-2d89-479bce9b28fc', '70db2698-6fe2-46c7-95c0-08fd2f807219', 3, 4, 80.0000, 1, '11/2022 - 12/20222', '2022-11-29 12:39:43', 'KhaiND', '2022-12-23 07:25:37', 'KhaiND'),
('20b6b157-2ff7-6253-1427-71cca92946bf', '1b691e79-236d-5b5a-9d20-39c2f00615e8', 10, 3, 50.0000, 1, '02/2023 - 04/2023', '2022-11-15 11:08:20', 'KhaiND', '2022-12-27 00:30:05', 'KhaiND'),
('20bd7d76-4e0e-3cc3-5cec-e423f1575e00', '14d72c8c-7ebd-4a10-9bd5-ba100c6f7bce', 9, 5, 35.0000, 1, '09/2022 - 02/2023', '2022-11-01 00:04:25', 'KhaiND', '2022-12-06 03:56:41', 'KhaiND'),
('2102924a-510c-7251-a026-71cca92946bf', '1721e531-5a6d-7251-ac0b-87ae14180c33', 12, 6, 60.0000, 1, '11/2022 - 12/20222', '2022-11-01 16:48:39', 'KhaiND', '2022-12-08 00:33:37', 'KhaiND'),
('211bedb5-4db0-2dc1-ebdb-f21ac591aca5', '14d72c8c-7ebd-4a10-9bd5-ba100c6f7bce', 12, 6, 25.0000, 1, '11/2022 - 12/20222', '2022-12-07 19:52:33', 'KhaiND', '2022-12-17 21:55:49', 'KhaiND'),
('21262ee0-236f-7c31-ff3d-c9e9e9038fe2', '7441e84e-3b68-7d8b-63be-406293204378', 3, 4, 100.0000, 1, '11/2022 - 12/20222', '2022-11-23 17:54:08', 'KhaiND', '2022-12-28 21:39:20', 'KhaiND'),
('212c1401-1a0f-2d01-58ec-e423f1575e00', '69cc327f-46ba-72fc-ac20-39c2f00615e8', 12, 6, 65.0000, 1, '11/2022 - 12/20222', '2022-11-01 00:09:53', 'KhaiND', '2022-12-02 07:11:23', 'KhaiND'),
('21512048-4e07-69e2-d4db-f21ac591aca5', '7ab54386-59c1-7a58-a70b-87ae14180c33', 3, 4, 55.0000, 1, '11/2022 - 12/20222', '2022-12-05 08:32:22', 'KhaiND', '2022-12-16 15:38:25', 'KhaiND'),
('217d6157-1d4c-5b09-19ec-e423f1575e00', '65d68747-2ba6-2926-92c0-08fd2f807219', 7, 1, 35.0000, 1, 'Học kỳ II', '2022-12-07 22:49:15', 'KhaiND', '2022-12-16 07:25:22', 'KhaiND'),
('21b5be57-16a3-34ac-c4a9-deaf32c96293', '41c2dce0-2c38-3bc6-16cf-9712082ff6cb', 14, 8, 30.0000, 1, '09/2022 - 02/2023', '2022-11-02 14:11:50', 'KhaiND', '2022-12-01 00:04:40', 'KhaiND'),
('21c53270-41a8-3843-c15e-60fe4d31c979', '7441e84e-3b68-7d8b-63be-406293204378', 14, 8, 30.0000, 1, '09/2022 - 02/2023', '2022-11-01 00:05:08', 'KhaiND', '2022-12-01 00:07:19', 'KhaiND'),
('21d020a6-5900-4f81-eceb-e423f1575e00', '19d3caa4-564a-1b26-4f29-a2925c0f334d', 15, 7, 40.0000, 1, '11/2022 - 12/20222', '2022-11-12 08:53:31', 'KhaiND', '2022-12-17 15:12:42', 'KhaiND'),
('21dc2d24-5e23-4609-51ec-e423f1575e00', '5587ec3f-5ef9-7b84-38de-23e177779933', 9, 5, 40.0000, 1, '09/2022 - 02/2023', NULL, NULL, '2022-12-01 00:01:04', 'KhaiND'),
('2225bcef-6938-2dd1-927d-817a123d365d', '5edf5e81-655b-60fe-8009-bf1378b8dc91', 3, 4, 65.0000, 1, '11/2022 - 12/20222', '2022-11-16 22:40:04', 'KhaiND', '2022-12-10 09:50:37', 'KhaiND'),
('222c4457-1711-14da-e73d-c9e9e9038fe2', '18285e84-56f2-50ef-5429-a2925c0f334d', 12, 6, 95.0000, 1, '11/2022 - 12/20222', '2022-11-19 04:21:09', 'KhaiND', '2022-12-23 22:47:04', 'KhaiND'),
('2232a9c9-4f6a-4cd3-3389-479bce9b28fc', '4a4a8c90-2e57-215e-58be-406293204378', 3, 4, 35.0000, 1, '11/2022 - 12/20222', NULL, NULL, '2022-12-21 08:29:23', 'KhaiND'),
('223a5df7-1bcd-5513-eadb-f21ac591aca5', '52aadc93-3c4a-5df5-ae20-39c2f00615e8', 7, 1, 55.0000, 1, 'Học kỳ II', '2022-11-13 13:02:28', 'KhaiND', NULL, NULL),
('2242e0f1-113b-68ea-643e-c9e9e9038fe2', '5d6636c4-5be9-1fda-0084-196123975cb2', 11, 9, 80.0000, 1, '09/2022 - 02/2023', '2022-11-01 00:15:33', 'KhaiND', '2022-12-11 14:18:32', 'KhaiND'),
('225b0e0b-3942-640b-243e-c9e9e9038fe2', '6c2d254c-51c8-2ac9-7409-bf1378b8dc91', 14, 8, 55.0000, 1, '09/2022 - 02/2023', '2022-11-11 03:01:52', 'KhaiND', '2022-12-27 22:42:43', 'KhaiND'),
('227726a4-500f-6c7a-1389-479bce9b28fc', '45ca8a53-1621-1c68-1acf-9712082ff6cb', 11, 9, 50.0000, 1, '09/2022 - 02/2023', '2022-12-14 18:58:45', 'KhaiND', '2022-12-21 00:35:01', 'KhaiND'),
('22774f82-4470-15ae-dfeb-e423f1575e00', '777df041-51a7-37b6-7509-bf1378b8dc91', 12, 6, 55.0000, 1, '11/2022 - 12/20222', '2022-11-01 00:00:05', 'KhaiND', NULL, NULL),
('228a95d3-7d4b-1326-00aa-deaf32c96293', '3663e7b2-4bb1-7a67-b020-39c2f00615e8', 9, 5, 40.0000, 1, '09/2022 - 02/2023', '2022-12-09 02:20:07', 'KhaiND', '2022-12-28 22:30:18', 'KhaiND'),
('22acb158-5f44-428e-c45e-60fe4d31c979', '57a3f48f-1c1d-1f04-9e20-39c2f00615e8', 8, 2, 90.0000, 1, 'Cả năm', '2022-11-26 00:59:34', 'KhaiND', NULL, NULL),
('22b76c4f-5682-1a9d-e63d-c9e9e9038fe2', '5d6636c4-5be9-1fda-0084-196123975cb2', 12, 6, 55.0000, 1, '11/2022 - 12/20222', '2022-11-01 00:04:05', 'KhaiND', NULL, NULL),
('22c1c64c-691a-46e7-10aa-deaf32c96293', '3700cc49-55b5-69ea-4929-a2925c0f334d', 9, 5, 30.0000, 1, '09/2022 - 02/2023', '2022-11-01 00:42:04', 'KhaiND', '2022-12-16 14:09:36', 'KhaiND'),
('23060425-29ea-366e-917d-817a123d365d', '29d9991f-145f-3468-89c0-08fd2f807219', 10, 3, 50.0000, 1, '02/2023 - 04/2023', NULL, NULL, '2022-12-09 09:10:51', 'KhaiND'),
('231a044f-74aa-6548-cf26-71cca92946bf', '5edf5e81-655b-60fe-8009-bf1378b8dc91', 9, 5, 40.0000, 1, '09/2022 - 02/2023', NULL, NULL, '2022-12-16 06:47:41', 'KhaiND'),
('232833e0-4a65-3435-dc5e-60fe4d31c979', '149fb958-744f-70c6-7709-bf1378b8dc91', 11, 9, 65.0000, 1, '09/2022 - 02/2023', NULL, NULL, '2022-12-01 00:00:09', 'KhaiND'),
('233bb95f-69e5-2735-e97d-817a123d365d', '4931f441-237d-4e19-9e0b-87ae14180c33', 10, 3, 45.0000, 1, '02/2023 - 04/2023', '2022-11-23 10:15:12', 'KhaiND', '2022-12-23 22:50:09', 'KhaiND'),
('2341a819-60a1-2f35-143e-c9e9e9038fe2', '2c6981c9-286a-4e7b-88c0-08fd2f807219', 11, 9, 70.0000, 1, '09/2022 - 02/2023', '2022-12-03 10:15:54', 'KhaiND', NULL, NULL),
('234d07a5-7a98-660a-bf7d-817a123d365d', '7441e84e-3b68-7d8b-63be-406293204378', 11, 9, 65.0000, 1, '09/2022 - 02/2023', '2022-12-01 14:22:27', 'KhaiND', '2022-12-13 15:44:05', 'KhaiND'),
('236dcd47-5918-1466-fd32-03c92da59c43', '3b7145dd-5e9b-7d95-ab20-39c2f00615e8', 14, 8, 85.0000, 1, '09/2022 - 02/2023', '2022-12-15 07:07:14', 'KhaiND', '2022-12-11 21:09:56', 'KhaiND'),
('238cd2d6-5253-2a58-1837-63d5d5eff719', '4e2e6064-6bbe-2699-a30b-87ae14180c33', 10, 3, 65.0000, 1, '02/2023 - 04/2023', '2022-12-04 21:36:39', 'KhaiND', '2022-12-19 15:02:20', 'KhaiND'),
('239d1ef7-50e3-4564-ed5e-60fe4d31c979', '7afbde73-7267-7c6b-a720-39c2f00615e8', 3, 4, 45.0000, 1, '11/2022 - 12/20222', '2022-11-24 04:20:21', 'KhaiND', '2022-12-12 22:40:02', 'KhaiND'),
('23c26a57-5939-4773-3f89-479bce9b28fc', '6c2d254c-51c8-2ac9-7409-bf1378b8dc91', 15, 7, 65.0000, 1, '11/2022 - 12/20222', NULL, NULL, '2022-12-13 08:21:32', 'KhaiND'),
('23f5986b-4bed-4f5d-5d89-479bce9b28fc', '3eb6659b-2fad-2e67-98d5-ba100c6f7bce', 12, 6, 85.0000, 1, '11/2022 - 12/20222', '2022-12-09 20:36:23', 'KhaiND', '2022-12-19 12:52:42', 'KhaiND'),
('24049505-7043-1e9f-e07d-817a123d365d', '40480f96-2014-7c36-4c29-a2925c0f334d', 10, 3, 70.0000, 1, '02/2023 - 04/2023', '2022-11-18 20:02:12', 'KhaiND', '2022-12-01 00:00:37', 'KhaiND'),
('24190ce7-7e8c-5d0a-2f27-71cca92946bf', '57a3f48f-1c1d-1f04-9e20-39c2f00615e8', 14, 8, 40.0000, 1, '09/2022 - 02/2023', '2022-11-10 07:51:57', 'KhaiND', '2022-12-26 16:52:31', 'KhaiND'),
('242f23ff-6220-29d4-1f7e-817a123d365d', '2ea8deee-1b95-2a51-88d5-ba100c6f7bce', 15, 7, 75.0000, 1, '11/2022 - 12/20222', '2022-12-09 13:07:20', 'KhaiND', '2022-12-12 02:36:32', 'KhaiND'),
('2436138b-3fb1-6615-e9db-f21ac591aca5', '25c6c36e-1668-7d10-6e09-bf1378b8dc91', 9, 5, 30.0000, 1, '09/2022 - 02/2023', '2022-11-25 10:02:54', 'KhaiND', '2022-12-21 12:42:56', 'KhaiND'),
('24701348-6bb7-18f0-fe36-63d5d5eff719', '5d6636c4-5be9-1fda-0084-196123975cb2', 9, 5, 35.0000, 1, '09/2022 - 02/2023', '2022-11-01 00:56:16', 'KhaiND', '2022-12-01 00:12:15', 'KhaiND'),
('2493848e-49eb-633e-0d3e-c9e9e9038fe2', '51e78fff-176c-5145-91c0-08fd2f807219', 10, 3, 25.0000, 1, '02/2023 - 04/2023', '2022-11-01 00:01:03', 'KhaiND', '2022-12-12 23:55:33', 'KhaiND'),
('249e81e4-5767-6a48-be7d-817a123d365d', '309122bc-1a1b-5fdb-66be-406293204378', 12, 6, 70.0000, 1, '11/2022 - 12/20222', NULL, NULL, '2022-12-01 00:01:13', 'KhaiND'),
('24c645ae-6ae5-7643-0b37-63d5d5eff719', '13486c96-60ab-3b41-5229-a2925c0f334d', 7, 1, 40.0000, 1, 'Học kỳ II', '2022-12-14 23:10:38', 'KhaiND', '2022-12-01 00:00:04', 'KhaiND'),
('24cb79bb-12b2-7e0d-04dc-f21ac591aca5', '6cb5344e-4b6a-3e87-7809-bf1378b8dc91', 7, 1, 65.0000, 1, 'Học kỳ II', '2022-11-01 00:13:39', 'KhaiND', NULL, NULL),
('24da6ae5-76f2-5d76-ed26-71cca92946bf', '1fd43063-1155-5f39-1dcf-9712082ff6cb', 9, 5, 70.0000, 1, '09/2022 - 02/2023', '2022-11-01 00:00:04', 'KhaiND', '2022-12-10 15:31:35', 'KhaiND'),
('24ef0e02-53cd-7d77-19aa-deaf32c96293', '6c2d254c-51c8-2ac9-7409-bf1378b8dc91', 8, 2, 35.0000, 1, 'Cả năm', '2022-12-03 15:59:09', 'KhaiND', '2022-12-22 11:09:29', 'KhaiND'),
('24f5da10-489c-5b03-1b5f-60fe4d31c979', '430250f1-181c-132c-a40b-87ae14180c33', 8, 2, 80.0000, 1, 'Cả năm', '2022-11-24 05:48:38', 'KhaiND', '2022-12-22 20:55:35', 'KhaiND'),
('250fda14-5c05-3306-4dec-e423f1575e00', '777df041-51a7-37b6-7509-bf1378b8dc91', 14, 8, 35.0000, 1, '09/2022 - 02/2023', '2022-11-25 05:33:40', 'KhaiND', '2022-12-01 00:04:37', 'KhaiND'),
('2521d18b-1fc4-5793-4cec-e423f1575e00', '1721e531-5a6d-7251-ac0b-87ae14180c33', 3, 4, 90.0000, 1, '11/2022 - 12/20222', '2022-12-12 19:13:44', 'KhaiND', NULL, NULL),
('253d4faa-7381-651c-2237-63d5d5eff719', '40480f96-2014-7c36-4c29-a2925c0f334d', 12, 6, 35.0000, 1, '11/2022 - 12/20222', '2022-11-09 19:07:35', 'KhaiND', '2022-12-29 21:07:41', 'KhaiND'),
('2547c97f-4b6f-5b75-29aa-deaf32c96293', '1721e531-5a6d-7251-ac0b-87ae14180c33', 11, 9, 50.0000, 1, '09/2022 - 02/2023', '2022-11-01 00:00:02', 'KhaiND', '2022-12-28 18:56:43', 'KhaiND'),
('25483a3d-4960-31aa-8189-479bce9b28fc', '46b2f54f-4e6b-7159-0784-196123975cb2', 14, 8, 85.0000, 1, '09/2022 - 02/2023', '2022-11-01 00:03:58', 'KhaiND', '2022-12-24 03:58:03', 'KhaiND'),
('255b1fd8-7eab-5498-20aa-deaf32c96293', '69327c00-3606-5757-8fd5-ba100c6f7bce', 11, 9, 90.0000, 1, '09/2022 - 02/2023', '2022-11-11 20:29:55', 'KhaiND', '2022-12-01 00:01:02', 'KhaiND'),
('25c2adee-2fef-3d9e-ec32-03c92da59c43', '1d974e92-2a73-4659-5fbe-406293204378', 8, 2, 35.0000, 1, 'Cả năm', '2022-12-10 15:34:10', 'KhaiND', '2022-12-17 00:34:15', 'KhaiND'),
('25dea251-185a-3ca8-bc26-71cca92946bf', '38528581-656f-2902-32de-23e177779933', 3, 4, 75.0000, 1, '11/2022 - 12/20222', '2022-11-20 11:06:43', 'KhaiND', '2022-12-01 00:00:04', 'KhaiND'),
('25e1e6ae-369c-51eb-eeeb-e423f1575e00', '12437806-26ac-3517-9c0b-87ae14180c33', 12, 6, 95.0000, 1, '11/2022 - 12/20222', NULL, NULL, '2022-12-03 11:15:15', 'KhaiND'),
('25e56091-660a-2c48-02dc-f21ac591aca5', '5d39e97f-36dc-2486-21cf-9712082ff6cb', 12, 6, 40.0000, 1, '11/2022 - 12/20222', NULL, NULL, '2022-12-27 20:13:24', 'KhaiND'),
('25e908a6-7056-36ba-6637-63d5d5eff719', '1f94a596-32c4-2a29-8ad5-ba100c6f7bce', 3, 4, 60.0000, 1, '11/2022 - 12/20222', '2022-11-01 00:00:02', 'KhaiND', '2022-12-17 07:21:18', 'KhaiND'),
('25f58f14-2c76-78f5-0533-03c92da59c43', '432dd01c-18c3-4ea1-37de-23e177779933', 9, 5, 40.0000, 1, '09/2022 - 02/2023', '2022-11-22 09:02:06', 'KhaiND', '2022-12-01 00:00:12', 'KhaiND'),
('25faaec6-37b9-5616-b15e-60fe4d31c979', '38528581-656f-2902-32de-23e177779933', 7, 1, 75.0000, 1, 'Học kỳ II', '2022-11-01 00:00:01', 'KhaiND', '2022-12-01 00:00:47', 'KhaiND'),
('25ffbb31-31f9-4557-8c32-03c92da59c43', '6a3cdb3a-63f6-5410-ad20-39c2f00615e8', 12, 6, 45.0000, 1, '11/2022 - 12/20222', '2022-11-04 00:43:12', 'KhaiND', '2022-12-18 18:53:42', 'KhaiND'),
('26040008-51ef-1709-3b37-63d5d5eff719', '65d68747-2ba6-2926-92c0-08fd2f807219', 11, 9, 100.0000, 1, '09/2022 - 02/2023', '2022-12-01 05:36:30', 'KhaiND', '2022-12-01 00:00:02', 'KhaiND'),
('2626a2e1-2249-48b3-013e-c9e9e9038fe2', '28018b36-16ff-393b-a020-39c2f00615e8', 11, 9, 90.0000, 1, '09/2022 - 02/2023', NULL, NULL, '2022-12-01 00:00:18', 'KhaiND'),
('2641205d-5da1-6a86-aa5e-60fe4d31c979', '51e78fff-176c-5145-91c0-08fd2f807219', 11, 9, 55.0000, 1, '09/2022 - 02/2023', '2022-11-19 14:17:15', 'KhaiND', '2022-12-15 17:09:48', 'KhaiND'),
('26745cf0-312c-2707-4a37-63d5d5eff719', '2915c579-282a-66d4-94d5-ba100c6f7bce', 7, 1, 45.0000, 1, 'Học kỳ II', '2022-11-01 00:08:53', 'KhaiND', '2022-12-31 06:37:42', 'KhaiND'),
('2698c1b6-5ebf-1845-14ec-e423f1575e00', '7441e84e-3b68-7d8b-63be-406293204378', 8, 2, 50.0000, 1, 'Cả năm', '2022-11-01 00:01:27', 'KhaiND', '2022-12-10 01:24:28', 'KhaiND'),
('26990738-1ad7-7715-f53d-c9e9e9038fe2', '26de5798-48e1-14d3-9f0b-87ae14180c33', 10, 3, 65.0000, 1, '02/2023 - 04/2023', '2022-11-17 20:04:36', 'KhaiND', '2022-12-11 01:48:39', 'KhaiND'),
('26a50a93-6f31-6000-22aa-deaf32c96293', '6a3cdb3a-63f6-5410-ad20-39c2f00615e8', 14, 8, 65.0000, 1, '09/2022 - 02/2023', '2022-11-01 00:00:05', 'KhaiND', '2022-12-04 19:06:59', 'KhaiND'),
('26c9a801-1ea0-5956-f632-03c92da59c43', '69cc327f-46ba-72fc-ac20-39c2f00615e8', 11, 9, 25.0000, 1, '09/2022 - 02/2023', '2022-11-20 17:42:54', 'KhaiND', '2022-12-11 09:50:09', 'KhaiND'),
('26d759aa-4d97-63c7-dc26-71cca92946bf', '6e2d162f-65fb-4ac7-35de-23e177779933', 14, 8, 70.0000, 1, '09/2022 - 02/2023', '2022-11-20 22:26:55', 'KhaiND', '2022-12-29 11:29:18', 'KhaiND'),
('26d81b7c-2889-2f8c-17dc-f21ac591aca5', '1d3986c3-11ae-3e82-85c0-08fd2f807219', 3, 4, 45.0000, 1, '11/2022 - 12/20222', '2022-11-04 05:41:30', 'KhaiND', '2022-12-04 14:30:36', 'KhaiND'),
('26dccd1c-368c-32ef-dd7d-817a123d365d', '28018b36-16ff-393b-a020-39c2f00615e8', 9, 5, 45.0000, 1, '09/2022 - 02/2023', '2022-11-23 12:57:43', 'KhaiND', '2022-12-30 06:54:27', 'KhaiND'),
('270c9895-3c06-4198-d326-71cca92946bf', '3939a9cd-6c3f-78bf-9ad5-ba100c6f7bce', 12, 6, 80.0000, 1, '11/2022 - 12/20222', '2022-12-10 00:25:58', 'KhaiND', '2022-12-16 20:22:52', 'KhaiND'),
('271bb328-6af8-480e-9d5e-60fe4d31c979', '5c9f5f1a-6f5c-49cc-59be-406293204378', 12, 6, 45.0000, 1, '11/2022 - 12/20222', '2022-11-01 02:37:35', 'KhaiND', '2022-12-02 07:05:43', 'KhaiND'),
('27212dc4-651c-6135-9832-03c92da59c43', '28bb5b3f-5c7f-5bca-a820-39c2f00615e8', 11, 9, 40.0000, 1, '09/2022 - 02/2023', '2022-12-05 06:21:11', 'KhaiND', '2022-12-30 06:57:30', 'KhaiND'),
('27319a5c-2091-6277-3a37-63d5d5eff719', '5982505e-4827-7305-1ecf-9712082ff6cb', 12, 6, 80.0000, 1, '11/2022 - 12/20222', '2022-11-20 15:15:28', 'KhaiND', '2022-12-01 00:00:04', 'KhaiND'),
('27395d29-7c00-4c7a-063e-c9e9e9038fe2', '7cd8b4b6-438c-5547-92d5-ba100c6f7bce', 8, 2, 55.0000, 1, 'Cả năm', '2022-11-01 00:35:15', 'KhaiND', '2022-12-08 23:15:39', 'KhaiND'),
('27399fcb-11f2-6933-0027-71cca92946bf', '40dcb887-554e-6059-a120-39c2f00615e8', 10, 3, 25.0000, 1, '02/2023 - 04/2023', '2022-11-30 21:56:17', 'KhaiND', '2022-12-19 01:02:24', 'KhaiND'),
('273b97d1-2f59-1b35-bd5e-60fe4d31c979', '35a9fa15-1e85-7c01-0384-196123975cb2', 15, 7, 85.0000, 1, '11/2022 - 12/20222', '2022-11-01 00:00:03', 'KhaiND', '2022-12-01 00:00:08', 'KhaiND'),
('274707bd-13f1-116e-f97d-817a123d365d', '5b34a4d0-6617-1db3-ab0b-87ae14180c33', 11, 9, 100.0000, 1, '09/2022 - 02/2023', '2022-11-28 04:44:58', 'KhaiND', '2022-12-21 15:57:07', 'KhaiND'),
('274d5df8-4aa9-55a2-1e5f-60fe4d31c979', '42a2de43-33e3-3d3e-1ccf-9712082ff6cb', 11, 9, 35.0000, 1, '09/2022 - 02/2023', '2022-11-06 17:32:52', 'KhaiND', '2022-12-06 12:25:33', 'KhaiND'),
('2791e6a2-6be9-15d1-ba5e-60fe4d31c979', '4d759fc8-400f-6e8f-5bbe-406293204378', 15, 7, 90.0000, 1, '11/2022 - 12/20222', '2022-11-01 00:01:19', 'KhaiND', NULL, NULL),
('27acc433-7ebb-4d90-f57d-817a123d365d', '5d6636c4-5be9-1fda-0084-196123975cb2', 14, 8, 30.0000, 1, '09/2022 - 02/2023', '2022-11-01 00:00:12', 'KhaiND', '2022-12-25 12:09:36', 'KhaiND'),
('27bef74b-6471-4744-01dc-f21ac591aca5', '5b34a4d0-6617-1db3-ab0b-87ae14180c33', 8, 2, 90.0000, 1, 'Cả năm', '2022-12-03 11:38:14', 'KhaiND', '2022-12-23 13:02:13', 'KhaiND'),
('27c4c66e-2040-3452-693e-c9e9e9038fe2', '5c9f5f1a-6f5c-49cc-59be-406293204378', 14, 8, 75.0000, 1, '09/2022 - 02/2023', '2022-11-01 00:14:35', 'KhaiND', '2022-12-14 03:40:41', 'KhaiND'),
('27dad4bc-5ce5-458d-1889-479bce9b28fc', '149fb958-744f-70c6-7709-bf1378b8dc91', 15, 7, 70.0000, 1, '11/2022 - 12/20222', '2022-11-01 00:01:33', 'KhaiND', '2022-12-13 00:17:15', 'KhaiND'),
('280de07b-77ca-1d16-cedb-f21ac591aca5', '4d759fc8-400f-6e8f-5bbe-406293204378', 12, 6, 40.0000, 1, '11/2022 - 12/20222', '2022-11-16 05:58:32', 'KhaiND', '2022-12-14 16:44:21', 'KhaiND'),
('283290bd-2cd1-63f5-7089-479bce9b28fc', '6065d99a-3101-55f4-20cf-9712082ff6cb', 15, 7, 65.0000, 1, '11/2022 - 12/20222', NULL, NULL, '2022-12-08 07:04:32', 'KhaiND'),
('283f336c-60cc-589d-0ddc-f21ac591aca5', '5b34a4d0-6617-1db3-ab0b-87ae14180c33', 10, 3, 45.0000, 1, '02/2023 - 04/2023', '2022-11-12 04:29:13', 'KhaiND', '2022-12-23 18:28:25', 'KhaiND'),
('286f2a16-2af4-7a93-1f5f-60fe4d31c979', '144edaf9-3dcb-1a64-0484-196123975cb2', 3, 4, 70.0000, 1, '11/2022 - 12/20222', '2022-11-12 14:01:16', 'KhaiND', '2022-12-15 22:29:05', 'KhaiND'),
('287974fa-5dca-77da-3cec-e423f1575e00', '494e1c26-71cc-292d-a320-39c2f00615e8', 9, 5, 90.0000, 1, '09/2022 - 02/2023', '2022-12-06 23:02:19', 'KhaiND', '2022-12-19 23:40:54', 'KhaiND'),
('28928a3e-11eb-76c3-113e-c9e9e9038fe2', '3bad7541-7915-6d1b-34de-23e177779933', 8, 2, 90.0000, 1, 'Cả năm', '2022-11-20 03:16:41', 'KhaiND', NULL, NULL),
('28a6bf9d-250d-4215-cadb-f21ac591aca5', '3bad7541-7915-6d1b-34de-23e177779933', 9, 5, 50.0000, 1, '09/2022 - 02/2023', '2022-11-28 07:07:17', 'KhaiND', '2022-12-30 20:35:56', 'KhaiND'),
('28b6e93a-1560-54f7-263e-c9e9e9038fe2', '780d4a88-7745-3862-0184-196123975cb2', 10, 3, 75.0000, 1, '02/2023 - 04/2023', '2022-11-05 14:05:27', 'KhaiND', '2022-12-24 16:42:56', 'KhaiND'),
('28c2c972-12b5-1b78-f3eb-e423f1575e00', '19d3caa4-564a-1b26-4f29-a2925c0f334d', 3, 4, 60.0000, 1, '11/2022 - 12/20222', '2022-11-10 16:03:47', 'KhaiND', '2022-12-22 01:32:35', 'KhaiND'),
('28c696bb-14b0-2af6-0b33-03c92da59c43', '36104b10-705b-57a8-83c0-08fd2f807219', 9, 5, 50.0000, 1, '09/2022 - 02/2023', '2022-11-02 18:45:07', 'KhaiND', '2022-12-21 12:08:04', 'KhaiND'),
('28dfa3b4-57ad-4a52-24ec-e423f1575e00', '70e8e9ef-1d12-602a-a420-39c2f00615e8', 15, 7, 60.0000, 1, '11/2022 - 12/20222', '2022-11-25 00:46:00', 'KhaiND', '2022-12-14 05:49:33', 'KhaiND'),
('28e8c67f-42fa-2172-1b7e-817a123d365d', '34811f36-3996-69fc-39de-23e177779933', 3, 4, 55.0000, 1, '11/2022 - 12/20222', '2022-11-01 00:04:54', 'KhaiND', '2022-12-05 03:18:01', 'KhaiND'),
('28f8d5a1-44e8-3c10-ada9-deaf32c96293', '5d9f07e3-23b7-320f-7d09-bf1378b8dc91', 12, 6, 90.0000, 1, '11/2022 - 12/20222', '2022-11-01 00:00:29', 'KhaiND', NULL, NULL),
('291e8823-3ea0-3859-ddeb-e423f1575e00', '3112d5f4-1190-69d8-8dc0-08fd2f807219', 8, 2, 30.0000, 1, 'Cả năm', '2022-11-05 11:22:33', 'KhaiND', '2022-12-01 00:01:16', 'KhaiND'),
('292f7f5d-3ec9-3592-fa3d-c9e9e9038fe2', '1791bb94-7da7-2a8b-8dd5-ba100c6f7bce', 15, 7, 35.0000, 1, '11/2022 - 12/20222', '2022-11-01 00:01:27', 'KhaiND', '2022-12-15 09:25:35', 'KhaiND'),
('293ab951-69ae-7f10-0aaa-deaf32c96293', '430250f1-181c-132c-a40b-87ae14180c33', 14, 8, 50.0000, 1, '09/2022 - 02/2023', '2022-11-07 06:45:36', 'KhaiND', '2022-12-24 20:06:40', 'KhaiND'),
('2985c810-3dac-600f-1927-71cca92946bf', '4ce0877f-48e4-6975-5129-a2925c0f334d', 11, 9, 75.0000, 1, '09/2022 - 02/2023', '2022-12-11 05:50:43', 'KhaiND', '2022-12-23 16:46:02', 'KhaiND'),
('29972e0f-3736-5a0e-9c7d-817a123d365d', '309122bc-1a1b-5fdb-66be-406293204378', 15, 7, 80.0000, 1, '11/2022 - 12/20222', '2022-11-01 00:00:32', 'KhaiND', '2022-12-01 00:01:03', 'KhaiND'),
('299e0ce9-202c-29d6-1f3e-c9e9e9038fe2', '4030e5af-694c-380f-36de-23e177779933', 9, 5, 95.0000, 1, '09/2022 - 02/2023', '2022-11-01 00:00:45', 'KhaiND', '2022-12-22 21:58:19', 'KhaiND'),
('29ac230f-45d2-32c4-af7d-817a123d365d', '6065d99a-3101-55f4-20cf-9712082ff6cb', 9, 5, 70.0000, 1, '09/2022 - 02/2023', '2022-11-27 23:57:36', 'KhaiND', '2022-12-06 21:05:17', 'KhaiND'),
('29b7510f-3583-2b43-f226-71cca92946bf', '4d759fc8-400f-6e8f-5bbe-406293204378', 10, 3, 75.0000, 1, '02/2023 - 04/2023', '2022-12-02 00:05:16', 'KhaiND', '2022-12-01 00:00:04', 'KhaiND'),
('29bf591d-4585-1a02-987d-817a123d365d', '73f98792-723a-5c61-67be-406293204378', 11, 9, 60.0000, 1, '09/2022 - 02/2023', '2022-11-01 00:00:01', 'KhaiND', '2022-12-02 08:57:01', 'KhaiND'),
('29c61339-710c-7c62-0dec-e423f1575e00', '4836ea55-230d-7e7e-69be-406293204378', 14, 8, 85.0000, 1, '09/2022 - 02/2023', NULL, NULL, '2022-12-22 06:24:05', 'KhaiND'),
('29d390c3-22b9-347c-3189-479bce9b28fc', '5587ec3f-5ef9-7b84-38de-23e177779933', 15, 7, 65.0000, 1, '11/2022 - 12/20222', '2022-11-04 20:49:44', 'KhaiND', '2022-12-01 00:00:41', 'KhaiND'),
('29d6e769-60a9-6c08-fc32-03c92da59c43', '75541709-3f4a-4f20-87c0-08fd2f807219', 15, 7, 55.0000, 1, '11/2022 - 12/20222', '2022-12-15 12:42:57', 'KhaiND', NULL, NULL),
('29e8dfa7-679c-5084-217e-817a123d365d', '1f94a596-32c4-2a29-8ad5-ba100c6f7bce', 8, 2, 40.0000, 1, 'Cả năm', '2022-11-01 00:01:30', 'KhaiND', '2022-12-20 07:26:43', 'KhaiND'),
('2a139806-5d21-5e39-0c33-03c92da59c43', '1f94a596-32c4-2a29-8ad5-ba100c6f7bce', 9, 5, 75.0000, 1, '09/2022 - 02/2023', '2022-11-24 23:30:12', 'KhaiND', '2022-12-31 13:39:33', 'KhaiND'),
('2a2d5109-5953-25d4-ac26-71cca92946bf', '4fbf7ac2-4f95-259e-fd83-196123975cb2', 8, 2, 30.0000, 1, 'Cả năm', '2022-11-01 00:00:04', 'KhaiND', '2022-12-26 10:23:53', 'KhaiND'),
('2a5d1e7d-33be-6f5f-60ec-e423f1575e00', '4ce0877f-48e4-6975-5129-a2925c0f334d', 10, 3, 70.0000, 1, '02/2023 - 04/2023', '2022-11-17 21:16:06', 'KhaiND', '2022-12-01 00:00:38', 'KhaiND'),
('2a7547e6-574f-469a-35aa-deaf32c96293', '573da2cd-1579-5327-8cc0-08fd2f807219', 12, 6, 95.0000, 1, '11/2022 - 12/20222', '2022-12-01 00:33:02', 'KhaiND', '2022-12-02 02:29:50', 'KhaiND'),
('2aa8ad24-3347-6ea9-e426-71cca92946bf', '1d974e92-2a73-4659-5fbe-406293204378', 14, 8, 90.0000, 1, '09/2022 - 02/2023', '2022-11-08 06:29:33', 'KhaiND', '2022-12-02 00:45:12', 'KhaiND'),
('2aae5089-48b8-7865-a87d-817a123d365d', '75541709-3f4a-4f20-87c0-08fd2f807219', 12, 6, 55.0000, 1, '11/2022 - 12/20222', '2022-11-01 00:07:39', 'KhaiND', '2022-12-23 06:50:30', 'KhaiND'),
('2aceda08-7935-1715-553e-c9e9e9038fe2', '37dd9bb0-4c53-4134-31de-23e177779933', 11, 9, 80.0000, 1, '09/2022 - 02/2023', '2022-11-01 01:13:36', 'KhaiND', '2022-12-01 00:00:07', 'KhaiND'),
('2ad3f0ac-2c44-3416-2aaa-deaf32c96293', '5d9f07e3-23b7-320f-7d09-bf1378b8dc91', 7, 1, 100.0000, 1, 'Học kỳ II', '2022-11-27 16:50:22', 'KhaiND', '2022-12-28 10:31:34', 'KhaiND'),
('2adb3f03-1e93-3e6a-d7eb-e423f1575e00', '309122bc-1a1b-5fdb-66be-406293204378', 14, 8, 85.0000, 1, '09/2022 - 02/2023', '2022-11-01 00:01:17', 'KhaiND', '2022-12-12 00:51:48', 'KhaiND'),
('2aebdbc7-67c3-432e-e27d-817a123d365d', '70e8e9ef-1d12-602a-a420-39c2f00615e8', 14, 8, 100.0000, 1, '09/2022 - 02/2023', '2022-12-14 17:24:38', 'KhaiND', '2022-12-12 14:58:17', 'KhaiND'),
('2b02c0cc-643f-340e-a3db-f21ac591aca5', '40f7a6ac-21d8-7147-19cf-9712082ff6cb', 8, 2, 50.0000, 1, 'Cả năm', NULL, NULL, '2022-12-01 00:00:33', 'KhaiND'),
('2b18dd08-778e-77c7-30aa-deaf32c96293', '5b34a4d0-6617-1db3-ab0b-87ae14180c33', 9, 5, 25.0000, 1, '09/2022 - 02/2023', '2022-11-01 00:01:24', 'KhaiND', '2022-12-24 13:49:52', 'KhaiND'),
('2b316778-682c-412f-afdb-f21ac591aca5', '14146ceb-2f77-385d-90d5-ba100c6f7bce', 11, 9, 40.0000, 1, '09/2022 - 02/2023', '2022-12-10 18:48:40', 'KhaiND', '2022-12-03 16:11:15', 'KhaiND'),
('2b3506c8-2a58-4b77-a57d-817a123d365d', '53baae5e-52f2-2642-4a29-a2925c0f334d', 9, 5, 80.0000, 1, '09/2022 - 02/2023', '2022-12-15 17:15:22', 'KhaiND', '2022-12-27 11:11:03', 'KhaiND'),
('2b43caa7-5504-6f7e-015f-60fe4d31c979', '2520d168-1494-4217-89d5-ba100c6f7bce', 8, 2, 30.0000, 1, 'Cả năm', NULL, NULL, NULL, NULL),
('2b565106-329c-1c37-2989-479bce9b28fc', '65d68747-2ba6-2926-92c0-08fd2f807219', 15, 7, 30.0000, 1, '11/2022 - 12/20222', '2022-11-13 08:57:43', 'KhaiND', '2022-12-17 12:32:18', 'KhaiND'),
('2b56c864-124e-3e87-21aa-deaf32c96293', '12ed36a1-1f48-34d5-97d5-ba100c6f7bce', 3, 4, 50.0000, 1, '11/2022 - 12/20222', '2022-11-18 07:33:34', 'KhaiND', '2022-12-22 06:44:22', 'KhaiND'),
('2b5d6345-43b2-7f28-18ec-e423f1575e00', '305174e6-1900-371f-a920-39c2f00615e8', 7, 1, 65.0000, 1, 'Học kỳ II', '2022-11-04 15:34:34', 'KhaiND', '2022-12-16 05:43:41', 'KhaiND'),
('2b7eb9a8-52ca-12c6-1aaa-deaf32c96293', '70e8e9ef-1d12-602a-a420-39c2f00615e8', 8, 2, 75.0000, 1, 'Cả năm', '2022-12-06 14:46:20', 'KhaiND', '2022-12-19 22:38:12', 'KhaiND'),
('2b80f8cf-729b-4a23-f332-03c92da59c43', '5d45a0b6-3652-3ed1-5dbe-406293204378', 3, 4, 30.0000, 1, '11/2022 - 12/20222', '2022-11-16 04:53:01', 'KhaiND', '2022-12-01 00:14:24', 'KhaiND'),
('2b827482-6468-194f-8032-03c92da59c43', '7cd8b4b6-438c-5547-92d5-ba100c6f7bce', 3, 4, 65.0000, 1, '11/2022 - 12/20222', '2022-11-27 21:48:00', 'KhaiND', '2022-12-01 00:04:35', 'KhaiND'),
('2b8e469f-7e05-70b3-523e-c9e9e9038fe2', '3c213f7c-5d43-58ec-60be-406293204378', 14, 8, 65.0000, 1, '09/2022 - 02/2023', '2022-11-17 08:01:33', 'KhaiND', '2022-12-21 02:22:03', 'KhaiND'),
('2b8ea240-6602-2686-bca9-deaf32c96293', '4fbf7ac2-4f95-259e-fd83-196123975cb2', 10, 3, 95.0000, 1, '02/2023 - 04/2023', '2022-11-26 09:58:17', 'KhaiND', '2022-12-16 03:58:43', 'KhaiND'),
('2ba8c5f9-43a8-1991-e526-71cca92946bf', '41c2dce0-2c38-3bc6-16cf-9712082ff6cb', 11, 9, 55.0000, 1, '09/2022 - 02/2023', '2022-11-15 08:49:09', 'KhaiND', '2022-12-12 20:21:25', 'KhaiND'),
('2bb2dd4d-3c31-39a2-03dc-f21ac591aca5', '360c3e0f-5235-1165-93c0-08fd2f807219', 11, 9, 85.0000, 1, '09/2022 - 02/2023', '2022-11-28 00:53:20', 'KhaiND', '2022-12-04 17:32:19', 'KhaiND'),
('2bb76180-3262-769d-7b32-03c92da59c43', '6065d99a-3101-55f4-20cf-9712082ff6cb', 11, 9, 100.0000, 1, '09/2022 - 02/2023', '2022-11-01 01:59:21', 'KhaiND', '2022-12-08 02:44:46', 'KhaiND'),
('2bb81b53-3277-4588-e7eb-e423f1575e00', '45ca8a53-1621-1c68-1acf-9712082ff6cb', 7, 1, 25.0000, 1, 'Học kỳ II', '2022-11-24 23:42:52', 'KhaiND', '2022-12-09 17:41:51', 'KhaiND'),
('2bbd0b0c-24c7-72ba-293e-c9e9e9038fe2', '13486c96-60ab-3b41-5229-a2925c0f334d', 9, 5, 45.0000, 1, '09/2022 - 02/2023', '2022-11-30 19:57:10', 'KhaiND', '2022-12-01 00:00:02', 'KhaiND'),
('2bbedba5-4afc-4e61-117e-817a123d365d', '5ee2ba7f-49ee-5b09-5cbe-406293204378', 11, 9, 100.0000, 1, '09/2022 - 02/2023', NULL, NULL, '2022-12-01 00:04:18', 'KhaiND'),
('2bddf225-1c1a-5c00-bc32-03c92da59c43', '6e98d16d-1cee-3d90-4d29-a2925c0f334d', 14, 8, 90.0000, 1, '09/2022 - 02/2023', '2022-11-16 22:05:46', 'KhaiND', '2022-12-01 00:00:07', 'KhaiND'),
('2be19c88-33cd-3cbf-16dc-f21ac591aca5', '2ea8deee-1b95-2a51-88d5-ba100c6f7bce', 7, 1, 90.0000, 1, 'Học kỳ II', '2022-11-01 00:00:05', 'KhaiND', '2022-12-26 19:36:25', 'KhaiND'),
('2be8c286-1633-42d1-c47d-817a123d365d', '14146ceb-2f77-385d-90d5-ba100c6f7bce', 12, 6, 85.0000, 1, '11/2022 - 12/20222', '2022-11-01 00:00:03', 'KhaiND', '2022-12-28 08:37:32', 'KhaiND'),
('2c1823be-746a-1a10-b1db-f21ac591aca5', '5c9f5f1a-6f5c-49cc-59be-406293204378', 9, 5, 45.0000, 1, '09/2022 - 02/2023', '2022-11-27 05:15:57', 'KhaiND', '2022-12-01 00:00:03', 'KhaiND'),
('2c2f3deb-6413-5b52-1f37-63d5d5eff719', '618a90d5-41f5-5b77-93d5-ba100c6f7bce', 7, 1, 50.0000, 1, 'Học kỳ II', NULL, NULL, NULL, NULL),
('2c3b77b3-475f-5c0c-e926-71cca92946bf', '22b46f5b-19ce-529f-0284-196123975cb2', 10, 3, 65.0000, 1, '02/2023 - 04/2023', '2022-11-01 00:00:44', 'KhaiND', '2022-12-01 02:17:26', 'KhaiND'),
('2c4fb2c7-7a37-5e8e-215f-60fe4d31c979', '204c0070-4a99-51b1-7209-bf1378b8dc91', 14, 8, 55.0000, 1, '09/2022 - 02/2023', '2022-11-01 01:08:37', 'KhaiND', '2022-12-07 04:17:57', 'KhaiND'),
('2c57415a-72e8-3992-27aa-deaf32c96293', '15cb3909-1246-2add-33de-23e177779933', 7, 1, 90.0000, 1, 'Học kỳ II', '2022-11-01 00:01:03', 'KhaiND', NULL, NULL),
('2c6420ea-1efc-456f-393e-c9e9e9038fe2', '79da9aa9-7677-3219-91d5-ba100c6f7bce', 7, 1, 85.0000, 1, 'Học kỳ II', '2022-11-01 01:25:14', 'KhaiND', '2022-12-29 09:26:11', 'KhaiND'),
('2c8353fa-5fac-49b2-eaeb-e423f1575e00', '20bbbd0b-3c4a-7d94-6f09-bf1378b8dc91', 9, 5, 45.0000, 1, '09/2022 - 02/2023', '2022-12-12 09:28:56', 'KhaiND', '2022-12-01 00:00:04', 'KhaiND'),
('2c877063-6031-389a-10ec-e423f1575e00', '22b46f5b-19ce-529f-0284-196123975cb2', 8, 2, 30.0000, 1, 'Cả năm', '2022-11-11 00:18:19', 'KhaiND', '2022-12-19 02:13:45', 'KhaiND'),
('2c953411-3490-7ec9-6f89-479bce9b28fc', '6452e402-1744-5bf8-aa20-39c2f00615e8', 8, 2, 100.0000, 1, 'Cả năm', NULL, NULL, '2022-12-01 11:55:18', 'KhaiND'),
('2c98b2d4-3d90-3e79-f732-03c92da59c43', '15cb3909-1246-2add-33de-23e177779933', 3, 4, 35.0000, 1, '11/2022 - 12/20222', '2022-11-25 09:33:23', 'KhaiND', '2022-12-25 11:49:38', 'KhaiND'),
('2cbf47ea-2f97-1f55-32aa-deaf32c96293', '14ee7bc0-194c-3948-57be-406293204378', 14, 8, 30.0000, 1, '09/2022 - 02/2023', '2022-11-26 03:47:17', 'KhaiND', '2022-12-01 00:00:03', 'KhaiND'),
('2cc02bf2-445a-3dc6-bf5e-60fe4d31c979', '18b097ad-30aa-66c1-7909-bf1378b8dc91', 14, 8, 70.0000, 1, '09/2022 - 02/2023', '2022-11-08 23:10:06', 'KhaiND', '2022-12-20 00:04:50', 'KhaiND'),
('2cd434c1-6b7d-1771-d9db-f21ac591aca5', '5edb7881-65a5-415d-7f09-bf1378b8dc91', 7, 1, 40.0000, 1, 'Học kỳ II', '2022-11-01 00:00:49', 'KhaiND', '2022-12-19 23:51:48', 'KhaiND'),
('2cd5f15d-36fa-61de-7789-479bce9b28fc', '4fbf7ac2-4f95-259e-fd83-196123975cb2', 14, 8, 40.0000, 1, '09/2022 - 02/2023', '2022-11-06 15:25:43', 'KhaiND', '2022-12-23 13:43:06', 'KhaiND'),
('2d1b44e4-7f2a-2185-503e-c9e9e9038fe2', '79da9aa9-7677-3219-91d5-ba100c6f7bce', 12, 6, 50.0000, 1, '11/2022 - 12/20222', '2022-11-01 00:00:09', 'KhaiND', '2022-12-27 17:05:24', 'KhaiND'),
('2d278396-726e-55fb-f67d-817a123d365d', '38fae0a4-2a8d-7751-17cf-9712082ff6cb', 8, 2, 55.0000, 1, 'Cả năm', '2022-12-06 20:57:44', 'KhaiND', '2022-12-08 13:42:32', 'KhaiND'),
('2d61d5d2-53ad-607e-ea5e-60fe4d31c979', '6ef29a53-7bc8-7018-90c0-08fd2f807219', 10, 3, 45.0000, 1, '02/2023 - 04/2023', '2022-11-08 02:07:51', 'KhaiND', '2022-12-01 03:26:03', 'KhaiND'),
('2d7487ba-2b86-7432-7037-63d5d5eff719', '6006f6a5-7953-28f9-95d5-ba100c6f7bce', 11, 9, 45.0000, 1, '09/2022 - 02/2023', '2022-11-01 00:00:09', 'KhaiND', '2022-12-26 09:48:15', 'KhaiND'),
('2d794f7d-75e0-4d56-1c5f-60fe4d31c979', '15d0d796-1465-4665-fc83-196123975cb2', 12, 6, 90.0000, 1, '11/2022 - 12/20222', '2022-11-01 00:00:22', 'KhaiND', '2022-12-01 00:01:15', 'KhaiND'),
('2db0d0ce-2def-1d07-f85e-60fe4d31c979', '6e2d162f-65fb-4ac7-35de-23e177779933', 10, 3, 65.0000, 1, '02/2023 - 04/2023', NULL, NULL, '2022-12-19 13:57:58', 'KhaiND'),
('2dca40aa-1e06-7229-6889-479bce9b28fc', '38fae0a4-2a8d-7751-17cf-9712082ff6cb', 9, 5, 65.0000, 1, '09/2022 - 02/2023', '2022-11-30 10:44:39', 'KhaiND', '2022-12-01 17:23:39', 'KhaiND'),
('2dcae7f1-5e5e-6af4-fc88-479bce9b28fc', '5d45a0b6-3652-3ed1-5dbe-406293204378', 11, 9, 90.0000, 1, '09/2022 - 02/2023', '2022-12-09 17:23:49', 'KhaiND', '2022-12-01 02:18:22', 'KhaiND'),
('2dd35270-14ae-3483-e732-03c92da59c43', '5d39e97f-36dc-2486-21cf-9712082ff6cb', 11, 9, 45.0000, 1, '09/2022 - 02/2023', '2022-11-01 00:00:21', 'KhaiND', '2022-12-01 00:01:10', 'KhaiND'),
('2df71844-59cd-1895-98db-f21ac591aca5', '1d3986c3-11ae-3e82-85c0-08fd2f807219', 11, 9, 70.0000, 1, '09/2022 - 02/2023', '2022-12-14 15:32:41', 'KhaiND', NULL, NULL),
('2e52e0dd-6fb1-21a6-16ec-e423f1575e00', '4873f760-36b1-4c42-8bc0-08fd2f807219', 15, 7, 100.0000, 1, '11/2022 - 12/20222', '2022-11-13 07:29:01', 'KhaiND', '2022-12-01 05:15:08', 'KhaiND'),
('2e977e32-178f-266e-9d32-03c92da59c43', '22f29725-54f0-11f0-9d0b-87ae14180c33', 14, 8, 40.0000, 1, '09/2022 - 02/2023', '2022-11-01 00:01:31', 'KhaiND', NULL, NULL),
('2ea80632-61da-1895-5537-63d5d5eff719', '6e98d16d-1cee-3d90-4d29-a2925c0f334d', 12, 6, 95.0000, 1, '11/2022 - 12/20222', '2022-11-01 00:01:11', 'KhaiND', '2022-12-10 13:05:06', 'KhaiND'),
('2eafec7b-2ace-7cc7-04aa-deaf32c96293', '6a94b3d5-77fe-38bf-a90b-87ae14180c33', 12, 6, 45.0000, 1, '11/2022 - 12/20222', '2022-12-06 16:56:08', 'KhaiND', '2022-12-20 09:37:32', 'KhaiND'),
('2ebdc746-5fc2-1300-f736-63d5d5eff719', '34811f36-3996-69fc-39de-23e177779933', 12, 6, 25.0000, 1, '11/2022 - 12/20222', '2022-12-15 08:51:41', 'KhaiND', '2022-12-01 00:06:53', 'KhaiND'),
('2ec8e8b1-7aa8-7867-5437-63d5d5eff719', '7ab54386-59c1-7a58-a70b-87ae14180c33', 12, 6, 85.0000, 1, '11/2022 - 12/20222', '2022-11-19 06:15:18', 'KhaiND', '2022-12-25 15:23:27', 'KhaiND'),
('2efe82c7-6245-48b0-1e27-71cca92946bf', '6b47b37f-3123-3ce7-14cf-9712082ff6cb', 8, 2, 55.0000, 1, 'Cả năm', '2022-11-01 00:06:19', 'KhaiND', '2022-12-02 18:08:37', 'KhaiND'),
('2f3babb1-4667-4653-96db-f21ac591aca5', '18285e84-56f2-50ef-5429-a2925c0f334d', 8, 2, 80.0000, 1, 'Cả năm', NULL, NULL, '2022-12-01 00:00:10', 'KhaiND'),
('2f468ef9-2a42-6f28-4389-479bce9b28fc', '38528581-656f-2902-32de-23e177779933', 9, 5, 95.0000, 1, '09/2022 - 02/2023', '2022-12-08 04:04:51', 'KhaiND', '2022-12-03 06:23:43', 'KhaiND'),
('2f4c937f-1e26-36a7-0037-63d5d5eff719', '162d5d1a-66c5-228d-0984-196123975cb2', 7, 1, 95.0000, 1, 'Học kỳ II', '2022-12-05 00:17:21', 'KhaiND', '2022-12-06 06:08:38', 'KhaiND'),
('2f513a39-5afa-79c7-4a89-479bce9b28fc', '5587ec3f-5ef9-7b84-38de-23e177779933', 11, 9, 80.0000, 1, '09/2022 - 02/2023', '2022-11-01 02:26:24', 'KhaiND', '2022-12-03 13:42:32', 'KhaiND'),
('2f552c27-5e5b-6a1f-3f37-63d5d5eff719', '2c6981c9-286a-4e7b-88c0-08fd2f807219', 9, 5, 70.0000, 1, '09/2022 - 02/2023', '2022-11-02 16:26:53', 'KhaiND', '2022-12-03 12:48:07', 'KhaiND'),
('2f92f5b5-4762-7607-947d-817a123d365d', '777df041-51a7-37b6-7509-bf1378b8dc91', 7, 1, 65.0000, 1, 'Học kỳ II', '2022-11-01 01:09:37', 'KhaiND', '2022-12-01 00:12:45', 'KhaiND'),
('2f981f51-5b5a-5208-0d7e-817a123d365d', '749f165c-16de-4b32-86c0-08fd2f807219', 8, 2, 50.0000, 1, 'Cả năm', '2022-11-01 00:13:13', 'KhaiND', '2022-12-05 03:54:13', 'KhaiND'),
('2fa8cb2e-4a49-3826-4d37-63d5d5eff719', '28955144-6588-500f-0684-196123975cb2', 15, 7, 60.0000, 1, '11/2022 - 12/20222', '2022-12-12 20:56:41', 'KhaiND', NULL, NULL),
('2fb142f7-64d9-3b4d-4537-63d5d5eff719', '234d2569-6b1c-720c-9f20-39c2f00615e8', 15, 7, 50.0000, 1, '11/2022 - 12/20222', '2022-11-22 21:34:58', 'KhaiND', '2022-12-01 00:12:40', 'KhaiND'),
('2fbfebbd-4e15-7d87-4789-479bce9b28fc', '57a949ac-4627-2a53-8fc0-08fd2f807219', 3, 4, 75.0000, 1, '11/2022 - 12/20222', NULL, NULL, '2022-12-01 00:00:14', 'KhaiND'),
('2fd0c68a-7897-7f01-5f3e-c9e9e9038fe2', '1b691e79-236d-5b5a-9d20-39c2f00615e8', 9, 5, 75.0000, 1, '09/2022 - 02/2023', '2022-11-01 17:30:40', 'KhaiND', '2022-12-04 02:18:36', 'KhaiND'),
('3033d731-4d9e-5783-7837-63d5d5eff719', '6ef29a53-7bc8-7018-90c0-08fd2f807219', 15, 7, 60.0000, 1, '11/2022 - 12/20222', '2022-11-22 00:49:07', 'KhaiND', NULL, NULL),
('303c4d8e-482f-43db-a6db-f21ac591aca5', '40480f96-2014-7c36-4c29-a2925c0f334d', 3, 4, 30.0000, 1, '11/2022 - 12/20222', '2022-11-01 00:00:01', 'KhaiND', '2022-12-01 00:16:09', 'KhaiND'),
('304f52e9-6766-76e7-3dec-e423f1575e00', '3eb6659b-2fad-2e67-98d5-ba100c6f7bce', 11, 9, 100.0000, 1, '09/2022 - 02/2023', '2022-11-13 14:05:49', 'KhaiND', '2022-12-01 00:00:10', 'KhaiND'),
('3050247c-47a5-2690-6537-63d5d5eff719', '573da2cd-1579-5327-8cc0-08fd2f807219', 15, 7, 95.0000, 1, '11/2022 - 12/20222', '2022-12-14 19:44:53', 'KhaiND', '2022-12-10 13:52:59', 'KhaiND'),
('305d4707-2134-6e9c-eb7d-817a123d365d', '432dd01c-18c3-4ea1-37de-23e177779933', 15, 7, 50.0000, 1, '11/2022 - 12/20222', '2022-11-30 09:21:43', 'KhaiND', '2022-12-01 00:00:01', 'KhaiND'),
('308fd462-51d5-560f-a532-03c92da59c43', '65c089ca-2aae-5759-8109-bf1378b8dc91', 3, 4, 50.0000, 1, '11/2022 - 12/20222', NULL, NULL, '2022-12-01 00:00:17', 'KhaiND'),
('30906d2b-1832-17ee-08aa-deaf32c96293', '354f1b13-17bf-1b52-87d5-ba100c6f7bce', 8, 2, 70.0000, 1, 'Cả năm', '2022-11-28 09:36:09', 'KhaiND', '2022-12-18 13:54:12', 'KhaiND'),
('30b44257-45a9-27c5-1589-479bce9b28fc', '592ad0f7-5391-704d-af20-39c2f00615e8', 10, 3, 65.0000, 1, '02/2023 - 04/2023', '2022-12-01 16:53:22', 'KhaiND', NULL, NULL),
('30b471a2-182c-6799-dcdb-f21ac591aca5', '494e1c26-71cc-292d-a320-39c2f00615e8', 8, 2, 55.0000, 1, 'Cả năm', '2022-11-20 19:49:21', 'KhaiND', '2022-12-26 19:13:30', 'KhaiND'),
('30d6ca2d-16e2-61ea-a7a9-deaf32c96293', '3deb9637-21c9-2f33-a50b-87ae14180c33', 8, 2, 60.0000, 1, 'Cả năm', '2022-11-14 15:00:34', 'KhaiND', NULL, NULL),
('30eeef43-450f-422b-f9a9-deaf32c96293', '18b097ad-30aa-66c1-7909-bf1378b8dc91', 12, 6, 80.0000, 1, '11/2022 - 12/20222', '2022-11-01 05:26:04', 'KhaiND', '2022-12-21 18:50:18', 'KhaiND'),
('3105114d-448a-5e55-193e-c9e9e9038fe2', '361ca472-1312-3c9f-a60b-87ae14180c33', 11, 9, 80.0000, 1, '09/2022 - 02/2023', '2022-11-20 15:16:20', 'KhaiND', '2022-12-27 10:44:56', 'KhaiND'),
('311028bc-4a7c-50be-fc3d-c9e9e9038fe2', '42a2de43-33e3-3d3e-1ccf-9712082ff6cb', 9, 5, 40.0000, 1, '09/2022 - 02/2023', '2022-12-11 01:31:01', 'KhaiND', '2022-12-01 00:02:45', 'KhaiND'),
('31334dac-50fa-54dd-fceb-e423f1575e00', '2c6981c9-286a-4e7b-88c0-08fd2f807219', 3, 4, 95.0000, 1, '11/2022 - 12/20222', NULL, NULL, '2022-12-06 21:55:49', 'KhaiND'),
('313f60b1-46ca-730e-63ec-e423f1575e00', '6b47b37f-3123-3ce7-14cf-9712082ff6cb', 9, 5, 40.0000, 1, '09/2022 - 02/2023', '2022-12-04 15:58:15', 'KhaiND', '2022-12-28 09:26:12', 'KhaiND'),
('31411ed4-19d1-7175-ca26-71cca92946bf', '1d3986c3-11ae-3e82-85c0-08fd2f807219', 10, 3, 80.0000, 1, '02/2023 - 04/2023', '2022-11-01 02:40:08', 'KhaiND', '2022-12-01 00:16:17', 'KhaiND'),
('3148638a-30ed-15a0-0137-63d5d5eff719', '204c0070-4a99-51b1-7209-bf1378b8dc91', 11, 9, 45.0000, 1, '09/2022 - 02/2023', '2022-11-26 14:07:32', 'KhaiND', '2022-12-09 18:10:13', 'KhaiND'),
('314c0d80-15d4-7a14-cb5e-60fe4d31c979', '35a9fa15-1e85-7c01-0384-196123975cb2', 7, 1, 95.0000, 1, 'Học kỳ II', '2022-11-01 00:15:45', 'KhaiND', '2022-12-01 00:00:09', 'KhaiND'),
('316adc0c-325a-3e63-be5e-60fe4d31c979', '204c0070-4a99-51b1-7209-bf1378b8dc91', 8, 2, 35.0000, 1, 'Cả năm', '2022-11-01 00:01:08', 'KhaiND', '2022-12-01 01:12:48', 'KhaiND'),
('317f7ead-3a8c-4102-e55e-60fe4d31c979', '6a94b3d5-77fe-38bf-a90b-87ae14180c33', 11, 9, 35.0000, 1, '09/2022 - 02/2023', '2022-11-01 00:00:07', 'KhaiND', '2022-12-01 00:00:10', 'KhaiND'),
('31a8c714-5ae9-7497-0a5f-60fe4d31c979', '777df041-51a7-37b6-7509-bf1378b8dc91', 3, 4, 85.0000, 1, '11/2022 - 12/20222', '2022-11-01 00:00:34', 'KhaiND', '2022-12-27 03:07:00', 'KhaiND'),
('31c18e33-5600-6a06-c95e-60fe4d31c979', '62a849b4-1145-4227-7009-bf1378b8dc91', 11, 9, 35.0000, 1, '09/2022 - 02/2023', '2022-11-01 02:17:17', 'KhaiND', '2022-12-27 19:50:38', 'KhaiND'),
('31d31751-3ee3-7307-af32-03c92da59c43', '5ca4f407-2d2d-24db-18cf-9712082ff6cb', 3, 4, 90.0000, 1, '11/2022 - 12/20222', '2022-12-05 07:04:01', 'KhaiND', '2022-12-01 01:35:28', 'KhaiND'),
('31db9a92-6165-700a-0e89-479bce9b28fc', '6ef29a53-7bc8-7018-90c0-08fd2f807219', 12, 6, 55.0000, 1, '11/2022 - 12/20222', '2022-11-23 07:25:43', 'KhaiND', '2022-12-01 00:01:29', 'KhaiND'),
('31f9144d-2479-3766-cf32-03c92da59c43', '201328e5-6594-725d-8ed5-ba100c6f7bce', 12, 6, 80.0000, 1, '11/2022 - 12/20222', '2022-11-04 00:24:32', 'KhaiND', '2022-12-01 00:08:19', 'KhaiND'),
('31fffa75-6c37-7104-fd36-63d5d5eff719', '52aadc93-3c4a-5df5-ae20-39c2f00615e8', 14, 8, 70.0000, 1, '09/2022 - 02/2023', '2022-12-10 17:42:11', 'KhaiND', '2022-12-22 02:32:51', 'KhaiND'),
('3213dd2c-1d01-2b04-1d7e-817a123d365d', '28955144-6588-500f-0684-196123975cb2', 9, 5, 55.0000, 1, '09/2022 - 02/2023', '2022-11-15 07:25:30', 'KhaiND', '2022-12-01 00:09:11', 'KhaiND'),
('321858dc-75e3-4ae4-18aa-deaf32c96293', '6006f6a5-7953-28f9-95d5-ba100c6f7bce', 3, 4, 90.0000, 1, '11/2022 - 12/20222', '2022-11-01 02:32:14', 'KhaiND', '2022-12-16 12:55:33', 'KhaiND'),
('3232a633-6df1-3d40-fc36-63d5d5eff719', '3939a9cd-6c3f-78bf-9ad5-ba100c6f7bce', 15, 7, 35.0000, 1, '11/2022 - 12/20222', '2022-11-12 04:24:04', 'KhaiND', '2022-12-18 18:15:42', 'KhaiND'),
('325c745a-4e7b-2fd6-5837-63d5d5eff719', '4a4a8c90-2e57-215e-58be-406293204378', 8, 2, 100.0000, 1, 'Cả năm', '2022-11-01 00:20:32', 'KhaiND', '2022-12-04 10:26:57', 'KhaiND'),
('326b2b02-7aa0-482b-ea32-03c92da59c43', '53baae5e-52f2-2642-4a29-a2925c0f334d', 14, 8, 50.0000, 1, '09/2022 - 02/2023', '2022-11-01 00:00:09', 'KhaiND', '2022-12-14 18:10:47', 'KhaiND'),
('32754b11-70fd-76a0-34ec-e423f1575e00', '749f165c-16de-4b32-86c0-08fd2f807219', 3, 4, 55.0000, 1, '11/2022 - 12/20222', '2022-11-06 20:21:58', 'KhaiND', '2022-12-23 16:40:42', 'KhaiND'),
('32c6d318-7234-636d-e5db-f21ac591aca5', '5b34a4d0-6617-1db3-ab0b-87ae14180c33', 7, 1, 90.0000, 1, 'Học kỳ II', '2022-12-04 21:49:29', 'KhaiND', '2022-12-17 12:24:49', 'KhaiND'),
('32c998a6-275a-43d1-097e-817a123d365d', '5edb7881-65a5-415d-7f09-bf1378b8dc91', 9, 5, 85.0000, 1, '09/2022 - 02/2023', '2022-11-01 00:01:11', 'KhaiND', '2022-12-21 16:49:18', 'KhaiND'),
('32e61860-658d-318d-ac32-03c92da59c43', '25c05a16-5c5b-3c9d-94c0-08fd2f807219', 10, 3, 90.0000, 1, '02/2023 - 04/2023', '2022-11-21 14:10:50', 'KhaiND', '2022-12-23 12:00:56', 'KhaiND'),
('3318be2d-616d-6476-e832-03c92da59c43', '6a94b3d5-77fe-38bf-a90b-87ae14180c33', 10, 3, 60.0000, 1, '02/2023 - 04/2023', '2022-11-01 00:12:31', 'KhaiND', '2022-12-01 00:00:07', 'KhaiND'),
('33236bef-2316-5224-baa9-deaf32c96293', '6be6c0e9-220a-3d03-96d5-ba100c6f7bce', 14, 8, 45.0000, 1, '09/2022 - 02/2023', '2022-11-01 00:00:20', 'KhaiND', '2022-12-16 23:32:37', 'KhaiND'),
('3326f3fb-61a3-20c5-1489-479bce9b28fc', '3b7145dd-5e9b-7d95-ab20-39c2f00615e8', 8, 2, 65.0000, 1, 'Cả năm', NULL, NULL, '2022-12-14 02:03:03', 'KhaiND'),
('332cba1e-3ad1-277f-9932-03c92da59c43', '162d5d1a-66c5-228d-0984-196123975cb2', 11, 9, 50.0000, 1, '09/2022 - 02/2023', '2022-12-08 16:48:20', 'KhaiND', '2022-12-30 10:28:35', 'KhaiND'),
('3346e6d4-2f56-5d1b-c7a9-deaf32c96293', '765a8849-65a2-2ad9-a220-39c2f00615e8', 12, 6, 60.0000, 1, '11/2022 - 12/20222', '2022-11-10 23:52:41', 'KhaiND', '2022-12-01 00:00:02', 'KhaiND'),
('3353e20c-6249-5469-0b89-479bce9b28fc', '34811f36-3996-69fc-39de-23e177779933', 8, 2, 80.0000, 1, 'Cả năm', NULL, NULL, '2022-12-01 00:01:37', 'KhaiND'),
('335bd106-1d2d-68da-f726-71cca92946bf', '669c8349-2fc8-1dc3-a620-39c2f00615e8', 11, 9, 30.0000, 1, '09/2022 - 02/2023', '2022-11-02 04:48:10', 'KhaiND', '2022-12-01 00:00:01', 'KhaiND'),
('3362919f-372e-2e63-1b27-71cca92946bf', '3deb9637-21c9-2f33-a50b-87ae14180c33', 3, 4, 70.0000, 1, '11/2022 - 12/20222', '2022-11-30 19:01:35', 'KhaiND', '2022-12-23 21:23:50', 'KhaiND'),
('3373498b-421d-50e1-2c27-71cca92946bf', '486f3705-5928-5b0d-15cf-9712082ff6cb', 11, 9, 90.0000, 1, '09/2022 - 02/2023', '2022-12-03 04:43:06', 'KhaiND', '2022-12-21 17:06:23', 'KhaiND'),
('33788ad4-3a79-1cbf-dd26-71cca92946bf', '74de5ccc-59ee-1411-a00b-87ae14180c33', 9, 5, 100.0000, 1, '09/2022 - 02/2023', '2022-12-10 02:13:12', 'KhaiND', '2022-12-01 01:22:16', 'KhaiND'),
('3380a1e4-5965-3326-b75e-60fe4d31c979', '65a297e8-7141-3f82-aa0b-87ae14180c33', 3, 4, 30.0000, 1, '11/2022 - 12/20222', '2022-11-08 13:39:15', 'KhaiND', '2022-12-29 10:27:43', 'KhaiND'),
('33ae8f96-32c2-7d95-313e-c9e9e9038fe2', '6e2d162f-65fb-4ac7-35de-23e177779933', 11, 9, 85.0000, 1, '09/2022 - 02/2023', '2022-11-24 03:30:29', 'KhaiND', '2022-12-01 00:01:10', 'KhaiND'),
('33c0eb0d-1d74-4cbe-4689-479bce9b28fc', '5edb7881-65a5-415d-7f09-bf1378b8dc91', 11, 9, 70.0000, 1, '09/2022 - 02/2023', '2022-11-01 00:06:49', 'KhaiND', '2022-12-30 06:06:03', 'KhaiND'),
('33cb82bf-3ae2-5d80-a6a9-deaf32c96293', '768816a8-415c-1cf2-7e09-bf1378b8dc91', 8, 2, 100.0000, 1, 'Cả năm', '2022-12-05 20:07:05', 'KhaiND', '2022-12-24 09:53:18', 'KhaiND'),
('33cca844-3696-4549-ff7d-817a123d365d', '432dd01c-18c3-4ea1-37de-23e177779933', 11, 9, 55.0000, 1, '09/2022 - 02/2023', '2022-11-01 00:00:01', 'KhaiND', '2022-12-01 00:00:09', 'KhaiND'),
('33cd195b-7479-4fe2-b1a9-deaf32c96293', '374bb943-1e92-11bb-0884-196123975cb2', 7, 1, 55.0000, 1, 'Học kỳ II', '2022-11-10 06:15:50', 'KhaiND', '2022-12-18 13:34:53', 'KhaiND'),
('33cd3fc6-7b40-1c76-0a7e-817a123d365d', '5d6636c4-5be9-1fda-0084-196123975cb2', 7, 1, 65.0000, 1, 'Học kỳ II', '2022-12-09 17:46:03', 'KhaiND', NULL, NULL),
('33f92509-2e25-7406-3689-479bce9b28fc', '65a297e8-7141-3f82-aa0b-87ae14180c33', 8, 2, 100.0000, 1, 'Cả năm', '2022-11-01 00:00:09', 'KhaiND', '2022-12-01 00:09:17', 'KhaiND'),
('341ddb56-7cac-269b-2789-479bce9b28fc', '4e2e6064-6bbe-2699-a30b-87ae14180c33', 9, 5, 30.0000, 1, '09/2022 - 02/2023', '2022-11-01 00:00:08', 'KhaiND', '2022-12-04 16:47:41', 'KhaiND'),
('343a4857-2316-444f-b5db-f21ac591aca5', '3be24f1a-760f-693b-0584-196123975cb2', 7, 1, 85.0000, 1, 'Học kỳ II', NULL, NULL, '2022-12-24 19:19:55', 'KhaiND'),
('343e05cd-6d97-7ad2-b232-03c92da59c43', '182ac03d-3bc5-1d27-7309-bf1378b8dc91', 12, 6, 65.0000, 1, '11/2022 - 12/20222', '2022-11-11 03:52:15', 'KhaiND', '2022-12-07 11:44:59', 'KhaiND'),
('345f7ac8-530d-22c4-bb32-03c92da59c43', '35a9fa15-1e85-7c01-0384-196123975cb2', 11, 9, 75.0000, 1, '09/2022 - 02/2023', '2022-11-06 16:02:09', 'KhaiND', '2022-12-08 06:29:21', 'KhaiND'),
('34867c2d-206e-2510-f4eb-e423f1575e00', '361ca472-1312-3c9f-a60b-87ae14180c33', 15, 7, 80.0000, 1, '11/2022 - 12/20222', '2022-12-02 06:44:38', 'KhaiND', '2022-12-31 09:23:32', 'KhaiND'),
('34a3b472-1844-32bb-e2db-f21ac591aca5', '201328e5-6594-725d-8ed5-ba100c6f7bce', 8, 2, 75.0000, 1, 'Cả năm', '2022-11-09 00:54:11', 'KhaiND', '2022-12-06 10:06:26', 'KhaiND'),
('34af3714-3590-54ea-0e37-63d5d5eff719', '34811f36-3996-69fc-39de-23e177779933', 9, 5, 50.0000, 1, '09/2022 - 02/2023', '2022-12-08 02:45:27', 'KhaiND', '2022-12-01 00:01:08', 'KhaiND'),
('34bad200-66bc-58f5-2caa-deaf32c96293', '36104b10-705b-57a8-83c0-08fd2f807219', 12, 6, 35.0000, 1, '11/2022 - 12/20222', '2022-11-28 05:27:38', 'KhaiND', '2022-12-01 01:34:43', 'KhaiND'),
('34c46ac4-6746-3dab-5d3e-c9e9e9038fe2', '1873592d-62c0-6ef7-5329-a2925c0f334d', 12, 6, 65.0000, 1, '11/2022 - 12/20222', NULL, NULL, '2022-12-24 10:59:38', 'KhaiND'),
('34c95a4a-7b65-16cf-e05e-60fe4d31c979', '2915c579-282a-66d4-94d5-ba100c6f7bce', 3, 4, 90.0000, 1, '11/2022 - 12/20222', '2022-11-01 00:01:20', 'KhaiND', '2022-12-12 01:22:03', 'KhaiND'),
('34ef690e-311d-3763-017e-817a123d365d', '7afbde73-7267-7c6b-a720-39c2f00615e8', 11, 9, 75.0000, 1, '09/2022 - 02/2023', '2022-12-01 02:50:34', 'KhaiND', '2022-12-01 00:00:09', 'KhaiND'),
('3503b7e3-2b01-5efd-9332-03c92da59c43', '2c6981c9-286a-4e7b-88c0-08fd2f807219', 14, 8, 65.0000, 1, '09/2022 - 02/2023', '2022-12-11 08:20:31', 'KhaiND', NULL, NULL),
('352176d3-50f2-4c43-36aa-deaf32c96293', '53baae5e-52f2-2642-4a29-a2925c0f334d', 11, 9, 30.0000, 1, '09/2022 - 02/2023', '2022-11-01 00:00:01', 'KhaiND', '2022-12-03 22:31:11', 'KhaiND'),
('35276135-4344-4f3a-9b5e-60fe4d31c979', '1721e531-5a6d-7251-ac0b-87ae14180c33', 10, 3, 65.0000, 1, '02/2023 - 04/2023', '2022-11-09 04:09:16', 'KhaiND', '2022-12-10 07:14:09', 'KhaiND'),
('3541ff76-58f0-6d1a-e836-63d5d5eff719', '15cb3909-1246-2add-33de-23e177779933', 10, 3, 30.0000, 1, '02/2023 - 04/2023', '2022-11-01 00:01:22', 'KhaiND', '2022-12-04 20:29:30', 'KhaiND'),
('354c2ba0-7b32-6b76-6c37-63d5d5eff719', '184d1ec3-7c8a-71f9-99d5-ba100c6f7bce', 3, 4, 95.0000, 1, '11/2022 - 12/20222', '2022-11-06 23:01:17', 'KhaiND', '2022-12-01 00:00:01', 'KhaiND'),
('35506f93-5b04-6759-09aa-deaf32c96293', '768816a8-415c-1cf2-7e09-bf1378b8dc91', 15, 7, 35.0000, 1, '11/2022 - 12/20222', '2022-12-11 06:52:03', 'KhaiND', '2022-12-01 00:00:38', 'KhaiND'),
('35543ea0-37fd-2b08-0489-479bce9b28fc', '4030e5af-694c-380f-36de-23e177779933', 7, 1, 75.0000, 1, 'Học kỳ II', '2022-11-01 00:01:16', 'KhaiND', '2022-12-19 21:10:17', 'KhaiND'),
('355a1457-7495-1eac-fc26-71cca92946bf', '57a949ac-4627-2a53-8fc0-08fd2f807219', 7, 1, 80.0000, 1, 'Học kỳ II', '2022-11-01 00:46:46', 'KhaiND', '2022-12-07 10:33:11', 'KhaiND'),
('3560d15e-4488-5d5c-0cec-e423f1575e00', '18b097ad-30aa-66c1-7909-bf1378b8dc91', 3, 4, 65.0000, 1, '11/2022 - 12/20222', '2022-11-14 07:36:25', 'KhaiND', '2022-12-29 02:25:47', 'KhaiND'),
('35842331-22ea-3ce0-363e-c9e9e9038fe2', '354f1b13-17bf-1b52-87d5-ba100c6f7bce', 12, 6, 35.0000, 1, '11/2022 - 12/20222', '2022-12-03 05:03:42', 'KhaiND', '2022-12-18 17:13:36', 'KhaiND'),
('35892c73-529a-790f-2f3e-c9e9e9038fe2', '36134ff2-25de-148e-3bde-23e177779933', 8, 2, 85.0000, 1, 'Cả năm', '2022-11-16 19:13:35', 'KhaiND', '2022-12-14 23:58:40', 'KhaiND'),
('358f06a2-2a05-453c-cd5e-60fe4d31c979', '669c8349-2fc8-1dc3-a620-39c2f00615e8', 15, 7, 30.0000, 1, '11/2022 - 12/20222', '2022-11-18 13:34:54', 'KhaiND', '2022-12-02 15:41:26', 'KhaiND'),
('35a51f86-5899-40c3-c5a9-deaf32c96293', '504468a1-12c6-6902-7b09-bf1378b8dc91', 15, 7, 55.0000, 1, '11/2022 - 12/20222', '2022-11-01 00:41:08', 'KhaiND', '2022-12-10 13:03:08', 'KhaiND'),
('35bebb6d-5ecc-32b7-4337-63d5d5eff719', '7ab54386-59c1-7a58-a70b-87ae14180c33', 7, 1, 65.0000, 1, 'Học kỳ II', '2022-11-01 00:01:15', 'KhaiND', NULL, NULL),
('35cca361-6c6a-57e5-12ec-e423f1575e00', '2917e651-61f8-7f1a-a20b-87ae14180c33', 15, 7, 40.0000, 1, '11/2022 - 12/20222', NULL, NULL, '2022-12-28 22:58:29', 'KhaiND'),
('35d1deaf-66a0-532a-1937-63d5d5eff719', '13486c96-60ab-3b41-5229-a2925c0f334d', 12, 6, 95.0000, 1, '11/2022 - 12/20222', '2022-11-12 09:55:26', 'KhaiND', '2022-12-01 00:03:58', 'KhaiND'),
('35f13310-71c1-16c8-0537-63d5d5eff719', '777df041-51a7-37b6-7509-bf1378b8dc91', 10, 3, 60.0000, 1, '02/2023 - 04/2023', '2022-11-09 19:49:43', 'KhaiND', '2022-12-18 19:16:33', 'KhaiND'),
('35fedee4-4452-4423-027e-817a123d365d', '6452e402-1744-5bf8-aa20-39c2f00615e8', 12, 6, 45.0000, 1, '11/2022 - 12/20222', '2022-11-28 08:53:33', 'KhaiND', '2022-12-16 10:29:44', 'KhaiND'),
('36082e98-7bf0-15dd-e8db-f21ac591aca5', '37dd9bb0-4c53-4134-31de-23e177779933', 15, 7, 65.0000, 1, '11/2022 - 12/20222', '2022-11-01 00:09:28', 'KhaiND', '2022-12-31 09:00:51', 'KhaiND'),
('360bd677-6625-32bf-c726-71cca92946bf', '3be24f1a-760f-693b-0584-196123975cb2', 3, 4, 35.0000, 1, '11/2022 - 12/20222', '2022-11-27 15:10:51', 'KhaiND', '2022-12-01 00:01:33', 'KhaiND'),
('3616845e-7dac-7464-aba9-deaf32c96293', '74de5ccc-59ee-1411-a00b-87ae14180c33', 14, 8, 55.0000, 1, '09/2022 - 02/2023', '2022-11-25 09:01:17', 'KhaiND', '2022-12-03 01:49:04', 'KhaiND'),
('361a820f-6638-6990-1c89-479bce9b28fc', '3b63fdfb-1c64-6574-ad0b-87ae14180c33', 11, 9, 95.0000, 1, '09/2022 - 02/2023', '2022-11-01 01:01:41', 'KhaiND', '2022-12-25 05:43:22', 'KhaiND'),
('3643a62a-5d30-6c1d-d2db-f21ac591aca5', '669c8349-2fc8-1dc3-a620-39c2f00615e8', 7, 1, 75.0000, 1, 'Học kỳ II', '2022-11-02 18:04:24', 'KhaiND', '2022-12-10 15:03:35', 'KhaiND'),
('3658a015-31cc-4a77-e37d-817a123d365d', '4836ea55-230d-7e7e-69be-406293204378', 3, 4, 80.0000, 1, '11/2022 - 12/20222', '2022-11-01 00:16:33', 'KhaiND', '2022-12-01 00:00:05', 'KhaiND'),
('36635f62-46f0-470e-b6a9-deaf32c96293', '780d4a88-7745-3862-0184-196123975cb2', 15, 7, 60.0000, 1, '11/2022 - 12/20222', '2022-12-10 16:27:45', 'KhaiND', '2022-12-21 14:38:20', 'KhaiND'),
('36698427-4ac9-1d0d-2089-479bce9b28fc', '74de5ccc-59ee-1411-a00b-87ae14180c33', 8, 2, 85.0000, 1, 'Cả năm', '2022-11-07 14:25:27', 'KhaiND', '2022-12-01 00:01:01', 'KhaiND'),
('36711897-50b6-7602-ce32-03c92da59c43', '62a849b4-1145-4227-7009-bf1378b8dc91', 10, 3, 35.0000, 1, '02/2023 - 04/2023', '2022-12-13 09:00:17', 'KhaiND', '2022-12-08 13:12:52', 'KhaiND'),
('36788d68-7e73-7ad0-2627-71cca92946bf', '3deb9637-21c9-2f33-a50b-87ae14180c33', 11, 9, 100.0000, 1, '09/2022 - 02/2023', '2022-11-01 00:00:17', 'KhaiND', '2022-12-01 00:07:29', 'KhaiND'),
('3682ab91-6f26-7fe3-b27d-817a123d365d', '5ca4f407-2d2d-24db-18cf-9712082ff6cb', 14, 8, 25.0000, 1, '09/2022 - 02/2023', '2022-11-28 04:58:02', 'KhaiND', '2022-12-18 01:59:14', 'KhaiND'),
('36979700-7670-7adf-403e-c9e9e9038fe2', '5dec46ef-3437-32f8-a80b-87ae14180c33', 7, 1, 75.0000, 1, 'Học kỳ II', '2022-11-01 00:21:23', 'KhaiND', '2022-12-01 02:11:34', 'KhaiND'),
('36a69b49-53d4-446b-a85e-60fe4d31c979', '25c05a16-5c5b-3c9d-94c0-08fd2f807219', 11, 9, 80.0000, 1, '09/2022 - 02/2023', '2022-11-06 17:47:51', 'KhaiND', NULL, NULL),
('36affb0e-5d50-1fc4-137e-817a123d365d', '42a2de43-33e3-3d3e-1ccf-9712082ff6cb', 3, 4, 75.0000, 1, '11/2022 - 12/20222', '2022-12-09 08:36:57', 'KhaiND', '2022-12-18 23:43:09', 'KhaiND'),
('36bf6c4c-1a04-5d38-7b37-63d5d5eff719', '1f94a596-32c4-2a29-8ad5-ba100c6f7bce', 12, 6, 35.0000, 1, '11/2022 - 12/20222', '2022-11-04 15:09:16', 'KhaiND', '2022-12-14 08:01:03', 'KhaiND'),
('36d68504-5a21-15fb-fb3d-c9e9e9038fe2', '4931f441-237d-4e19-9e0b-87ae14180c33', 15, 7, 75.0000, 1, '11/2022 - 12/20222', '2022-11-01 18:40:05', 'KhaiND', '2022-12-23 22:08:41', 'KhaiND'),
('3702aa6a-4791-506b-dba9-deaf32c96293', '22b46f5b-19ce-529f-0284-196123975cb2', 11, 9, 65.0000, 1, '09/2022 - 02/2023', '2022-11-10 18:51:03', 'KhaiND', '2022-12-22 00:09:37', 'KhaiND'),
('370d82f7-3160-458e-a05e-60fe4d31c979', '13486c96-60ab-3b41-5229-a2925c0f334d', 15, 7, 95.0000, 1, '11/2022 - 12/20222', NULL, NULL, '2022-12-31 08:42:34', 'KhaiND'),
('3713740b-1353-22e3-df7d-817a123d365d', '5587ec3f-5ef9-7b84-38de-23e177779933', 3, 4, 40.0000, 1, '11/2022 - 12/20222', '2022-12-01 21:48:21', 'KhaiND', '2022-12-01 00:01:09', 'KhaiND'),
('372339d7-4b68-1896-2827-71cca92946bf', '5934ceac-4295-34ba-7c09-bf1378b8dc91', 14, 8, 35.0000, 1, '09/2022 - 02/2023', '2022-11-01 00:06:23', 'KhaiND', '2022-12-24 08:53:00', 'KhaiND'),
('372730b2-1417-560d-66ec-e423f1575e00', '12437806-26ac-3517-9c0b-87ae14180c33', 14, 8, 30.0000, 1, '09/2022 - 02/2023', '2022-11-14 09:47:13', 'KhaiND', '2022-12-01 00:01:27', 'KhaiND'),
('372947ad-589d-378c-b05e-60fe4d31c979', '3663e7b2-4bb1-7a67-b020-39c2f00615e8', 14, 8, 90.0000, 1, '09/2022 - 02/2023', '2022-11-04 23:58:40', 'KhaiND', '2022-12-17 09:58:50', 'KhaiND'),
('372c44fd-797b-68c6-207e-817a123d365d', '6cb5344e-4b6a-3e87-7809-bf1378b8dc91', 12, 6, 100.0000, 1, '11/2022 - 12/20222', '2022-11-01 00:04:02', 'KhaiND', '2022-12-01 00:11:11', 'KhaiND'),
('3735267c-70eb-3878-f888-479bce9b28fc', '2535c718-4dd9-311b-8cd5-ba100c6f7bce', 8, 2, 70.0000, 1, 'Cả năm', '2022-11-01 00:00:38', 'KhaiND', NULL, NULL),
('3748ded0-63e0-4110-0cdc-f21ac591aca5', '5dec46ef-3437-32f8-a80b-87ae14180c33', 9, 5, 100.0000, 1, '09/2022 - 02/2023', '2022-11-01 00:00:09', 'KhaiND', '2022-12-24 00:28:17', 'KhaiND'),
('37a61f60-4e23-6d17-f8a9-deaf32c96293', '357d7c4e-4b7f-11c2-84c0-08fd2f807219', 8, 2, 65.0000, 1, 'Cả năm', '2022-12-03 04:05:15', 'KhaiND', '2022-12-04 19:41:53', 'KhaiND'),
('37a6745a-5f61-2b7b-b25e-60fe4d31c979', '22b46f5b-19ce-529f-0284-196123975cb2', 3, 4, 30.0000, 1, '11/2022 - 12/20222', '2022-12-07 10:51:49', 'KhaiND', '2022-12-30 05:42:27', 'KhaiND'),
('37b7750c-7e8f-5616-ca32-03c92da59c43', '3663e7b2-4bb1-7a67-b020-39c2f00615e8', 8, 2, 75.0000, 1, 'Cả năm', '2022-11-02 11:09:19', 'KhaiND', '2022-12-08 14:47:00', 'KhaiND'),
('37c7a9d1-7f3a-4c9d-4889-479bce9b28fc', '25c6c36e-1668-7d10-6e09-bf1378b8dc91', 10, 3, 65.0000, 1, '02/2023 - 04/2023', '2022-11-21 22:42:07', 'KhaiND', '2022-12-01 00:00:13', 'KhaiND'),
('37ddc018-1f14-64b6-2c89-479bce9b28fc', '22f29725-54f0-11f0-9d0b-87ae14180c33', 3, 4, 80.0000, 1, '11/2022 - 12/20222', '2022-11-16 08:16:22', 'KhaiND', '2022-12-01 00:01:36', 'KhaiND'),
('37e1e67b-12f5-79a7-e0db-f21ac591aca5', '5d39e97f-36dc-2486-21cf-9712082ff6cb', 15, 7, 90.0000, 1, '11/2022 - 12/20222', '2022-12-09 16:51:05', 'KhaiND', '2022-12-20 22:54:15', 'KhaiND'),
('37f1aa54-3cd5-4644-a626-71cca92946bf', '1721e531-5a6d-7251-ac0b-87ae14180c33', 8, 2, 75.0000, 1, 'Cả năm', '2022-11-30 22:34:50', 'KhaiND', '2022-12-01 00:01:05', 'KhaiND'),
('3808611f-12ce-6148-0427-71cca92946bf', '7dbd90f6-6015-12c6-4b29-a2925c0f334d', 12, 6, 35.0000, 1, '11/2022 - 12/20222', '2022-11-16 00:08:00', 'KhaiND', '2022-12-29 22:55:07', 'KhaiND'),
('3845c414-5e84-4369-5237-63d5d5eff719', '29d9991f-145f-3468-89c0-08fd2f807219', 3, 4, 65.0000, 1, '11/2022 - 12/20222', '2022-11-01 00:09:24', 'KhaiND', '2022-12-16 07:42:14', 'KhaiND'),
('3871e9de-3e0c-434f-de26-71cca92946bf', '403f8763-44b1-517d-7609-bf1378b8dc91', 8, 2, 75.0000, 1, 'Cả năm', '2022-11-28 22:36:56', 'KhaiND', '2022-12-02 14:23:08', 'KhaiND'),
('388ba88a-1971-7a2c-b35e-60fe4d31c979', '2c6981c9-286a-4e7b-88c0-08fd2f807219', 15, 7, 85.0000, 1, '11/2022 - 12/20222', '2022-11-02 06:56:13', 'KhaiND', '2022-12-01 00:00:50', 'KhaiND'),
('38988070-1859-5d2f-c5db-f21ac591aca5', '3bad7541-7915-6d1b-34de-23e177779933', 15, 7, 60.0000, 1, '11/2022 - 12/20222', '2022-11-01 00:10:51', 'KhaiND', '2022-12-01 02:38:13', 'KhaiND'),
('38a1901e-521e-1d0a-683e-c9e9e9038fe2', '3eb6659b-2fad-2e67-98d5-ba100c6f7bce', 9, 5, 45.0000, 1, '09/2022 - 02/2023', '2022-11-01 00:00:08', 'KhaiND', '2022-12-01 00:00:22', 'KhaiND'),
('38af5e17-33a1-39fd-9632-03c92da59c43', '618a90d5-41f5-5b77-93d5-ba100c6f7bce', 11, 9, 60.0000, 1, '09/2022 - 02/2023', '2022-11-01 00:00:06', 'KhaiND', '2022-12-27 01:50:22', 'KhaiND'),
('38b8e062-255f-6b8c-4b3e-c9e9e9038fe2', '201328e5-6594-725d-8ed5-ba100c6f7bce', 9, 5, 45.0000, 1, '09/2022 - 02/2023', '2022-11-01 00:00:04', 'KhaiND', '2022-12-14 02:32:12', 'KhaiND'),
('38d56efe-67bb-4f56-c026-71cca92946bf', '14ee7bc0-194c-3948-57be-406293204378', 8, 2, 50.0000, 1, 'Cả năm', '2022-12-15 01:49:55', 'KhaiND', NULL, NULL),
('38d9efb7-5e79-2147-6b3e-c9e9e9038fe2', '50c0928f-1779-4e8b-a520-39c2f00615e8', 15, 7, 80.0000, 1, '11/2022 - 12/20222', '2022-11-09 08:08:12', 'KhaiND', '2022-12-01 00:00:44', 'KhaiND'),
('38db59c1-2473-535d-b8a9-deaf32c96293', '1113bff9-7186-5b43-68be-406293204378', 14, 8, 30.0000, 1, '09/2022 - 02/2023', '2022-11-01 02:09:56', 'KhaiND', '2022-12-29 14:49:14', 'KhaiND'),
('38e0034a-201d-38c5-d432-03c92da59c43', '70e8e9ef-1d12-602a-a420-39c2f00615e8', 3, 4, 85.0000, 1, '11/2022 - 12/20222', '2022-11-08 09:46:53', 'KhaiND', '2022-12-01 01:58:32', 'KhaiND'),
('38f5c11d-242e-41b0-433e-c9e9e9038fe2', '2520d168-1494-4217-89d5-ba100c6f7bce', 11, 9, 25.0000, 1, '09/2022 - 02/2023', '2022-12-05 06:38:21', 'KhaiND', NULL, NULL),
('3920d858-4112-14d5-07dc-f21ac591aca5', '57a949ac-4627-2a53-8fc0-08fd2f807219', 9, 5, 30.0000, 1, '09/2022 - 02/2023', '2022-11-01 00:04:46', 'KhaiND', '2022-12-17 21:09:53', 'KhaiND'),
('3936f434-2ee8-530b-40ec-e423f1575e00', '6b47b37f-3123-3ce7-14cf-9712082ff6cb', 7, 1, 30.0000, 1, 'Học kỳ II', '2022-11-01 00:00:46', 'KhaiND', '2022-12-06 20:50:55', 'KhaiND'),
('393cd6f2-2396-1cde-323e-c9e9e9038fe2', '7441e84e-3b68-7d8b-63be-406293204378', 9, 5, 80.0000, 1, '09/2022 - 02/2023', '2022-12-01 14:34:44', 'KhaiND', '2022-12-31 22:50:29', 'KhaiND'),
('393d045a-728c-5d1e-12aa-deaf32c96293', '3deb9637-21c9-2f33-a50b-87ae14180c33', 14, 8, 35.0000, 1, '09/2022 - 02/2023', '2022-11-03 12:57:30', 'KhaiND', '2022-12-07 05:33:31', 'KhaiND'),
('393dca4b-29f6-37bc-edeb-e423f1575e00', '4fbf7ac2-4f95-259e-fd83-196123975cb2', 9, 5, 65.0000, 1, '09/2022 - 02/2023', '2022-11-01 09:13:14', 'KhaiND', '2022-12-29 00:01:31', 'KhaiND'),
('393f6f5e-52c8-1167-2689-479bce9b28fc', '38528581-656f-2902-32de-23e177779933', 12, 6, 85.0000, 1, '11/2022 - 12/20222', '2022-11-04 23:25:06', 'KhaiND', NULL, NULL),
('39446ba3-3071-7af6-a5a9-deaf32c96293', '765a8849-65a2-2ad9-a220-39c2f00615e8', 14, 8, 35.0000, 1, '09/2022 - 02/2023', NULL, NULL, '2022-12-03 03:35:50', 'KhaiND'),
('394ae2c7-56ef-64bc-1d27-71cca92946bf', '7679ed67-7f03-71df-61be-406293204378', 12, 6, 85.0000, 1, '11/2022 - 12/20222', '2022-12-15 03:20:15', 'KhaiND', '2022-12-31 02:22:09', 'KhaiND'),
('396b3e43-7ac4-4eda-dceb-e423f1575e00', '5d45a0b6-3652-3ed1-5dbe-406293204378', 12, 6, 45.0000, 1, '11/2022 - 12/20222', '2022-11-10 23:51:41', 'KhaiND', '2022-12-01 12:03:34', 'KhaiND'),
('397520f1-36ef-4bd1-deeb-e423f1575e00', '5ee2ba7f-49ee-5b09-5cbe-406293204378', 10, 3, 85.0000, 1, '02/2023 - 04/2023', '2022-12-11 19:13:43', 'KhaiND', '2022-12-31 09:02:50', 'KhaiND'),
('398c0d47-33fe-1d83-b57d-817a123d365d', '618a90d5-41f5-5b77-93d5-ba100c6f7bce', 15, 7, 80.0000, 1, '11/2022 - 12/20222', NULL, NULL, '2022-12-16 23:52:42', 'KhaiND'),
('39956e1a-48a9-3831-f026-71cca92946bf', '36134ff2-25de-148e-3bde-23e177779933', 12, 6, 85.0000, 1, '11/2022 - 12/20222', '2022-11-01 00:01:15', 'KhaiND', '2022-12-01 02:15:28', 'KhaiND'),
('39a101b0-21ad-451e-413e-c9e9e9038fe2', '37dd9bb0-4c53-4134-31de-23e177779933', 3, 4, 45.0000, 1, '11/2022 - 12/20222', '2022-11-24 03:56:52', 'KhaiND', '2022-12-30 15:41:01', 'KhaiND'),
('39b28de2-7aad-27f0-ab26-71cca92946bf', '7b353b36-3996-4309-4e29-a2925c0f334d', 10, 3, 70.0000, 1, '02/2023 - 04/2023', '2022-11-19 01:53:14', 'KhaiND', '2022-12-25 22:39:52', 'KhaiND'),
('39b8b572-356b-4863-b77d-817a123d365d', '41c2dce0-2c38-3bc6-16cf-9712082ff6cb', 15, 7, 85.0000, 1, '11/2022 - 12/20222', '2022-11-20 12:06:23', 'KhaiND', NULL, NULL),
('39ba9e8e-3051-2444-8432-03c92da59c43', '5d6636c4-5be9-1fda-0084-196123975cb2', 8, 2, 25.0000, 1, 'Cả năm', '2022-12-07 16:19:49', 'KhaiND', '2022-12-24 07:33:35', 'KhaiND'),
('39cd0bcc-4b50-3089-2baa-deaf32c96293', '73f98792-723a-5c61-67be-406293204378', 3, 4, 50.0000, 1, '11/2022 - 12/20222', '2022-11-01 02:46:35', 'KhaiND', '2022-12-01 00:00:40', 'KhaiND'),
('39cf9093-759c-5c9f-c9a9-deaf32c96293', '13548f3b-37b7-728f-ff83-196123975cb2', 7, 1, 40.0000, 1, 'Học kỳ II', '2022-11-16 22:47:37', 'KhaiND', '2022-12-01 00:03:01', 'KhaiND'),
('39d64fb5-3552-6003-eb26-71cca92946bf', '22f29725-54f0-11f0-9d0b-87ae14180c33', 11, 9, 85.0000, 1, '09/2022 - 02/2023', '2022-11-06 18:03:15', 'KhaiND', '2022-12-11 20:51:03', 'KhaiND'),
('3a1b5220-44bc-15a5-2337-63d5d5eff719', '494e1c26-71cc-292d-a320-39c2f00615e8', 3, 4, 70.0000, 1, '11/2022 - 12/20222', '2022-11-25 23:05:29', 'KhaiND', '2022-12-11 14:31:07', 'KhaiND'),
('3a1bd47b-3c76-1666-b532-03c92da59c43', '3939a9cd-6c3f-78bf-9ad5-ba100c6f7bce', 8, 2, 100.0000, 1, 'Cả năm', '2022-12-06 19:18:41', 'KhaiND', '2022-12-18 05:57:20', 'KhaiND'),
('3a4acb22-5a7d-50d4-9cdb-f21ac591aca5', '74de5ccc-59ee-1411-a00b-87ae14180c33', 3, 4, 100.0000, 1, '11/2022 - 12/20222', '2022-12-02 17:19:54', 'KhaiND', '2022-12-01 00:00:02', 'KhaiND'),
('3a5163e5-748a-75c3-61ec-e423f1575e00', '42a2de43-33e3-3d3e-1ccf-9712082ff6cb', 7, 1, 95.0000, 1, 'Học kỳ II', '2022-11-01 03:00:54', 'KhaiND', '2022-12-01 00:00:05', 'KhaiND'),
('3a62aba1-48b1-1695-b95e-60fe4d31c979', '361ca472-1312-3c9f-a60b-87ae14180c33', 3, 4, 40.0000, 1, '11/2022 - 12/20222', '2022-11-23 17:05:59', 'KhaiND', '2022-12-04 11:42:11', 'KhaiND'),
('3a7252c1-1e7f-6f46-faeb-e423f1575e00', '6be6c0e9-220a-3d03-96d5-ba100c6f7bce', 7, 1, 75.0000, 1, 'Học kỳ II', '2022-12-05 13:38:15', 'KhaiND', '2022-12-27 05:32:44', 'KhaiND'),
('3a730e47-3cd0-2ab3-42ec-e423f1575e00', '6a94b3d5-77fe-38bf-a90b-87ae14180c33', 8, 2, 25.0000, 1, 'Cả năm', '2022-11-01 02:20:59', 'KhaiND', NULL, NULL),
('3a800e9d-513c-5edc-1e37-63d5d5eff719', '494e1c26-71cc-292d-a320-39c2f00615e8', 15, 7, 25.0000, 1, '11/2022 - 12/20222', '2022-12-09 17:50:19', 'KhaiND', '2022-12-13 14:04:03', 'KhaiND'),
('3a815850-6881-72da-7832-03c92da59c43', '573da2cd-1579-5327-8cc0-08fd2f807219', 8, 2, 40.0000, 1, 'Cả năm', '2022-11-18 22:12:34', 'KhaiND', '2022-12-26 07:50:35', 'KhaiND'),
('3a8ead83-522d-4ff5-173e-c9e9e9038fe2', '3bad7541-7915-6d1b-34de-23e177779933', 10, 3, 50.0000, 1, '02/2023 - 04/2023', '2022-11-22 10:01:48', 'KhaiND', '2022-12-13 21:39:06', 'KhaiND'),
('3a9e1961-3e94-6629-1e7e-817a123d365d', '20bbbd0b-3c4a-7d94-6f09-bf1378b8dc91', 3, 4, 50.0000, 1, '11/2022 - 12/20222', '2022-12-11 11:59:08', 'KhaiND', '2022-12-14 00:25:59', 'KhaiND'),
('3aa5f4ee-7b51-1bc6-e032-03c92da59c43', '669c8349-2fc8-1dc3-a620-39c2f00615e8', 8, 2, 80.0000, 1, 'Cả năm', '2022-12-15 03:18:32', 'KhaiND', '2022-12-09 16:36:12', 'KhaiND'),
('3aa5fcb2-4679-5253-d57d-817a123d365d', '1113bff9-7186-5b43-68be-406293204378', 8, 2, 30.0000, 1, 'Cả năm', '2022-11-30 11:51:35', 'KhaiND', '2022-12-12 10:26:44', 'KhaiND'),
('3aa90504-7036-1d7b-2327-71cca92946bf', '184d1ec3-7c8a-71f9-99d5-ba100c6f7bce', 7, 1, 70.0000, 1, 'Học kỳ II', '2022-11-01 00:00:10', 'KhaiND', '2022-12-03 15:34:48', 'KhaiND'),
('3ab954ef-656c-2605-0fec-e423f1575e00', '182ac03d-3bc5-1d27-7309-bf1378b8dc91', 14, 8, 70.0000, 1, '09/2022 - 02/2023', '2022-12-01 03:37:25', 'KhaiND', '2022-12-12 04:46:46', 'KhaiND'),
('3b117439-45ba-1573-a732-03c92da59c43', '618a90d5-41f5-5b77-93d5-ba100c6f7bce', 3, 4, 90.0000, 1, '11/2022 - 12/20222', '2022-11-01 00:00:06', 'KhaiND', NULL, NULL),
('3b1d4485-1c0e-1e37-d8db-f21ac591aca5', '2c6981c9-286a-4e7b-88c0-08fd2f807219', 10, 3, 90.0000, 1, '02/2023 - 04/2023', '2022-11-26 17:39:30', 'KhaiND', '2022-12-07 13:26:40', 'KhaiND'),
('3b3583d1-41d4-530c-2189-479bce9b28fc', '2c6981c9-286a-4e7b-88c0-08fd2f807219', 7, 1, 80.0000, 1, 'Học kỳ II', '2022-12-02 22:15:08', 'KhaiND', '2022-12-20 19:50:39', 'KhaiND'),
('3b416497-1f0b-6eaa-6789-479bce9b28fc', '36104b10-705b-57a8-83c0-08fd2f807219', 3, 4, 95.0000, 1, '11/2022 - 12/20222', '2022-11-28 22:02:19', 'KhaiND', '2022-12-26 23:24:51', 'KhaiND'),
('3b44d633-1909-62c3-0eaa-deaf32c96293', '15d0d796-1465-4665-fc83-196123975cb2', 14, 8, 45.0000, 1, '09/2022 - 02/2023', '2022-11-18 17:20:52', 'KhaiND', '2022-12-14 05:51:19', 'KhaiND'),
('3b464fbc-6c87-6d21-15dc-f21ac591aca5', '1d3986c3-11ae-3e82-85c0-08fd2f807219', 15, 7, 45.0000, 1, '11/2022 - 12/20222', '2022-12-11 20:32:52', 'KhaiND', '2022-12-15 13:11:18', 'KhaiND'),
('3b46d4f0-389f-2bc3-e4a9-deaf32c96293', '4a4a8c90-2e57-215e-58be-406293204378', 15, 7, 30.0000, 1, '11/2022 - 12/20222', '2022-11-09 11:21:01', 'KhaiND', '2022-12-01 00:00:10', 'KhaiND'),
('3b9b8f22-5cb2-679f-d126-71cca92946bf', '36134ff2-25de-148e-3bde-23e177779933', 15, 7, 95.0000, 1, '11/2022 - 12/20222', '2022-11-01 00:12:47', 'KhaiND', '2022-12-01 00:00:06', 'KhaiND'),
('3bab35e5-2401-3bb3-5289-479bce9b28fc', '749af78e-699e-5d1e-7109-bf1378b8dc91', 15, 7, 45.0000, 1, '11/2022 - 12/20222', '2022-11-01 00:00:36', 'KhaiND', NULL, NULL),
('3bc1454a-44e0-5f9f-8589-479bce9b28fc', '37dd9bb0-4c53-4134-31de-23e177779933', 10, 3, 50.0000, 1, '02/2023 - 04/2023', '2022-11-09 16:45:00', 'KhaiND', '2022-12-01 00:00:02', 'KhaiND'),
('3bdba443-6bb1-1f7f-9132-03c92da59c43', '22b46f5b-19ce-529f-0284-196123975cb2', 15, 7, 35.0000, 1, '11/2022 - 12/20222', '2022-11-01 01:27:48', 'KhaiND', NULL, NULL),
('3c045b75-3adf-2457-a17d-817a123d365d', '135412a8-63c7-3426-1fcf-9712082ff6cb', 9, 5, 95.0000, 1, '09/2022 - 02/2023', '2022-11-27 15:12:07', 'KhaiND', NULL, NULL),
('3c291a34-26e4-62fe-2daa-deaf32c96293', '69cc327f-46ba-72fc-ac20-39c2f00615e8', 10, 3, 55.0000, 1, '02/2023 - 04/2023', '2022-12-14 01:22:29', 'KhaiND', '2022-12-18 13:40:21', 'KhaiND'),
('3c51bc61-7751-2ae9-9fdb-f21ac591aca5', '573da2cd-1579-5327-8cc0-08fd2f807219', 9, 5, 75.0000, 1, '09/2022 - 02/2023', '2022-11-01 00:00:06', 'KhaiND', '2022-12-08 23:56:45', 'KhaiND'),
('3c60365a-503b-6586-08ec-e423f1575e00', '5934ceac-4295-34ba-7c09-bf1378b8dc91', 9, 5, 55.0000, 1, '09/2022 - 02/2023', '2022-11-01 00:11:44', 'KhaiND', '2022-12-12 12:01:36', 'KhaiND'),
('3c6cc9b5-7ee9-3996-0e27-71cca92946bf', '69327c00-3606-5757-8fd5-ba100c6f7bce', 3, 4, 70.0000, 1, '11/2022 - 12/20222', '2022-11-11 00:58:32', 'KhaiND', '2022-12-01 00:23:58', 'KhaiND'),
('3c6e9c25-4690-381b-b2a9-deaf32c96293', '6eeb0f16-1f95-72a8-8ac0-08fd2f807219', 12, 6, 90.0000, 1, '11/2022 - 12/20222', '2022-11-01 00:00:06', 'KhaiND', '2022-12-28 02:30:49', 'KhaiND'),
('3c7a0f7f-2303-6169-0189-479bce9b28fc', '26de5798-48e1-14d3-9f0b-87ae14180c33', 12, 6, 60.0000, 1, '11/2022 - 12/20222', '2022-11-01 01:00:57', 'KhaiND', '2022-12-29 03:58:27', 'KhaiND'),
('3c7e1b07-4f11-3c76-0d37-63d5d5eff719', '4a5a5232-6bcf-2f42-62be-406293204378', 10, 3, 95.0000, 1, '02/2023 - 04/2023', '2022-11-01 00:00:03', 'KhaiND', NULL, NULL),
('3c9aed6f-2ec0-37fd-995e-60fe4d31c979', '6ef29a53-7bc8-7018-90c0-08fd2f807219', 7, 1, 65.0000, 1, 'Học kỳ II', '2022-11-05 21:55:48', 'KhaiND', '2022-12-09 16:23:35', 'KhaiND'),
('3cb22e2c-672a-4b37-4f37-63d5d5eff719', '70e8e9ef-1d12-602a-a420-39c2f00615e8', 7, 1, 60.0000, 1, 'Học kỳ II', '2022-12-04 06:24:47', 'KhaiND', '2022-12-01 00:07:16', 'KhaiND'),
('3cb58aab-3420-4a6b-633e-c9e9e9038fe2', '4ce0877f-48e4-6975-5129-a2925c0f334d', 12, 6, 35.0000, 1, '11/2022 - 12/20222', '2022-11-07 13:45:17', 'KhaiND', '2022-12-01 07:49:54', 'KhaiND'),
('3cc8d715-491d-4e4e-46ec-e423f1575e00', '768816a8-415c-1cf2-7e09-bf1378b8dc91', 3, 4, 40.0000, 1, '11/2022 - 12/20222', '2022-11-01 00:01:38', 'KhaiND', '2022-12-05 14:14:09', 'KhaiND'),
('3ccda4db-42cf-329f-aa7d-817a123d365d', '13486c96-60ab-3b41-5229-a2925c0f334d', 3, 4, 60.0000, 1, '11/2022 - 12/20222', '2022-11-01 00:00:48', 'KhaiND', '2022-12-28 15:22:52', 'KhaiND'),
('3ce34b75-7471-4a49-8232-03c92da59c43', '162d5d1a-66c5-228d-0984-196123975cb2', 15, 7, 100.0000, 1, '11/2022 - 12/20222', '2022-12-10 19:24:46', 'KhaiND', '2022-12-09 01:34:16', 'KhaiND'),
('3d019977-7d06-229d-185f-60fe4d31c979', '69327c00-3606-5757-8fd5-ba100c6f7bce', 8, 2, 80.0000, 1, 'Cả năm', '2022-11-30 01:17:54', 'KhaiND', '2022-12-17 15:09:55', 'KhaiND'),
('3d277c9f-3250-483d-fbdb-f21ac591aca5', '6e98d16d-1cee-3d90-4d29-a2925c0f334d', 10, 3, 45.0000, 1, '02/2023 - 04/2023', '2022-11-01 00:07:23', 'KhaiND', '2022-12-25 01:08:22', 'KhaiND'),
('3d2ca9de-287e-6cdf-cb7d-817a123d365d', '7441e84e-3b68-7d8b-63be-406293204378', 12, 6, 75.0000, 1, '11/2022 - 12/20222', '2022-11-01 00:00:01', 'KhaiND', NULL, NULL),
('3d32b6bf-7d89-34a2-eb5e-60fe4d31c979', '5982505e-4827-7305-1ecf-9712082ff6cb', 10, 3, 25.0000, 1, '02/2023 - 04/2023', '2022-12-14 00:42:56', 'KhaiND', '2022-12-31 19:14:01', 'KhaiND'),
('3d3ecce7-2aff-7b61-21ec-e423f1575e00', '749f165c-16de-4b32-86c0-08fd2f807219', 14, 8, 75.0000, 1, '09/2022 - 02/2023', '2022-12-10 18:02:49', 'KhaiND', '2022-12-01 00:00:50', 'KhaiND'),
('3d42fc1b-22ff-53d7-055f-60fe4d31c979', '1d974e92-2a73-4659-5fbe-406293204378', 10, 3, 90.0000, 1, '02/2023 - 04/2023', '2022-11-10 00:53:40', 'KhaiND', '2022-12-04 17:53:34', 'KhaiND'),
('3d520718-34e4-3417-2faa-deaf32c96293', '135412a8-63c7-3426-1fcf-9712082ff6cb', 8, 2, 90.0000, 1, 'Cả năm', '2022-11-01 00:14:56', 'KhaiND', NULL, NULL),
('3d642c9d-1a6c-74d3-ee26-71cca92946bf', '4d759fc8-400f-6e8f-5bbe-406293204378', 8, 2, 30.0000, 1, 'Cả năm', '2022-11-16 19:45:01', 'KhaiND', '2022-12-01 00:00:22', 'KhaiND'),
('3d726481-2e35-3907-4089-479bce9b28fc', '118a2f72-155f-22a8-a10b-87ae14180c33', 3, 4, 85.0000, 1, '11/2022 - 12/20222', '2022-11-27 01:34:33', 'KhaiND', '2022-12-01 01:45:08', 'KhaiND'),
('3d92ab63-7e9e-667a-f6db-f21ac591aca5', '5ee2ba7f-49ee-5b09-5cbe-406293204378', 3, 4, 100.0000, 1, '11/2022 - 12/20222', '2022-11-09 07:15:22', 'KhaiND', '2022-12-01 00:05:45', 'KhaiND'),
('3daedebf-333f-2831-49ec-e423f1575e00', '360c3e0f-5235-1165-93c0-08fd2f807219', 7, 1, 80.0000, 1, 'Học kỳ II', '2022-11-28 07:31:35', 'KhaiND', '2022-12-17 06:11:08', 'KhaiND'),
('3db9e46c-1e73-7dd1-c832-03c92da59c43', '432dd01c-18c3-4ea1-37de-23e177779933', 14, 8, 80.0000, 1, '09/2022 - 02/2023', NULL, NULL, '2022-12-27 20:29:01', 'KhaiND'),
('3dbe5c13-7512-5e7d-c1db-f21ac591aca5', '5edb7881-65a5-415d-7f09-bf1378b8dc91', 14, 8, 90.0000, 1, '09/2022 - 02/2023', NULL, NULL, '2022-12-23 17:02:38', 'KhaiND'),
('3dda92dc-542a-3cf3-cf5e-60fe4d31c979', '162d5d1a-66c5-228d-0984-196123975cb2', 9, 5, 25.0000, 1, '09/2022 - 02/2023', '2022-11-29 19:27:09', 'KhaiND', '2022-12-10 04:37:30', 'KhaiND'),
('3df78a7d-446d-2b4b-fa5e-60fe4d31c979', '69cc327f-46ba-72fc-ac20-39c2f00615e8', 3, 4, 50.0000, 1, '11/2022 - 12/20222', '2022-11-01 00:01:47', 'KhaiND', '2022-12-01 00:01:32', 'KhaiND'),
('3e415ee9-5513-2638-2bec-e423f1575e00', '4873f760-36b1-4c42-8bc0-08fd2f807219', 7, 1, 70.0000, 1, 'Học kỳ II', '2022-11-01 00:15:22', 'KhaiND', '2022-12-11 13:52:05', 'KhaiND'),
('3e53e389-37e4-20d9-fa32-03c92da59c43', '5dec46ef-3437-32f8-a80b-87ae14180c33', 10, 3, 40.0000, 1, '02/2023 - 04/2023', '2022-12-09 12:01:20', 'KhaiND', NULL, NULL),
('3e60a579-1ea2-3ef6-7f89-479bce9b28fc', '3b7145dd-5e9b-7d95-ab20-39c2f00615e8', 15, 7, 80.0000, 1, '11/2022 - 12/20222', '2022-11-19 16:15:13', 'KhaiND', '2022-12-09 23:21:18', 'KhaiND'),
('3e8a170e-636f-7701-a77d-817a123d365d', '486f3705-5928-5b0d-15cf-9712082ff6cb', 9, 5, 85.0000, 1, '09/2022 - 02/2023', '2022-11-30 07:11:10', 'KhaiND', '2022-12-01 00:16:25', 'KhaiND'),
('3e93e902-2ad3-6225-bb26-71cca92946bf', '57a3f48f-1c1d-1f04-9e20-39c2f00615e8', 7, 1, 35.0000, 1, 'Học kỳ II', '2022-11-03 14:21:04', 'KhaiND', '2022-12-01 01:16:39', 'KhaiND'),
('3e964677-1ae2-581f-4bec-e423f1575e00', '2915c579-282a-66d4-94d5-ba100c6f7bce', 8, 2, 75.0000, 1, 'Cả năm', '2022-11-29 13:05:09', 'KhaiND', '2022-12-05 16:37:13', 'KhaiND'),
('3eaf4619-5d06-68b7-b67d-817a123d365d', '1fd43063-1155-5f39-1dcf-9712082ff6cb', 11, 9, 45.0000, 1, '09/2022 - 02/2023', '2022-11-06 19:45:41', 'KhaiND', '2022-12-29 07:40:41', 'KhaiND'),
('3eccee19-66cb-5682-f626-71cca92946bf', '749f165c-16de-4b32-86c0-08fd2f807219', 15, 7, 100.0000, 1, '11/2022 - 12/20222', '2022-11-01 00:01:04', 'KhaiND', '2022-12-22 18:36:33', 'KhaiND'),
('3ee702a7-79f5-7110-a432-03c92da59c43', '13548f3b-37b7-728f-ff83-196123975cb2', 11, 9, 70.0000, 1, '09/2022 - 02/2023', '2022-11-24 15:05:59', 'KhaiND', '2022-12-01 00:16:40', 'KhaiND'),
('3eeba55f-590e-12cf-26ec-e423f1575e00', '5d39e97f-36dc-2486-21cf-9712082ff6cb', 14, 8, 65.0000, 1, '09/2022 - 02/2023', '2022-12-10 02:56:55', 'KhaiND', NULL, NULL),
('3f099a2b-11cd-1844-975e-60fe4d31c979', '6a3cdb3a-63f6-5410-ad20-39c2f00615e8', 11, 9, 90.0000, 1, '09/2022 - 02/2023', '2022-11-01 00:00:53', 'KhaiND', '2022-12-18 22:53:03', 'KhaiND'),
('3f2a990d-2ea3-6c78-e2eb-e423f1575e00', '6a94b3d5-77fe-38bf-a90b-87ae14180c33', 3, 4, 55.0000, 1, '11/2022 - 12/20222', '2022-11-08 16:18:52', 'KhaiND', '2022-12-01 00:04:37', 'KhaiND'),
('3f3ea247-510f-2517-e3eb-e423f1575e00', '3c213f7c-5d43-58ec-60be-406293204378', 10, 3, 30.0000, 1, '02/2023 - 04/2023', '2022-11-07 13:47:45', 'KhaiND', '2022-12-22 01:18:43', 'KhaiND'),
('3f4a0b1b-697a-4db0-e47d-817a123d365d', '494e1c26-71cc-292d-a320-39c2f00615e8', 12, 6, 50.0000, 1, '11/2022 - 12/20222', '2022-11-04 22:21:03', 'KhaiND', '2022-12-16 14:44:05', 'KhaiND'),
('3f6b29b4-4f24-70e8-faa9-deaf32c96293', '118a2f72-155f-22a8-a10b-87ae14180c33', 7, 1, 40.0000, 1, 'Học kỳ II', '2022-11-15 01:48:48', 'KhaiND', '2022-12-01 00:56:33', 'KhaiND'),
('3f75ccbf-65cf-4a06-bf32-03c92da59c43', '57a3f48f-1c1d-1f04-9e20-39c2f00615e8', 9, 5, 50.0000, 1, '09/2022 - 02/2023', '2022-12-12 06:45:52', 'KhaiND', '2022-12-01 00:00:09', 'KhaiND'),
('3f7c748f-37a1-215a-05ec-e423f1575e00', '56304486-1a40-35bd-22cf-9712082ff6cb', 3, 4, 75.0000, 1, '11/2022 - 12/20222', '2022-11-24 02:39:15', 'KhaiND', '2022-12-16 21:42:53', 'KhaiND'),
('3f7f7648-2059-3ab6-ed3d-c9e9e9038fe2', '6006f6a5-7953-28f9-95d5-ba100c6f7bce', 9, 5, 35.0000, 1, '09/2022 - 02/2023', '2022-11-24 22:42:13', 'KhaiND', '2022-12-07 01:16:00', 'KhaiND'),
('3f82b01f-6f37-5130-cba9-deaf32c96293', '1791bb94-7da7-2a8b-8dd5-ba100c6f7bce', 3, 4, 55.0000, 1, '11/2022 - 12/20222', '2022-11-01 01:46:42', 'KhaiND', '2022-12-12 15:54:43', 'KhaiND'),
('3f8477e5-1901-6ce0-025f-60fe4d31c979', '2915c579-282a-66d4-94d5-ba100c6f7bce', 10, 3, 80.0000, 1, '02/2023 - 04/2023', '2022-11-13 14:35:57', 'KhaiND', '2022-12-12 13:18:18', 'KhaiND'),
('3f9c265e-6fb4-5bc8-0833-03c92da59c43', '4fbf7ac2-4f95-259e-fd83-196123975cb2', 3, 4, 35.0000, 1, '11/2022 - 12/20222', '2022-11-01 00:03:25', 'KhaiND', '2022-12-24 09:03:52', 'KhaiND'),
('3fe3a37d-37b8-6220-20ec-e423f1575e00', '6e98d16d-1cee-3d90-4d29-a2925c0f334d', 3, 4, 55.0000, 1, '11/2022 - 12/20222', '2022-11-13 21:23:35', 'KhaiND', '2022-12-01 00:00:08', 'KhaiND'),
('3ff7d641-2eed-612d-7f37-63d5d5eff719', '36104b10-705b-57a8-83c0-08fd2f807219', 10, 3, 50.0000, 1, '02/2023 - 04/2023', '2022-12-01 15:34:18', 'KhaiND', '2022-12-13 13:26:48', 'KhaiND'),
('4000cb86-2891-28b9-005f-60fe4d31c979', '40f7a6ac-21d8-7147-19cf-9712082ff6cb', 14, 8, 100.0000, 1, '09/2022 - 02/2023', '2022-12-03 12:17:42', 'KhaiND', '2022-12-01 00:00:41', 'KhaiND'),
('40089002-7548-4e30-9e7d-817a123d365d', '73f98792-723a-5c61-67be-406293204378', 12, 6, 100.0000, 1, '11/2022 - 12/20222', '2022-11-01 01:55:33', 'KhaiND', '2022-12-28 04:52:21', 'KhaiND'),
('4008a570-6bd2-70eb-f75e-60fe4d31c979', '749af78e-699e-5d1e-7109-bf1378b8dc91', 3, 4, 25.0000, 1, '11/2022 - 12/20222', '2022-11-30 04:01:34', 'KhaiND', '2022-12-01 02:30:30', 'KhaiND'),
('400aa0ed-1e1a-43ad-9432-03c92da59c43', '18285e84-56f2-50ef-5429-a2925c0f334d', 9, 5, 35.0000, 1, '09/2022 - 02/2023', '2022-12-14 03:44:25', 'KhaiND', NULL, NULL),
('404406b5-1cea-5d8a-cfa9-deaf32c96293', '3b7145dd-5e9b-7d95-ab20-39c2f00615e8', 10, 3, 100.0000, 1, '02/2023 - 04/2023', '2022-11-27 19:06:13', 'KhaiND', '2022-12-09 02:59:33', 'KhaiND'),
('4052cf20-5641-1879-f432-03c92da59c43', '4030e5af-694c-380f-36de-23e177779933', 14, 8, 30.0000, 1, '09/2022 - 02/2023', '2022-11-07 18:20:07', 'KhaiND', '2022-12-01 00:01:39', 'KhaiND'),
('405ec5fc-47ad-5c47-333e-c9e9e9038fe2', '749af78e-699e-5d1e-7109-bf1378b8dc91', 14, 8, 75.0000, 1, '09/2022 - 02/2023', '2022-12-07 14:52:17', 'KhaiND', '2022-12-01 00:00:03', 'KhaiND'),
('408a5751-1fea-6b4b-c032-03c92da59c43', '70db2698-6fe2-46c7-95c0-08fd2f807219', 7, 1, 75.0000, 1, 'Học kỳ II', '2022-12-11 22:26:04', 'KhaiND', '2022-12-16 20:44:28', 'KhaiND'),
('40a21864-4b64-6d11-3a89-479bce9b28fc', '3939a9cd-6c3f-78bf-9ad5-ba100c6f7bce', 9, 5, 25.0000, 1, '09/2022 - 02/2023', '2022-11-22 11:19:56', 'KhaiND', '2022-12-28 04:30:00', 'KhaiND'),
('40a3ced0-269b-7090-e932-03c92da59c43', '234d2569-6b1c-720c-9f20-39c2f00615e8', 11, 9, 40.0000, 1, '09/2022 - 02/2023', '2022-12-11 00:32:17', 'KhaiND', '2022-12-09 09:38:10', 'KhaiND'),
('40cce671-412a-58f5-2137-63d5d5eff719', '162d5d1a-66c5-228d-0984-196123975cb2', 10, 3, 90.0000, 1, '02/2023 - 04/2023', '2022-11-18 17:06:19', 'KhaiND', '2022-12-20 19:15:55', 'KhaiND'),
('40d7e697-6a36-7f41-5c3e-c9e9e9038fe2', '6006f6a5-7953-28f9-95d5-ba100c6f7bce', 7, 1, 55.0000, 1, 'Học kỳ II', '2022-11-01 00:11:53', 'KhaiND', '2022-12-01 00:14:38', 'KhaiND'),
('40da934e-3279-4054-057e-817a123d365d', '7214c81d-705f-3473-65be-406293204378', 11, 9, 70.0000, 1, '09/2022 - 02/2023', '2022-11-10 22:42:27', 'KhaiND', '2022-12-01 00:01:39', 'KhaiND'),
('40dd1b2c-69bb-5586-d032-03c92da59c43', '65d68747-2ba6-2926-92c0-08fd2f807219', 12, 6, 40.0000, 1, '11/2022 - 12/20222', NULL, NULL, '2022-12-24 22:32:31', 'KhaiND'),
('4101d02f-29e0-40f8-0737-63d5d5eff719', '4e2e6064-6bbe-2699-a30b-87ae14180c33', 12, 6, 65.0000, 1, '11/2022 - 12/20222', '2022-11-25 15:57:27', 'KhaiND', '2022-12-02 16:03:43', 'KhaiND'),
('41212a0c-6bdf-5ad2-0589-479bce9b28fc', '6cb5344e-4b6a-3e87-7809-bf1378b8dc91', 9, 5, 75.0000, 1, '09/2022 - 02/2023', '2022-11-01 00:00:42', 'KhaiND', NULL, NULL),
('412141c0-138e-49c7-205f-60fe4d31c979', '7cd8b4b6-438c-5547-92d5-ba100c6f7bce', 15, 7, 85.0000, 1, '11/2022 - 12/20222', '2022-11-07 08:06:50', 'KhaiND', '2022-12-27 15:30:10', 'KhaiND'),
('4124f6aa-1839-41f7-5b89-479bce9b28fc', '7afbde73-7267-7c6b-a720-39c2f00615e8', 7, 1, 40.0000, 1, 'Học kỳ II', '2022-11-27 13:37:32', 'KhaiND', '2022-12-11 18:31:07', 'KhaiND'),
('414439ee-6e3b-369e-3b3e-c9e9e9038fe2', '4a4a8c90-2e57-215e-58be-406293204378', 12, 6, 75.0000, 1, '11/2022 - 12/20222', '2022-12-03 14:00:58', 'KhaiND', '2022-12-29 01:22:05', 'KhaiND'),
('4144bb2f-5918-7118-fadb-f21ac591aca5', '57a949ac-4627-2a53-8fc0-08fd2f807219', 8, 2, 100.0000, 1, 'Cả năm', '2022-12-03 09:20:45', 'KhaiND', '2022-12-29 02:12:59', 'KhaiND'),
('4149f278-43c3-2ebf-ff32-03c92da59c43', '6065d99a-3101-55f4-20cf-9712082ff6cb', 3, 4, 95.0000, 1, '11/2022 - 12/20222', '2022-11-26 22:52:54', 'KhaiND', '2022-12-22 18:36:23', 'KhaiND'),
('4163246b-3f7a-26c8-003e-c9e9e9038fe2', '1f35a25e-29c0-65c5-64be-406293204378', 11, 9, 70.0000, 1, '09/2022 - 02/2023', '2022-11-12 11:03:42', 'KhaiND', '2022-12-23 23:14:23', 'KhaiND'),
('416f9240-3fa6-44c9-1189-479bce9b28fc', '2ea8deee-1b95-2a51-88d5-ba100c6f7bce', 10, 3, 100.0000, 1, '02/2023 - 04/2023', '2022-11-07 23:34:08', 'KhaiND', '2022-12-03 23:01:09', 'KhaiND'),
('4179b2e2-2489-24d0-7d32-03c92da59c43', '51e78fff-176c-5145-91c0-08fd2f807219', 15, 7, 50.0000, 1, '11/2022 - 12/20222', '2022-11-17 00:31:01', 'KhaiND', '2022-12-01 00:00:09', 'KhaiND'),
('419837cc-7ed0-2928-a926-71cca92946bf', '184d1ec3-7c8a-71f9-99d5-ba100c6f7bce', 8, 2, 50.0000, 1, 'Cả năm', '2022-11-06 06:13:21', 'KhaiND', '2022-12-01 02:21:38', 'KhaiND'),
('419dbc25-4372-2f16-ffdb-f21ac591aca5', '7679ed67-7f03-71df-61be-406293204378', 11, 9, 60.0000, 1, '09/2022 - 02/2023', '2022-12-11 23:10:08', 'KhaiND', '2022-12-01 00:00:04', 'KhaiND'),
('41d14a4c-69e3-4d3c-c432-03c92da59c43', '361ca472-1312-3c9f-a60b-87ae14180c33', 12, 6, 30.0000, 1, '11/2022 - 12/20222', NULL, NULL, '2022-12-10 12:11:20', 'KhaiND'),
('41e1718c-5055-6da1-cda9-deaf32c96293', '5982505e-4827-7305-1ecf-9712082ff6cb', 14, 8, 65.0000, 1, '09/2022 - 02/2023', '2022-11-12 01:28:38', 'KhaiND', '2022-12-10 11:54:19', 'KhaiND'),
('41ede7c1-14a8-7d04-11ec-e423f1575e00', '782665f6-489e-1247-1bcf-9712082ff6cb', 12, 6, 50.0000, 1, '11/2022 - 12/20222', '2022-11-10 09:34:00', 'KhaiND', '2022-12-12 07:37:37', 'KhaiND'),
('420f91e4-271e-5e6c-b17d-817a123d365d', '62a849b4-1145-4227-7009-bf1378b8dc91', 3, 4, 45.0000, 1, '11/2022 - 12/20222', NULL, NULL, '2022-12-07 15:59:22', 'KhaiND'),
('4234fdb4-770e-61c1-d5db-f21ac591aca5', '70db2698-6fe2-46c7-95c0-08fd2f807219', 11, 9, 25.0000, 1, '09/2022 - 02/2023', '2022-11-18 11:45:54', 'KhaiND', '2022-12-01 01:12:55', 'KhaiND'),
('423d5b84-2191-6cce-df3d-c9e9e9038fe2', '4836ea55-230d-7e7e-69be-406293204378', 7, 1, 50.0000, 1, 'Học kỳ II', '2022-11-18 01:27:43', 'KhaiND', '2022-12-25 04:33:47', 'KhaiND'),
('4264383e-57b9-25df-e326-71cca92946bf', '14d72c8c-7ebd-4a10-9bd5-ba100c6f7bce', 14, 8, 55.0000, 1, '09/2022 - 02/2023', '2022-11-01 00:00:02', 'KhaiND', '2022-12-13 21:32:55', 'KhaiND'),
('42671130-637b-6e87-9c5e-60fe4d31c979', '4d8c2958-2252-531e-7a09-bf1378b8dc91', 12, 6, 90.0000, 1, '11/2022 - 12/20222', '2022-11-05 20:12:00', 'KhaiND', '2022-12-19 15:29:51', 'KhaiND'),
('429211d6-5f10-7da6-ef26-71cca92946bf', '25502e11-38ba-4c53-fe83-196123975cb2', 12, 6, 65.0000, 1, '11/2022 - 12/20222', '2022-11-11 00:51:53', 'KhaiND', NULL, NULL),
('42b90ac9-2f1d-375c-ad26-71cca92946bf', '6a94b3d5-77fe-38bf-a90b-87ae14180c33', 15, 7, 55.0000, 1, '11/2022 - 12/20222', '2022-12-01 14:46:36', 'KhaiND', '2022-12-01 00:00:02', 'KhaiND'),
('42bc0d31-65dd-459b-1d89-479bce9b28fc', '12437806-26ac-3517-9c0b-87ae14180c33', 8, 2, 30.0000, 1, 'Cả năm', '2022-11-14 15:16:21', 'KhaiND', '2022-12-26 05:35:02', 'KhaiND'),
('42c43435-73b2-3389-ef3d-c9e9e9038fe2', '3939a9cd-6c3f-78bf-9ad5-ba100c6f7bce', 14, 8, 90.0000, 1, '09/2022 - 02/2023', '2022-11-30 21:32:19', 'KhaiND', '2022-12-27 11:01:06', 'KhaiND'),
('42cd7a0f-5176-3732-997d-817a123d365d', '20bbbd0b-3c4a-7d94-6f09-bf1378b8dc91', 8, 2, 30.0000, 1, 'Cả năm', '2022-11-01 00:13:37', 'KhaiND', '2022-12-06 03:19:12', 'KhaiND'),
('42cedec1-6b5c-6cd9-0733-03c92da59c43', '5d39e97f-36dc-2486-21cf-9712082ff6cb', 10, 3, 90.0000, 1, '02/2023 - 04/2023', '2022-11-17 20:06:49', 'KhaiND', '2022-12-01 00:01:15', 'KhaiND'),
('42dbca8a-5f5b-405d-0127-71cca92946bf', '36104b10-705b-57a8-83c0-08fd2f807219', 14, 8, 75.0000, 1, '09/2022 - 02/2023', '2022-11-01 00:27:36', 'KhaiND', NULL, NULL),
('4307bbc1-1a4d-44db-0437-63d5d5eff719', '309122bc-1a1b-5fdb-66be-406293204378', 7, 1, 25.0000, 1, 'Học kỳ II', '2022-11-17 14:48:34', 'KhaiND', '2022-12-01 00:00:10', 'KhaiND'),
('43128233-7732-1792-1a7e-817a123d365d', '1873592d-62c0-6ef7-5329-a2925c0f334d', 10, 3, 95.0000, 1, '02/2023 - 04/2023', '2022-11-14 09:40:40', 'KhaiND', '2022-12-07 11:58:10', 'KhaiND'),
('431c092a-1f11-1952-ed7d-817a123d365d', '4d759fc8-400f-6e8f-5bbe-406293204378', 9, 5, 90.0000, 1, '09/2022 - 02/2023', '2022-11-01 00:01:34', 'KhaiND', NULL, NULL),
('433c5f1f-2eae-4d96-fe88-479bce9b28fc', '135412a8-63c7-3426-1fcf-9712082ff6cb', 10, 3, 35.0000, 1, '02/2023 - 04/2023', '2022-11-28 11:12:10', 'KhaiND', '2022-12-01 00:07:42', 'KhaiND'),
('4348cec5-1943-15dd-f7eb-e423f1575e00', '1fd43063-1155-5f39-1dcf-9712082ff6cb', 14, 8, 90.0000, 1, '09/2022 - 02/2023', '2022-12-02 21:06:14', 'KhaiND', '2022-12-01 00:01:29', 'KhaiND'),
('435bb39a-6d33-2382-d95e-60fe4d31c979', '7afbde73-7267-7c6b-a720-39c2f00615e8', 14, 8, 35.0000, 1, '09/2022 - 02/2023', '2022-11-07 07:47:36', 'KhaiND', NULL, NULL),
('435d4cb9-257a-449a-f73d-c9e9e9038fe2', '5d45a0b6-3652-3ed1-5dbe-406293204378', 10, 3, 90.0000, 1, '02/2023 - 04/2023', '2022-11-06 08:39:59', 'KhaiND', '2022-12-21 16:10:10', 'KhaiND'),
('436070c8-579f-4ae6-c6db-f21ac591aca5', '57a3f48f-1c1d-1f04-9e20-39c2f00615e8', 10, 3, 35.0000, 1, '02/2023 - 04/2023', '2022-11-09 18:39:01', 'KhaiND', '2022-12-07 19:58:20', 'KhaiND'),
('4385d65d-4c05-38ed-f7a9-deaf32c96293', '38fae0a4-2a8d-7751-17cf-9712082ff6cb', 11, 9, 90.0000, 1, '09/2022 - 02/2023', '2022-11-01 00:00:21', 'KhaiND', '2022-12-15 00:13:56', 'KhaiND'),
('43cbc75d-35bc-750e-be32-03c92da59c43', '40480f96-2014-7c36-4c29-a2925c0f334d', 8, 2, 85.0000, 1, 'Cả năm', '2022-12-14 20:27:01', 'KhaiND', NULL, NULL),
('43fdda27-67ca-4b95-4d89-479bce9b28fc', '1b691e79-236d-5b5a-9d20-39c2f00615e8', 11, 9, 90.0000, 1, '09/2022 - 02/2023', '2022-12-15 02:13:02', 'KhaiND', '2022-12-12 02:57:39', 'KhaiND'),
('4405dcfa-560d-6655-d8eb-e423f1575e00', '6cb5344e-4b6a-3e87-7809-bf1378b8dc91', 10, 3, 35.0000, 1, '02/2023 - 04/2023', '2022-11-19 01:22:13', 'KhaiND', '2022-12-01 23:18:37', 'KhaiND'),
('44062988-7aa1-2e77-f032-03c92da59c43', '36104b10-705b-57a8-83c0-08fd2f807219', 7, 1, 55.0000, 1, 'Học kỳ II', '2022-12-14 01:36:12', 'KhaiND', NULL, NULL),
('442537ed-7115-50ff-473e-c9e9e9038fe2', '7ab54386-59c1-7a58-a70b-87ae14180c33', 8, 2, 75.0000, 1, 'Cả năm', '2022-12-15 16:57:57', 'KhaiND', '2022-12-21 02:36:08', 'KhaiND'),
('4431f193-3bae-718d-dedb-f21ac591aca5', '1d974e92-2a73-4659-5fbe-406293204378', 3, 4, 25.0000, 1, '11/2022 - 12/20222', NULL, NULL, '2022-12-16 16:19:23', 'KhaiND'),
('443e6964-47c3-2ae7-f87d-817a123d365d', '1873592d-62c0-6ef7-5329-a2925c0f334d', 3, 4, 50.0000, 1, '11/2022 - 12/20222', NULL, NULL, '2022-12-08 17:47:59', 'KhaiND'),
('44544fa0-55b9-7180-d85e-60fe4d31c979', '2909a81f-45ba-7e82-3ade-23e177779933', 7, 1, 35.0000, 1, 'Học kỳ II', '2022-11-01 00:01:04', 'KhaiND', NULL, NULL),
('445894cc-53de-5f72-b132-03c92da59c43', '618a90d5-41f5-5b77-93d5-ba100c6f7bce', 10, 3, 55.0000, 1, '02/2023 - 04/2023', '2022-11-07 21:09:58', 'KhaiND', '2022-12-26 22:46:42', 'KhaiND'),
('4473b446-300f-5ea4-c426-71cca92946bf', '1fd43063-1155-5f39-1dcf-9712082ff6cb', 7, 1, 80.0000, 1, 'Học kỳ II', '2022-11-12 18:49:56', 'KhaiND', '2022-12-27 01:31:49', 'KhaiND'),
('447816de-6069-15bf-de3d-c9e9e9038fe2', '360c3e0f-5235-1165-93c0-08fd2f807219', 8, 2, 25.0000, 1, 'Cả năm', '2022-12-01 17:04:31', 'KhaiND', NULL, NULL),
('44a758b5-217a-1c61-ebeb-e423f1575e00', '26de5798-48e1-14d3-9f0b-87ae14180c33', 9, 5, 95.0000, 1, '09/2022 - 02/2023', '2022-11-09 07:21:31', 'KhaiND', '2022-12-11 04:06:01', 'KhaiND'),
('44b89af5-59e2-452c-f37d-817a123d365d', '2535c718-4dd9-311b-8cd5-ba100c6f7bce', 15, 7, 40.0000, 1, '11/2022 - 12/20222', NULL, NULL, NULL, NULL),
('44bbdb58-7449-71bd-5b3e-c9e9e9038fe2', '4873f760-36b1-4c42-8bc0-08fd2f807219', 9, 5, 80.0000, 1, '09/2022 - 02/2023', '2022-12-10 10:33:55', 'KhaiND', '2022-12-12 19:01:18', 'KhaiND'),
('44cccc6a-2c0d-5c40-eba9-deaf32c96293', '357d7c4e-4b7f-11c2-84c0-08fd2f807219', 11, 9, 75.0000, 1, '09/2022 - 02/2023', '2022-11-01 00:04:31', 'KhaiND', '2022-12-27 06:38:32', 'KhaiND'),
('44d44313-29d2-3de2-a95e-60fe4d31c979', '592ad0f7-5391-704d-af20-39c2f00615e8', 8, 2, 25.0000, 1, 'Cả năm', NULL, NULL, '2022-12-01 00:00:02', 'KhaiND'),
('44d6a78a-2b24-7f38-e6eb-e423f1575e00', '12ed36a1-1f48-34d5-97d5-ba100c6f7bce', 9, 5, 45.0000, 1, '09/2022 - 02/2023', '2022-11-15 01:12:59', 'KhaiND', '2022-12-15 23:45:35', 'KhaiND'),
('45087013-2280-24d0-c932-03c92da59c43', '4a4a8c90-2e57-215e-58be-406293204378', 7, 1, 85.0000, 1, 'Học kỳ II', '2022-12-10 12:09:57', 'KhaiND', NULL, NULL),
('450b7c1e-630d-173a-ea3d-c9e9e9038fe2', '28bb5b3f-5c7f-5bca-a820-39c2f00615e8', 15, 7, 65.0000, 1, '11/2022 - 12/20222', '2022-11-01 01:54:01', 'KhaiND', '2022-12-11 00:29:27', 'KhaiND'),
('453bb6a7-5b50-512c-037e-817a123d365d', '354f1b13-17bf-1b52-87d5-ba100c6f7bce', 9, 5, 85.0000, 1, '09/2022 - 02/2023', '2022-11-07 01:15:21', 'KhaiND', '2022-12-27 11:32:47', 'KhaiND'),
('4541b1f4-44f4-6c09-efeb-e423f1575e00', '40f7a6ac-21d8-7147-19cf-9712082ff6cb', 10, 3, 80.0000, 1, '02/2023 - 04/2023', '2022-11-01 00:00:04', 'KhaiND', '2022-12-14 10:41:21', 'KhaiND'),
('455e702c-22b1-2e75-0633-03c92da59c43', '68fc6f39-7c51-144b-5029-a2925c0f334d', 10, 3, 55.0000, 1, '02/2023 - 04/2023', '2022-12-13 17:46:34', 'KhaiND', '2022-12-01 00:06:42', 'KhaiND'),
('45a34f83-6979-410f-c626-71cca92946bf', '40480f96-2014-7c36-4c29-a2925c0f334d', 7, 1, 45.0000, 1, 'Học kỳ II', '2022-12-02 14:41:46', 'KhaiND', '2022-12-01 19:14:38', 'KhaiND'),
('45abadcb-5c21-43bd-f8db-f21ac591aca5', '430250f1-181c-132c-a40b-87ae14180c33', 3, 4, 80.0000, 1, '11/2022 - 12/20222', '2022-11-25 04:39:34', 'KhaiND', '2022-12-31 14:41:57', 'KhaiND'),
('45af22c7-54be-4b77-feeb-e423f1575e00', '357d7c4e-4b7f-11c2-84c0-08fd2f807219', 3, 4, 60.0000, 1, '11/2022 - 12/20222', '2022-11-20 16:53:40', 'KhaiND', '2022-12-01 00:00:01', 'KhaiND'),
('45b5581b-4282-5c27-4137-63d5d5eff719', '6e98d16d-1cee-3d90-4d29-a2925c0f334d', 7, 1, 70.0000, 1, 'Học kỳ II', '2022-11-13 02:01:05', 'KhaiND', '2022-12-01 00:35:36', 'KhaiND'),
('45da0f12-60e2-4143-6d89-479bce9b28fc', '5ee2ba7f-49ee-5b09-5cbe-406293204378', 7, 1, 90.0000, 1, 'Học kỳ II', '2022-11-27 23:02:05', 'KhaiND', NULL, NULL),
('45e650dc-7424-27bf-5fec-e423f1575e00', '3b86d2ed-446c-5fce-56be-406293204378', 9, 5, 85.0000, 1, '09/2022 - 02/2023', '2022-11-29 23:39:58', 'KhaiND', '2022-12-01 00:00:06', 'KhaiND'),
('45fddfa3-4fad-79c3-247e-817a123d365d', '15d0d796-1465-4665-fc83-196123975cb2', 10, 3, 60.0000, 1, '02/2023 - 04/2023', '2022-11-01 00:00:54', 'KhaiND', '2022-12-19 05:17:13', 'KhaiND'),
('46027225-7dd9-6fe5-6837-63d5d5eff719', '73f98792-723a-5c61-67be-406293204378', 14, 8, 25.0000, 1, '09/2022 - 02/2023', '2022-11-28 12:01:05', 'KhaiND', '2022-12-01 00:00:05', 'KhaiND'),
('4618c72f-5330-76fa-4aec-e423f1575e00', '5587ec3f-5ef9-7b84-38de-23e177779933', 10, 3, 35.0000, 1, '02/2023 - 04/2023', '2022-11-16 13:31:37', 'KhaiND', '2022-12-19 23:19:45', 'KhaiND'),
('4658f1a5-5d8d-49ba-7932-03c92da59c43', '4fbf7ac2-4f95-259e-fd83-196123975cb2', 12, 6, 60.0000, 1, '11/2022 - 12/20222', '2022-11-30 02:10:01', 'KhaiND', '2022-12-26 08:20:03', 'KhaiND'),
('466f3bef-1997-171d-0daa-deaf32c96293', '432dd01c-18c3-4ea1-37de-23e177779933', 7, 1, 45.0000, 1, 'Học kỳ II', '2022-12-11 16:38:58', 'KhaiND', '2022-12-01 00:00:03', 'KhaiND'),
('468d388a-2de3-7f42-7889-479bce9b28fc', '7dbd90f6-6015-12c6-4b29-a2925c0f334d', 9, 5, 90.0000, 1, '09/2022 - 02/2023', '2022-12-07 08:56:37', 'KhaiND', '2022-12-01 00:00:04', 'KhaiND'),
('46946b3f-149e-1708-1037-63d5d5eff719', '75541709-3f4a-4f20-87c0-08fd2f807219', 10, 3, 95.0000, 1, '02/2023 - 04/2023', '2022-11-20 19:50:56', 'KhaiND', '2022-12-10 21:27:08', 'KhaiND'),
('46e00bc4-46c1-59a6-7637-63d5d5eff719', '486f3705-5928-5b0d-15cf-9712082ff6cb', 3, 4, 35.0000, 1, '11/2022 - 12/20222', '2022-12-05 18:41:17', 'KhaiND', '2022-12-06 05:33:10', 'KhaiND'),
('46ebe9f4-2eb8-2ee9-b37d-817a123d365d', '504468a1-12c6-6902-7b09-bf1378b8dc91', 3, 4, 90.0000, 1, '11/2022 - 12/20222', '2022-11-01 00:00:06', 'KhaiND', '2022-12-13 02:15:35', 'KhaiND'),
('46fac8b0-54b6-2eee-ce26-71cca92946bf', '1fd43063-1155-5f39-1dcf-9712082ff6cb', 15, 7, 60.0000, 1, '11/2022 - 12/20222', '2022-12-12 21:20:18', 'KhaiND', '2022-12-10 18:41:48', 'KhaiND'),
('4700f731-2552-65e3-7689-479bce9b28fc', '486f3705-5928-5b0d-15cf-9712082ff6cb', 15, 7, 25.0000, 1, '11/2022 - 12/20222', '2022-11-23 17:25:07', 'KhaiND', '2022-12-29 22:32:49', 'KhaiND'),
('472da853-67ce-26b5-7237-63d5d5eff719', '3112d5f4-1190-69d8-8dc0-08fd2f807219', 3, 4, 95.0000, 1, '11/2022 - 12/20222', '2022-11-01 00:11:21', 'KhaiND', '2022-12-26 03:21:21', 'KhaiND'),
('4731af50-786a-40f9-3489-479bce9b28fc', '2cc5723c-56c3-7df9-8bd5-ba100c6f7bce', 8, 2, 65.0000, 1, 'Cả năm', '2022-11-01 00:16:20', 'KhaiND', '2022-12-01 00:00:09', 'KhaiND'),
('47370704-6fcc-6556-0d89-479bce9b28fc', '144edaf9-3dcb-1a64-0484-196123975cb2', 12, 6, 45.0000, 1, '11/2022 - 12/20222', '2022-11-14 03:12:14', 'KhaiND', '2022-12-05 17:10:03', 'KhaiND'),
('4738038c-6577-4375-c37d-817a123d365d', '13548f3b-37b7-728f-ff83-196123975cb2', 12, 6, 100.0000, 1, '11/2022 - 12/20222', '2022-11-19 03:01:09', 'KhaiND', '2022-12-08 20:08:35', 'KhaiND'),
('474d85a1-63df-3a3b-6f3e-c9e9e9038fe2', '486f3705-5928-5b0d-15cf-9712082ff6cb', 7, 1, 95.0000, 1, 'Học kỳ II', '2022-11-01 00:11:32', 'KhaiND', '2022-12-30 21:44:45', 'KhaiND'),
('47569657-7293-7ed4-65ec-e423f1575e00', '15cb3909-1246-2add-33de-23e177779933', 12, 6, 50.0000, 1, '11/2022 - 12/20222', '2022-12-04 13:53:40', 'KhaiND', '2022-12-09 00:00:24', 'KhaiND'),
('47804146-7fb8-574d-1faa-deaf32c96293', '6c2d254c-51c8-2ac9-7409-bf1378b8dc91', 10, 3, 100.0000, 1, '02/2023 - 04/2023', '2022-12-04 16:42:10', 'KhaiND', '2022-12-01 00:00:08', 'KhaiND'),
('479b4ab4-78bc-372e-2937-63d5d5eff719', '38528581-656f-2902-32de-23e177779933', 8, 2, 45.0000, 1, 'Cả năm', '2022-12-06 21:09:39', 'KhaiND', '2022-12-01 00:00:09', 'KhaiND'),
('47a73632-709e-58a4-fe3d-c9e9e9038fe2', '403f8763-44b1-517d-7609-bf1378b8dc91', 12, 6, 55.0000, 1, '11/2022 - 12/20222', '2022-11-22 02:03:51', 'KhaiND', '2022-12-01 02:22:27', 'KhaiND'),
('47a738d7-4824-3666-383e-c9e9e9038fe2', '432dd01c-18c3-4ea1-37de-23e177779933', 3, 4, 95.0000, 1, '11/2022 - 12/20222', NULL, NULL, '2022-12-15 03:26:45', 'KhaiND'),
('47aa789f-49af-536e-155f-60fe4d31c979', '3112d5f4-1190-69d8-8dc0-08fd2f807219', 11, 9, 70.0000, 1, '09/2022 - 02/2023', '2022-11-21 04:35:17', 'KhaiND', '2022-12-16 19:55:33', 'KhaiND'),
('47b4f759-1d47-1a3d-df32-03c92da59c43', '6006f6a5-7953-28f9-95d5-ba100c6f7bce', 14, 8, 90.0000, 1, '09/2022 - 02/2023', '2022-11-01 00:43:02', 'KhaiND', '2022-12-22 13:24:51', 'KhaiND'),
('47f586e6-4fc5-5da7-0689-479bce9b28fc', '374bb943-1e92-11bb-0884-196123975cb2', 11, 9, 100.0000, 1, '09/2022 - 02/2023', '2022-11-30 17:09:45', 'KhaiND', '2022-12-30 22:36:13', 'KhaiND'),
('47f58a72-51f5-1e29-7e89-479bce9b28fc', '6b47b37f-3123-3ce7-14cf-9712082ff6cb', 10, 3, 70.0000, 1, '02/2023 - 04/2023', '2022-12-07 20:24:06', 'KhaiND', '2022-12-31 21:14:38', 'KhaiND'),
('48241a9a-2b25-34d6-125f-60fe4d31c979', '573da2cd-1579-5327-8cc0-08fd2f807219', 11, 9, 25.0000, 1, '09/2022 - 02/2023', '2022-11-01 00:00:50', 'KhaiND', NULL, NULL),
('484782f5-6242-2198-14aa-deaf32c96293', '135412a8-63c7-3426-1fcf-9712082ff6cb', 15, 7, 30.0000, 1, '11/2022 - 12/20222', '2022-11-16 00:24:56', 'KhaiND', '2022-12-26 17:02:23', 'KhaiND'),
('485f0c59-7221-7df4-d1db-f21ac591aca5', '5b34a4d0-6617-1db3-ab0b-87ae14180c33', 14, 8, 100.0000, 1, '09/2022 - 02/2023', '2022-11-11 06:39:36', 'KhaiND', '2022-12-10 23:20:50', 'KhaiND'),
('48736873-4741-7876-a632-03c92da59c43', '1fd43063-1155-5f39-1dcf-9712082ff6cb', 12, 6, 30.0000, 1, '11/2022 - 12/20222', '2022-12-07 21:10:39', 'KhaiND', '2022-12-24 05:46:55', 'KhaiND'),
('48802de5-19d3-1fdb-f132-03c92da59c43', '430250f1-181c-132c-a40b-87ae14180c33', 7, 1, 100.0000, 1, 'Học kỳ II', '2022-11-23 14:13:12', 'KhaiND', '2022-12-31 04:39:15', 'KhaiND'),
('48913247-4635-4306-13dc-f21ac591aca5', '4e2e6064-6bbe-2699-a30b-87ae14180c33', 15, 7, 55.0000, 1, '11/2022 - 12/20222', '2022-11-11 22:26:36', 'KhaiND', '2022-12-21 19:02:43', 'KhaiND'),
('4892d45e-4db5-2d64-e93d-c9e9e9038fe2', '4030e5af-694c-380f-36de-23e177779933', 3, 4, 75.0000, 1, '11/2022 - 12/20222', '2022-11-27 00:58:31', 'KhaiND', '2022-12-11 12:23:12', 'KhaiND'),
('48a37fc1-4650-3db6-4737-63d5d5eff719', '40dcb887-554e-6059-a120-39c2f00615e8', 8, 2, 25.0000, 1, 'Cả năm', '2022-12-13 13:53:06', 'KhaiND', '2022-12-27 12:40:09', 'KhaiND'),
('48b51439-3625-6c0c-7532-03c92da59c43', '51e78fff-176c-5145-91c0-08fd2f807219', 14, 8, 55.0000, 1, '09/2022 - 02/2023', '2022-12-14 19:56:10', 'KhaiND', '2022-12-24 06:11:25', 'KhaiND'),
('48b5a167-3f3c-5b4f-28aa-deaf32c96293', '4fbf7ac2-4f95-259e-fd83-196123975cb2', 15, 7, 90.0000, 1, '11/2022 - 12/20222', '2022-11-01 00:00:01', 'KhaiND', '2022-12-24 03:41:16', 'KhaiND'),
('48c0e033-30af-2811-89db-f21ac591aca5', '7679ed67-7f03-71df-61be-406293204378', 9, 5, 45.0000, 1, '09/2022 - 02/2023', '2022-12-14 20:13:23', 'KhaiND', '2022-12-01 01:10:18', 'KhaiND'),
('48f20eb0-63ee-5b28-bea9-deaf32c96293', '765a8849-65a2-2ad9-a220-39c2f00615e8', 11, 9, 40.0000, 1, '09/2022 - 02/2023', '2022-11-01 02:22:36', 'KhaiND', '2022-12-03 16:51:11', 'KhaiND'),
('48fc67be-55e0-68c3-de32-03c92da59c43', '357d7c4e-4b7f-11c2-84c0-08fd2f807219', 9, 5, 90.0000, 1, '09/2022 - 02/2023', '2022-11-01 00:00:34', 'KhaiND', '2022-12-10 05:05:43', 'KhaiND'),
('49065de6-5a0e-36f9-ae32-03c92da59c43', '28bb5b3f-5c7f-5bca-a820-39c2f00615e8', 8, 2, 70.0000, 1, 'Cả năm', '2022-11-01 00:00:54', 'KhaiND', '2022-12-01 00:19:04', 'KhaiND'),
('4920f7fa-1ec8-55d0-cd32-03c92da59c43', '2917e651-61f8-7f1a-a20b-87ae14180c33', 7, 1, 35.0000, 1, 'Học kỳ II', '2022-12-02 07:40:26', 'KhaiND', '2022-12-25 22:12:47', 'KhaiND'),
('493cd267-4df2-7755-9a32-03c92da59c43', '3be24f1a-760f-693b-0584-196123975cb2', 15, 7, 35.0000, 1, '11/2022 - 12/20222', '2022-11-11 00:17:36', 'KhaiND', '2022-12-29 08:22:56', 'KhaiND'),
('494ac55f-7c3d-5625-b85e-60fe4d31c979', '7441e84e-3b68-7d8b-63be-406293204378', 7, 1, 60.0000, 1, 'Học kỳ II', '2022-11-01 00:01:15', 'KhaiND', '2022-12-01 00:10:31', 'KhaiND'),
('494fc329-3977-171d-0d5f-60fe4d31c979', '53baae5e-52f2-2642-4a29-a2925c0f334d', 3, 4, 40.0000, 1, '11/2022 - 12/20222', '2022-11-25 07:52:38', 'KhaiND', '2022-12-01 00:15:27', 'KhaiND'),
('4960f4a2-4c9b-3d9c-b2db-f21ac591aca5', '3b7145dd-5e9b-7d95-ab20-39c2f00615e8', 9, 5, 40.0000, 1, '09/2022 - 02/2023', '2022-12-09 13:08:36', 'KhaiND', '2022-12-21 21:22:53', 'KhaiND'),
('49a51fb4-1ad9-1d34-f2a9-deaf32c96293', '515b6077-13cf-64a1-5ebe-406293204378', 8, 2, 45.0000, 1, 'Cả năm', '2022-11-26 01:17:33', 'KhaiND', '2022-12-26 15:03:39', 'KhaiND'),
('49c555b0-6435-273b-ef7d-817a123d365d', '46b2f54f-4e6b-7159-0784-196123975cb2', 12, 6, 80.0000, 1, '11/2022 - 12/20222', '2022-12-14 04:49:49', 'KhaiND', NULL, NULL),
('49cebbdf-1cba-7f49-d5eb-e423f1575e00', '5c9f5f1a-6f5c-49cc-59be-406293204378', 11, 9, 50.0000, 1, '09/2022 - 02/2023', '2022-11-01 00:08:16', 'KhaiND', '2022-12-16 03:35:59', 'KhaiND'),
('4a147751-15b7-7fc3-59ec-e423f1575e00', '7214c81d-705f-3473-65be-406293204378', 12, 6, 90.0000, 1, '11/2022 - 12/20222', '2022-11-01 00:15:04', 'KhaiND', NULL, NULL),
('4a156de6-2c31-37eb-ee32-03c92da59c43', '1873592d-62c0-6ef7-5329-a2925c0f334d', 11, 9, 50.0000, 1, '09/2022 - 02/2023', '2022-11-01 00:00:09', 'KhaiND', '2022-12-16 01:12:30', 'KhaiND'),
('4a4c7550-5ee4-1843-e13d-c9e9e9038fe2', '3b7145dd-5e9b-7d95-ab20-39c2f00615e8', 3, 4, 30.0000, 1, '11/2022 - 12/20222', NULL, NULL, '2022-12-14 00:57:04', 'KhaiND'),
('4a62e94d-2c67-4dcc-4b37-63d5d5eff719', '7214c81d-705f-3473-65be-406293204378', 15, 7, 70.0000, 1, '11/2022 - 12/20222', '2022-12-07 10:43:39', 'KhaiND', '2022-12-21 18:17:24', 'KhaiND'),
('4a64a709-39cb-2920-0827-71cca92946bf', '6cb5344e-4b6a-3e87-7809-bf1378b8dc91', 14, 8, 65.0000, 1, '09/2022 - 02/2023', NULL, NULL, '2022-12-08 13:44:22', 'KhaiND'),
('4aa196ff-2710-6f97-4289-479bce9b28fc', '182ac03d-3bc5-1d27-7309-bf1378b8dc91', 3, 4, 50.0000, 1, '11/2022 - 12/20222', '2022-11-12 23:01:24', 'KhaiND', '2022-12-17 13:14:27', 'KhaiND'),
('4aad37a2-54c8-71fb-bcdb-f21ac591aca5', '1fd43063-1155-5f39-1dcf-9712082ff6cb', 3, 4, 95.0000, 1, '11/2022 - 12/20222', '2022-12-08 09:39:15', 'KhaiND', '2022-12-01 00:00:06', 'KhaiND'),
('4aae991d-4e18-7944-d726-71cca92946bf', '4d759fc8-400f-6e8f-5bbe-406293204378', 7, 1, 40.0000, 1, 'Học kỳ II', '2022-11-08 12:15:17', 'KhaiND', '2022-12-07 14:26:34', 'KhaiND'),
('4ab09814-4902-12a5-1789-479bce9b28fc', '28bb5b3f-5c7f-5bca-a820-39c2f00615e8', 9, 5, 75.0000, 1, '09/2022 - 02/2023', '2022-11-24 07:13:55', 'KhaiND', '2022-12-01 00:00:07', 'KhaiND'),
('4ab444f0-5b3e-5c28-0c27-71cca92946bf', '1f94a596-32c4-2a29-8ad5-ba100c6f7bce', 15, 7, 80.0000, 1, '11/2022 - 12/20222', '2022-11-18 15:02:25', 'KhaiND', '2022-12-10 11:16:11', 'KhaiND'),
('4ab8ce76-3b8d-7940-cbdb-f21ac591aca5', '6e2d162f-65fb-4ac7-35de-23e177779933', 15, 7, 60.0000, 1, '11/2022 - 12/20222', '2022-11-01 00:17:40', 'KhaiND', '2022-12-18 13:32:46', 'KhaiND'),
('4aba52bf-2d82-3069-023e-c9e9e9038fe2', '35a9fa15-1e85-7c01-0384-196123975cb2', 14, 8, 85.0000, 1, '09/2022 - 02/2023', '2022-11-29 16:45:01', 'KhaiND', '2022-12-12 17:29:08', 'KhaiND'),
('4abccbc7-754a-459a-2889-479bce9b28fc', '3be24f1a-760f-693b-0584-196123975cb2', 14, 8, 80.0000, 1, '09/2022 - 02/2023', '2022-11-04 01:51:49', 'KhaiND', '2022-12-01 00:00:39', 'KhaiND'),
('4ad3fffd-38d2-5e62-2289-479bce9b28fc', '5587ec3f-5ef9-7b84-38de-23e177779933', 14, 8, 75.0000, 1, '09/2022 - 02/2023', NULL, NULL, '2022-12-01 00:00:33', 'KhaiND'),
('4ad5a0b1-3e7a-5db7-f13d-c9e9e9038fe2', '5934ceac-4295-34ba-7c09-bf1378b8dc91', 7, 1, 35.0000, 1, 'Học kỳ II', '2022-12-13 13:01:55', 'KhaiND', '2022-12-26 05:45:28', 'KhaiND'),
('4adc03a5-2b70-24f2-0a37-63d5d5eff719', '204c0070-4a99-51b1-7209-bf1378b8dc91', 12, 6, 35.0000, 1, '11/2022 - 12/20222', '2022-11-05 20:28:36', 'KhaiND', '2022-12-01 00:00:09', 'KhaiND'),
('4b06444e-1726-7c11-13aa-deaf32c96293', '14d72c8c-7ebd-4a10-9bd5-ba100c6f7bce', 8, 2, 70.0000, 1, 'Cả năm', '2022-11-01 00:01:13', 'KhaiND', '2022-12-01 14:02:11', 'KhaiND'),
('4b066203-4d6d-384f-a1db-f21ac591aca5', '4e2e6064-6bbe-2699-a30b-87ae14180c33', 11, 9, 75.0000, 1, '09/2022 - 02/2023', '2022-11-12 22:02:15', 'KhaiND', NULL, NULL),
('4b0f0c14-20e6-6a09-d932-03c92da59c43', '6e2d162f-65fb-4ac7-35de-23e177779933', 12, 6, 50.0000, 1, '11/2022 - 12/20222', '2022-11-10 16:52:15', 'KhaiND', '2022-12-16 09:05:22', 'KhaiND'),
('4b1726fb-416f-69bd-9732-03c92da59c43', '144edaf9-3dcb-1a64-0484-196123975cb2', 8, 2, 85.0000, 1, 'Cả năm', '2022-11-01 00:00:04', 'KhaiND', '2022-12-31 12:52:10', 'KhaiND'),
('4b1a8241-4d13-4f92-55ec-e423f1575e00', '57a949ac-4627-2a53-8fc0-08fd2f807219', 10, 3, 70.0000, 1, '02/2023 - 04/2023', NULL, NULL, '2022-12-01 21:19:06', 'KhaiND'),
('4b2da447-3661-68be-0989-479bce9b28fc', '2ea8deee-1b95-2a51-88d5-ba100c6f7bce', 8, 2, 25.0000, 1, 'Cả năm', '2022-11-23 12:49:00', 'KhaiND', '2022-12-06 22:45:56', 'KhaiND'),
('4b323dac-2639-4b10-4d3e-c9e9e9038fe2', '5b34a4d0-6617-1db3-ab0b-87ae14180c33', 12, 6, 85.0000, 1, '11/2022 - 12/20222', '2022-12-10 03:37:13', 'KhaiND', '2022-12-26 17:52:36', 'KhaiND'),
('4b3e7c5c-3629-7127-69ec-e423f1575e00', '53baae5e-52f2-2642-4a29-a2925c0f334d', 8, 2, 70.0000, 1, 'Cả năm', '2022-12-15 10:12:23', 'KhaiND', '2022-12-29 05:43:00', 'KhaiND'),
('4b49e54c-4518-7681-0527-71cca92946bf', '5587ec3f-5ef9-7b84-38de-23e177779933', 8, 2, 40.0000, 1, 'Cả năm', '2022-11-01 00:01:14', 'KhaiND', '2022-12-01 02:40:35', 'KhaiND'),
('4b54b63f-41b1-31e4-e57d-817a123d365d', '6be6c0e9-220a-3d03-96d5-ba100c6f7bce', 10, 3, 80.0000, 1, '02/2023 - 04/2023', '2022-12-09 06:26:06', 'KhaiND', '2022-12-27 19:14:39', 'KhaiND'),
('4b744b3d-6d6c-2a10-f6eb-e423f1575e00', '618a90d5-41f5-5b77-93d5-ba100c6f7bce', 12, 6, 55.0000, 1, '11/2022 - 12/20222', '2022-11-01 00:00:06', 'KhaiND', '2022-12-24 11:05:49', 'KhaiND'),
('4b76ed9d-44dd-1925-1a37-63d5d5eff719', '3663e7b2-4bb1-7a67-b020-39c2f00615e8', 3, 4, 75.0000, 1, '11/2022 - 12/20222', '2022-12-10 12:22:01', 'KhaiND', '2022-12-15 03:40:15', 'KhaiND'),
('4b834ba1-6d72-1515-e33d-c9e9e9038fe2', '1f35a25e-29c0-65c5-64be-406293204378', 14, 8, 30.0000, 1, '09/2022 - 02/2023', '2022-12-06 19:21:00', 'KhaiND', '2022-12-04 11:12:41', 'KhaiND'),
('4b95be1e-29de-63d2-2eaa-deaf32c96293', '25c05a16-5c5b-3c9d-94c0-08fd2f807219', 14, 8, 80.0000, 1, '09/2022 - 02/2023', '2022-12-04 02:45:35', 'KhaiND', '2022-12-01 01:35:43', 'KhaiND'),
('4ba89633-4ece-38f4-e026-71cca92946bf', '38fae0a4-2a8d-7751-17cf-9712082ff6cb', 15, 7, 35.0000, 1, '11/2022 - 12/20222', '2022-12-15 22:55:12', 'KhaiND', '2022-12-28 18:19:00', 'KhaiND'),
('4bbb91a0-4175-304e-dda9-deaf32c96293', '70db2698-6fe2-46c7-95c0-08fd2f807219', 15, 7, 95.0000, 1, '11/2022 - 12/20222', '2022-11-01 00:05:05', 'KhaiND', '2022-12-18 03:30:12', 'KhaiND'),
('4bc21791-3ee1-2135-f436-63d5d5eff719', '14146ceb-2f77-385d-90d5-ba100c6f7bce', 15, 7, 40.0000, 1, '11/2022 - 12/20222', '2022-11-28 11:03:04', 'KhaiND', '2022-12-09 21:34:04', 'KhaiND'),
('4bc49fe5-4793-71c8-4489-479bce9b28fc', '52aadc93-3c4a-5df5-ae20-39c2f00615e8', 15, 7, 75.0000, 1, '11/2022 - 12/20222', '2022-12-03 20:26:49', 'KhaiND', '2022-12-23 13:08:30', 'KhaiND'),
('4bc5477d-29fa-64b9-d5a9-deaf32c96293', '56304486-1a40-35bd-22cf-9712082ff6cb', 15, 7, 80.0000, 1, '11/2022 - 12/20222', '2022-11-01 00:06:03', 'KhaiND', '2022-12-31 15:40:16', 'KhaiND'),
('4bd9b56d-3f0f-4962-f83d-c9e9e9038fe2', '3b63fdfb-1c64-6574-ad0b-87ae14180c33', 3, 4, 40.0000, 1, '11/2022 - 12/20222', '2022-11-01 15:13:13', 'KhaiND', '2022-12-25 09:11:11', 'KhaiND'),
('4be86833-270c-1d34-d9a9-deaf32c96293', '50c0928f-1779-4e8b-a520-39c2f00615e8', 9, 5, 40.0000, 1, '09/2022 - 02/2023', '2022-11-01 01:54:53', 'KhaiND', '2022-12-01 00:00:24', 'KhaiND'),
('4c0d4d36-1916-5abb-1c7e-817a123d365d', '6eeb0f16-1f95-72a8-8ac0-08fd2f807219', 3, 4, 90.0000, 1, '11/2022 - 12/20222', '2022-11-18 16:44:12', 'KhaiND', '2022-12-07 12:32:01', 'KhaiND'),
('4c0d9389-4782-6f1e-b97d-817a123d365d', '36134ff2-25de-148e-3bde-23e177779933', 14, 8, 30.0000, 1, '09/2022 - 02/2023', '2022-11-28 20:27:18', 'KhaiND', '2022-12-14 15:08:02', 'KhaiND'),
('4c23f8b5-378c-4c80-e23d-c9e9e9038fe2', '7214c81d-705f-3473-65be-406293204378', 10, 3, 40.0000, 1, '02/2023 - 04/2023', NULL, NULL, '2022-12-08 15:35:35', 'KhaiND'),
('4c48b758-6eda-196f-b732-03c92da59c43', '12437806-26ac-3517-9c0b-87ae14180c33', 9, 5, 75.0000, 1, '09/2022 - 02/2023', '2022-11-01 00:01:25', 'KhaiND', '2022-12-14 06:51:29', 'KhaiND'),
('4c5ba54e-19f6-136d-dadb-f21ac591aca5', '14d72c8c-7ebd-4a10-9bd5-ba100c6f7bce', 3, 4, 90.0000, 1, '11/2022 - 12/20222', '2022-11-18 15:42:39', 'KhaiND', NULL, NULL),
('4c7d00fb-54de-1d41-d35e-60fe4d31c979', '22f29725-54f0-11f0-9d0b-87ae14180c33', 7, 1, 100.0000, 1, 'Học kỳ II', '2022-11-01 00:24:22', 'KhaiND', '2022-12-08 03:02:23', 'KhaiND'),
('4cafaa31-7e64-1c40-1c27-71cca92946bf', '135412a8-63c7-3426-1fcf-9712082ff6cb', 7, 1, 40.0000, 1, 'Học kỳ II', '2022-12-06 06:45:10', 'KhaiND', '2022-12-05 04:55:26', 'KhaiND'),
('4cf47858-329e-4247-925e-60fe4d31c979', '75541709-3f4a-4f20-87c0-08fd2f807219', 3, 4, 65.0000, 1, '11/2022 - 12/20222', '2022-11-17 14:23:54', 'KhaiND', NULL, NULL),
('4d096ef6-53a5-2585-3e89-479bce9b28fc', '5ca4f407-2d2d-24db-18cf-9712082ff6cb', 8, 2, 30.0000, 1, 'Cả năm', '2022-11-15 10:14:47', 'KhaiND', '2022-12-28 16:10:56', 'KhaiND'),
('4d117f0a-27f7-30fd-1827-71cca92946bf', '7b353b36-3996-4309-4e29-a2925c0f334d', 11, 9, 50.0000, 1, '09/2022 - 02/2023', '2022-12-07 12:59:06', 'KhaiND', '2022-12-01 00:01:08', 'KhaiND'),
('4d15e677-23d4-3ef9-14dc-f21ac591aca5', '69327c00-3606-5757-8fd5-ba100c6f7bce', 10, 3, 95.0000, 1, '02/2023 - 04/2023', '2022-11-01 01:38:09', 'KhaiND', '2022-12-29 10:41:58', 'KhaiND'),
('4d4150c8-5ffd-6a36-05dc-f21ac591aca5', '29d9991f-145f-3468-89c0-08fd2f807219', 8, 2, 30.0000, 1, 'Cả năm', '2022-11-01 00:00:42', 'KhaiND', '2022-12-08 01:08:14', 'KhaiND'),
('4d4e92bb-1361-5c9f-c632-03c92da59c43', '35a9fa15-1e85-7c01-0384-196123975cb2', 12, 6, 25.0000, 1, '11/2022 - 12/20222', '2022-11-01 00:00:02', 'KhaiND', '2022-12-01 00:00:08', 'KhaiND'),
('4d525fc5-7b15-7ff4-f27d-817a123d365d', '669c8349-2fc8-1dc3-a620-39c2f00615e8', 12, 6, 75.0000, 1, '11/2022 - 12/20222', '2022-11-01 02:09:49', 'KhaiND', '2022-12-28 09:05:17', 'KhaiND'),
('4d55c98b-4084-3f28-f8eb-e423f1575e00', '4e2e6064-6bbe-2699-a30b-87ae14180c33', 8, 2, 35.0000, 1, 'Cả năm', '2022-12-11 13:27:01', 'KhaiND', '2022-12-01 00:38:20', 'KhaiND'),
('4d68cf57-3cdc-795b-c3a9-deaf32c96293', '65c089ca-2aae-5759-8109-bf1378b8dc91', 14, 8, 80.0000, 1, '09/2022 - 02/2023', '2022-11-01 00:30:52', 'KhaiND', '2022-12-01 00:00:10', 'KhaiND'),
('4d6d11f3-592e-7d9d-f0eb-e423f1575e00', '4d8c2958-2252-531e-7a09-bf1378b8dc91', 10, 3, 35.0000, 1, '02/2023 - 04/2023', '2022-11-01 00:49:09', 'KhaiND', '2022-12-21 07:50:28', 'KhaiND'),
('4d70ae1d-6fb0-29fe-df26-71cca92946bf', '515b6077-13cf-64a1-5ebe-406293204378', 11, 9, 100.0000, 1, '09/2022 - 02/2023', '2022-11-23 16:21:13', 'KhaiND', '2022-12-22 14:41:55', 'KhaiND'),
('4d80a051-6d46-2a03-5a3e-c9e9e9038fe2', '1f94a596-32c4-2a29-8ad5-ba100c6f7bce', 7, 1, 55.0000, 1, 'Học kỳ II', '2022-11-08 15:38:18', 'KhaiND', '2022-12-28 04:33:40', 'KhaiND'),
('4d8ee5f1-6915-427a-e632-03c92da59c43', '118a2f72-155f-22a8-a10b-87ae14180c33', 8, 2, 45.0000, 1, 'Cả năm', '2022-12-07 00:11:42', 'KhaiND', '2022-12-21 13:28:38', 'KhaiND'),
('4d8f272a-2752-2c00-8d32-03c92da59c43', '1721e531-5a6d-7251-ac0b-87ae14180c33', 9, 5, 85.0000, 1, '09/2022 - 02/2023', '2022-11-13 14:20:52', 'KhaiND', '2022-12-17 16:42:16', 'KhaiND'),
('4d9e4bd4-14eb-2703-8b32-03c92da59c43', '5d9f07e3-23b7-320f-7d09-bf1378b8dc91', 8, 2, 75.0000, 1, 'Cả năm', '2022-12-12 01:42:40', 'KhaiND', '2022-12-01 22:46:48', 'KhaiND'),
('4da029a1-4ad3-7f9e-303e-c9e9e9038fe2', '40480f96-2014-7c36-4c29-a2925c0f334d', 9, 5, 25.0000, 1, '09/2022 - 02/2023', '2022-11-08 14:41:00', 'KhaiND', '2022-12-01 00:15:16', 'KhaiND'),
('4dd3c923-34a2-1fca-0333-03c92da59c43', '12ed36a1-1f48-34d5-97d5-ba100c6f7bce', 11, 9, 60.0000, 1, '09/2022 - 02/2023', '2022-11-01 00:00:09', 'KhaiND', '2022-12-20 21:26:39', 'KhaiND'),
('4de1099f-6be4-54fb-f3db-f21ac591aca5', '749f165c-16de-4b32-86c0-08fd2f807219', 11, 9, 75.0000, 1, '09/2022 - 02/2023', '2022-12-09 16:28:20', 'KhaiND', '2022-12-21 15:42:59', 'KhaiND'),
('4de9b34b-430b-61f4-ee36-63d5d5eff719', '4d8c2958-2252-531e-7a09-bf1378b8dc91', 11, 9, 85.0000, 1, '09/2022 - 02/2023', '2022-11-01 11:03:03', 'KhaiND', NULL, NULL),
('4e06d62a-7b55-4a68-56ec-e423f1575e00', '592ad0f7-5391-704d-af20-39c2f00615e8', 14, 8, 35.0000, 1, '09/2022 - 02/2023', '2022-11-01 01:03:01', 'KhaiND', '2022-12-30 11:23:37', 'KhaiND'),
('4e1f416a-5aab-6d0a-187e-817a123d365d', '69327c00-3606-5757-8fd5-ba100c6f7bce', 12, 6, 55.0000, 1, '11/2022 - 12/20222', '2022-12-07 14:09:54', 'KhaiND', '2022-12-01 00:16:31', 'KhaiND'),
('4e1fbf27-1913-7e15-f35e-60fe4d31c979', '118a2f72-155f-22a8-a10b-87ae14180c33', 12, 6, 40.0000, 1, '11/2022 - 12/20222', NULL, NULL, NULL, NULL),
('4e314ada-6056-309c-8332-03c92da59c43', '573da2cd-1579-5327-8cc0-08fd2f807219', 10, 3, 100.0000, 1, '02/2023 - 04/2023', '2022-11-04 02:12:35', 'KhaiND', '2022-12-01 02:18:08', 'KhaiND'),
('4e3425a4-21e8-24de-905e-60fe4d31c979', '45ca8a53-1621-1c68-1acf-9712082ff6cb', 15, 7, 100.0000, 1, '11/2022 - 12/20222', '2022-11-03 04:00:02', 'KhaiND', '2022-12-12 23:01:24', 'KhaiND'),
('4e4e451d-73d4-1db9-5737-63d5d5eff719', '6e2d162f-65fb-4ac7-35de-23e177779933', 8, 2, 45.0000, 1, 'Cả năm', '2022-11-25 16:35:19', 'KhaiND', '2022-12-04 13:02:17', 'KhaiND'),
('4e555980-2893-5045-9f5e-60fe4d31c979', '592ad0f7-5391-704d-af20-39c2f00615e8', 12, 6, 90.0000, 1, '11/2022 - 12/20222', '2022-11-29 05:10:35', 'KhaiND', NULL, NULL),
('4e7bca01-1ae9-51fb-e53d-c9e9e9038fe2', '6a94b3d5-77fe-38bf-a90b-87ae14180c33', 14, 8, 30.0000, 1, '09/2022 - 02/2023', NULL, NULL, '2022-12-12 02:08:53', 'KhaiND'),
('4e8dd24d-61bf-73af-d65e-60fe4d31c979', '62a849b4-1145-4227-7009-bf1378b8dc91', 8, 2, 80.0000, 1, 'Cả năm', '2022-12-01 21:45:47', 'KhaiND', NULL, NULL),
('4e98e40c-4c2b-6849-50ec-e423f1575e00', '3deb9637-21c9-2f33-a50b-87ae14180c33', 15, 7, 55.0000, 1, '11/2022 - 12/20222', '2022-11-01 00:45:58', 'KhaiND', '2022-12-22 22:08:49', 'KhaiND'),
('4ea87a96-399e-2366-237e-817a123d365d', '5c9f5f1a-6f5c-49cc-59be-406293204378', 7, 1, 35.0000, 1, 'Học kỳ II', '2022-11-11 20:29:22', 'KhaiND', '2022-12-26 08:12:39', 'KhaiND'),
('4eab4505-740a-11d5-d0db-f21ac591aca5', '494e1c26-71cc-292d-a320-39c2f00615e8', 11, 9, 60.0000, 1, '09/2022 - 02/2023', '2022-11-04 02:22:55', 'KhaiND', '2022-12-11 17:44:31', 'KhaiND'),
('4ec5d3c7-5695-6898-4c37-63d5d5eff719', '18b097ad-30aa-66c1-7909-bf1378b8dc91', 8, 2, 45.0000, 1, 'Cả năm', '2022-12-09 22:51:23', 'KhaiND', '2022-12-18 20:28:27', 'KhaiND'),
('4ecc4a58-5285-3878-5489-479bce9b28fc', '7214c81d-705f-3473-65be-406293204378', 3, 4, 95.0000, 1, '11/2022 - 12/20222', '2022-12-02 06:41:56', 'KhaiND', '2022-12-01 00:00:07', 'KhaiND'),
('4edc4bf6-7b23-2394-05aa-deaf32c96293', '2915c579-282a-66d4-94d5-ba100c6f7bce', 11, 9, 35.0000, 1, '09/2022 - 02/2023', '2022-11-18 06:35:47', 'KhaiND', '2022-12-01 00:00:03', 'KhaiND'),
('4eeb029d-24ab-250a-8fdb-f21ac591aca5', '69327c00-3606-5757-8fd5-ba100c6f7bce', 9, 5, 95.0000, 1, '09/2022 - 02/2023', '2022-11-19 19:12:43', 'KhaiND', '2022-12-15 16:11:50', 'KhaiND'),
('4eee553c-2fc8-621e-0bdc-f21ac591aca5', '6a3cdb3a-63f6-5410-ad20-39c2f00615e8', 15, 7, 50.0000, 1, '11/2022 - 12/20222', '2022-11-11 21:51:10', 'KhaiND', '2022-12-24 11:16:20', 'KhaiND'),
('4ef02435-3bee-2f5e-d8a9-deaf32c96293', '1f35a25e-29c0-65c5-64be-406293204378', 8, 2, 80.0000, 1, 'Cả năm', '2022-11-09 14:14:34', 'KhaiND', '2022-12-11 07:44:06', 'KhaiND'),
('4ef53345-4d3a-5475-7c32-03c92da59c43', '38528581-656f-2902-32de-23e177779933', 14, 8, 30.0000, 1, '09/2022 - 02/2023', NULL, NULL, '2022-12-01 00:00:24', 'KhaiND'),
('4f3628d3-19f0-1926-165f-60fe4d31c979', '6065d99a-3101-55f4-20cf-9712082ff6cb', 7, 1, 85.0000, 1, 'Học kỳ II', '2022-11-01 00:40:46', 'KhaiND', '2022-12-06 14:15:51', 'KhaiND'),
('4f421fbe-3af4-3596-eb32-03c92da59c43', '42a2de43-33e3-3d3e-1ccf-9712082ff6cb', 14, 8, 90.0000, 1, '09/2022 - 02/2023', '2022-11-01 00:01:23', 'KhaiND', '2022-12-20 16:01:17', 'KhaiND'),
('4f49d583-2ab7-44f0-8adb-f21ac591aca5', '6a3cdb3a-63f6-5410-ad20-39c2f00615e8', 7, 1, 90.0000, 1, 'Học kỳ II', '2022-12-15 00:31:19', 'KhaiND', '2022-12-15 10:42:21', 'KhaiND'),
('4f4d5e37-26ad-7ec0-1237-63d5d5eff719', '25c05a16-5c5b-3c9d-94c0-08fd2f807219', 8, 2, 25.0000, 1, 'Cả năm', '2022-12-02 04:32:01', 'KhaiND', '2022-12-10 01:11:32', 'KhaiND'),
('4f6979ea-5bb9-155b-0a3e-c9e9e9038fe2', '75541709-3f4a-4f20-87c0-08fd2f807219', 9, 5, 50.0000, 1, '09/2022 - 02/2023', '2022-12-08 06:28:17', 'KhaiND', '2022-12-25 10:39:52', 'KhaiND'),
('4f6f2ccf-1a2c-6fce-eedb-f21ac591aca5', '5ee2ba7f-49ee-5b09-5cbe-406293204378', 15, 7, 80.0000, 1, '11/2022 - 12/20222', '2022-12-11 21:11:46', 'KhaiND', '2022-12-05 18:55:55', 'KhaiND'),
('4f7404bb-3c9c-4d53-02aa-deaf32c96293', '5edb7881-65a5-415d-7f09-bf1378b8dc91', 12, 6, 100.0000, 1, '11/2022 - 12/20222', '2022-11-28 21:27:10', 'KhaiND', '2022-12-01 00:00:04', 'KhaiND'),
('4f7dcf83-77f8-205c-9b32-03c92da59c43', '777df041-51a7-37b6-7509-bf1378b8dc91', 9, 5, 25.0000, 1, '09/2022 - 02/2023', '2022-12-02 19:02:12', 'KhaiND', '2022-12-06 17:25:48', 'KhaiND'),
('4fa6baa8-3977-4a23-3137-63d5d5eff719', '6e98d16d-1cee-3d90-4d29-a2925c0f334d', 15, 7, 85.0000, 1, '11/2022 - 12/20222', '2022-11-01 00:04:13', 'KhaiND', '2022-12-07 15:56:17', 'KhaiND'),
('4fb31c2f-6edc-7a85-7437-63d5d5eff719', '5d9f07e3-23b7-320f-7d09-bf1378b8dc91', 3, 4, 25.0000, 1, '11/2022 - 12/20222', '2022-11-28 09:30:39', 'KhaiND', '2022-12-01 00:01:45', 'KhaiND'),
('4fb3f88c-6324-2efd-be26-71cca92946bf', '1113bff9-7186-5b43-68be-406293204378', 15, 7, 95.0000, 1, '11/2022 - 12/20222', '2022-11-17 22:35:39', 'KhaiND', NULL, NULL),
('4fb6c398-6c9e-17e8-3089-479bce9b28fc', '780d4a88-7745-3862-0184-196123975cb2', 12, 6, 50.0000, 1, '11/2022 - 12/20222', NULL, NULL, '2022-12-10 16:57:59', 'KhaiND'),
('4fb7b147-4a9b-3b38-0389-479bce9b28fc', '765a8849-65a2-2ad9-a220-39c2f00615e8', 3, 4, 50.0000, 1, '11/2022 - 12/20222', '2022-11-14 21:42:25', 'KhaiND', '2022-12-01 00:11:53', 'KhaiND'),
('4fbec2e9-444c-37ca-43ec-e423f1575e00', '29d9991f-145f-3468-89c0-08fd2f807219', 7, 1, 55.0000, 1, 'Học kỳ II', '2022-12-04 05:56:58', 'KhaiND', '2022-12-11 18:55:56', 'KhaiND'),
('4fdc2a6d-6773-6390-1cec-e423f1575e00', '18b097ad-30aa-66c1-7909-bf1378b8dc91', 11, 9, 45.0000, 1, '09/2022 - 02/2023', '2022-12-06 20:54:43', 'KhaiND', '2022-12-01 00:00:34', 'KhaiND'),
('4fe8372b-2852-67a2-8ddb-f21ac591aca5', '1d3986c3-11ae-3e82-85c0-08fd2f807219', 7, 1, 90.0000, 1, 'Học kỳ II', '2022-11-14 15:33:14', 'KhaiND', '2022-12-22 07:17:50', 'KhaiND'),
('4ff0106d-6c19-635c-0e3e-c9e9e9038fe2', '504468a1-12c6-6902-7b09-bf1378b8dc91', 9, 5, 35.0000, 1, '09/2022 - 02/2023', '2022-11-01 07:26:29', 'KhaiND', '2022-12-06 19:21:18', 'KhaiND'),
('50168833-42d3-3e6f-13ec-e423f1575e00', '4931f441-237d-4e19-9e0b-87ae14180c33', 12, 6, 25.0000, 1, '11/2022 - 12/20222', '2022-11-08 19:16:13', 'KhaiND', '2022-12-01 00:00:08', 'KhaiND'),
('502b4865-58bf-330d-e332-03c92da59c43', '28955144-6588-500f-0684-196123975cb2', 7, 1, 25.0000, 1, 'Học kỳ II', '2022-11-17 20:32:02', 'KhaiND', '2022-12-10 22:07:26', 'KhaiND'),
('503bae3b-18f8-2945-b526-71cca92946bf', '40480f96-2014-7c36-4c29-a2925c0f334d', 15, 7, 30.0000, 1, '11/2022 - 12/20222', '2022-11-09 18:10:39', 'KhaiND', NULL, NULL),
('5065805d-6ed2-70c4-8a32-03c92da59c43', '26de5798-48e1-14d3-9f0b-87ae14180c33', 8, 2, 40.0000, 1, 'Cả năm', NULL, NULL, '2022-12-20 04:24:55', 'KhaiND'),
('5077550d-6fd2-48e2-b032-03c92da59c43', '4a5a5232-6bcf-2f42-62be-406293204378', 12, 6, 60.0000, 1, '11/2022 - 12/20222', NULL, NULL, '2022-12-07 02:26:25', 'KhaiND'),
('507772cc-5980-7c92-bd26-71cca92946bf', '13548f3b-37b7-728f-ff83-196123975cb2', 3, 4, 50.0000, 1, '11/2022 - 12/20222', '2022-11-01 00:00:09', 'KhaiND', '2022-12-01 00:00:05', 'KhaiND'),
('507b301c-13b0-391c-e87d-817a123d365d', '22f29725-54f0-11f0-9d0b-87ae14180c33', 12, 6, 30.0000, 1, '11/2022 - 12/20222', '2022-11-01 16:16:28', 'KhaiND', '2022-12-16 09:07:08', 'KhaiND'),
('507dc8e6-4254-5ca2-45ec-e423f1575e00', '5d6636c4-5be9-1fda-0084-196123975cb2', 15, 7, 70.0000, 1, '11/2022 - 12/20222', '2022-12-12 07:29:05', 'KhaiND', '2022-12-01 01:36:50', 'KhaiND'),
('508583f2-6b21-3f18-17ec-e423f1575e00', '79da9aa9-7677-3219-91d5-ba100c6f7bce', 14, 8, 65.0000, 1, '09/2022 - 02/2023', '2022-11-01 00:00:03', 'KhaiND', '2022-12-30 10:20:02', 'KhaiND'),
('50913c2d-1164-35db-177e-817a123d365d', '4ce0877f-48e4-6975-5129-a2925c0f334d', 8, 2, 85.0000, 1, 'Cả năm', '2022-12-01 13:24:04', 'KhaiND', '2022-12-13 23:55:07', 'KhaiND'),
('50b1c356-283a-2df1-2a89-479bce9b28fc', '7cd8b4b6-438c-5547-92d5-ba100c6f7bce', 9, 5, 80.0000, 1, '09/2022 - 02/2023', '2022-11-01 00:00:06', 'KhaiND', '2022-12-02 13:50:46', 'KhaiND'),
('50e74780-2095-1165-d17d-817a123d365d', '4873f760-36b1-4c42-8bc0-08fd2f807219', 14, 8, 65.0000, 1, '09/2022 - 02/2023', '2022-11-22 19:27:19', 'KhaiND', '2022-12-24 10:20:51', 'KhaiND'),
('510b8839-189b-41b0-e6a9-deaf32c96293', '65a297e8-7141-3f82-aa0b-87ae14180c33', 12, 6, 35.0000, 1, '11/2022 - 12/20222', '2022-11-09 10:59:07', 'KhaiND', '2022-12-30 07:13:14', 'KhaiND'),
('5110a14b-7f6a-5a27-1d37-63d5d5eff719', '35a9fa15-1e85-7c01-0384-196123975cb2', 3, 4, 65.0000, 1, '11/2022 - 12/20222', '2022-11-01 00:03:07', 'KhaiND', NULL, NULL),
('51158fd0-435b-7bb7-6937-63d5d5eff719', '749f165c-16de-4b32-86c0-08fd2f807219', 12, 6, 60.0000, 1, '11/2022 - 12/20222', '2022-12-10 20:08:28', 'KhaiND', '2022-12-27 11:31:39', 'KhaiND'),
('511cdf61-53d2-66b1-4c89-479bce9b28fc', '65d68747-2ba6-2926-92c0-08fd2f807219', 8, 2, 95.0000, 1, 'Cả năm', '2022-11-25 05:55:38', 'KhaiND', '2022-12-01 00:00:09', 'KhaiND'),
('51496ec3-5025-137f-2cec-e423f1575e00', '2520d168-1494-4217-89d5-ba100c6f7bce', 3, 4, 35.0000, 1, '11/2022 - 12/20222', '2022-11-14 02:41:06', 'KhaiND', '2022-12-27 13:15:20', 'KhaiND'),
('51560421-6566-5f2b-9b7d-817a123d365d', '46b2f54f-4e6b-7159-0784-196123975cb2', 3, 4, 95.0000, 1, '11/2022 - 12/20222', '2022-11-26 03:36:39', 'KhaiND', '2022-12-17 09:00:18', 'KhaiND'),
('51584636-7e17-7c76-0727-71cca92946bf', '5d39e97f-36dc-2486-21cf-9712082ff6cb', 7, 1, 85.0000, 1, 'Học kỳ II', '2022-11-13 19:27:11', 'KhaiND', '2022-12-01 00:00:06', 'KhaiND'),
('5169e77f-38a1-1b0b-075f-60fe4d31c979', '5dec46ef-3437-32f8-a80b-87ae14180c33', 8, 2, 45.0000, 1, 'Cả năm', '2022-11-26 08:43:19', 'KhaiND', '2022-12-22 17:27:04', 'KhaiND'),
('5193e598-3697-3795-2527-71cca92946bf', '6006f6a5-7953-28f9-95d5-ba100c6f7bce', 12, 6, 30.0000, 1, '11/2022 - 12/20222', '2022-11-01 00:00:01', 'KhaiND', '2022-12-01 00:13:52', 'KhaiND'),
('51ce5ee1-4988-7105-ad7d-817a123d365d', '3939a9cd-6c3f-78bf-9ad5-ba100c6f7bce', 3, 4, 85.0000, 1, '11/2022 - 12/20222', '2022-11-12 16:01:12', 'KhaiND', '2022-12-18 02:56:50', 'KhaiND'),
('51ded3cb-2b3b-3f49-2037-63d5d5eff719', '3663e7b2-4bb1-7a67-b020-39c2f00615e8', 7, 1, 50.0000, 1, 'Học kỳ II', NULL, NULL, '2022-12-05 11:16:36', 'KhaiND'),
('51e67082-21ea-5bd7-57ec-e423f1575e00', '6eeb0f16-1f95-72a8-8ac0-08fd2f807219', 15, 7, 25.0000, 1, '11/2022 - 12/20222', '2022-12-03 20:14:44', 'KhaiND', '2022-12-11 13:24:45', 'KhaiND'),
('51e73808-69da-766e-c1a9-deaf32c96293', '7cd8b4b6-438c-5547-92d5-ba100c6f7bce', 11, 9, 85.0000, 1, '09/2022 - 02/2023', '2022-12-08 02:28:04', 'KhaiND', '2022-12-01 00:15:56', 'KhaiND'),
('51f9dfd5-4a20-12c3-d2a9-deaf32c96293', '46241dbe-5442-7b9f-8ec0-08fd2f807219', 15, 7, 75.0000, 1, '11/2022 - 12/20222', '2022-11-16 06:53:58', 'KhaiND', '2022-12-01 00:00:35', 'KhaiND'),
('520d8538-6f4b-14dc-2b89-479bce9b28fc', '357d7c4e-4b7f-11c2-84c0-08fd2f807219', 7, 1, 100.0000, 1, 'Học kỳ II', '2022-11-16 15:48:36', 'KhaiND', '2022-12-11 04:48:04', 'KhaiND'),
('520e2f2e-12f7-492a-3289-479bce9b28fc', '5edb7881-65a5-415d-7f09-bf1378b8dc91', 15, 7, 25.0000, 1, '11/2022 - 12/20222', '2022-11-01 00:10:05', 'KhaiND', '2022-12-01 00:05:39', 'KhaiND'),
('5210843e-39f2-5d13-2727-71cca92946bf', '430250f1-181c-132c-a40b-87ae14180c33', 12, 6, 85.0000, 1, '11/2022 - 12/20222', '2022-11-01 00:00:01', 'KhaiND', '2022-12-10 00:08:45', 'KhaiND'),
('52142b98-50c5-30af-4e89-479bce9b28fc', '4873f760-36b1-4c42-8bc0-08fd2f807219', 11, 9, 55.0000, 1, '09/2022 - 02/2023', '2022-11-04 15:50:47', 'KhaiND', NULL, NULL),
('523551de-3807-17d1-b332-03c92da59c43', '3b63fdfb-1c64-6574-ad0b-87ae14180c33', 8, 2, 55.0000, 1, 'Cả năm', '2022-12-08 09:37:02', 'KhaiND', '2022-12-29 10:38:18', 'KhaiND'),
('5244621b-6d37-254b-fd7d-817a123d365d', '18b097ad-30aa-66c1-7909-bf1378b8dc91', 9, 5, 35.0000, 1, '09/2022 - 02/2023', '2022-12-13 00:48:45', 'KhaiND', NULL, NULL),
('5245a274-7c91-4d88-5937-63d5d5eff719', '2917e651-61f8-7f1a-a20b-87ae14180c33', 12, 6, 60.0000, 1, '11/2022 - 12/20222', '2022-11-28 14:37:11', 'KhaiND', '2022-12-14 22:43:22', 'KhaiND'),
('524fdb7d-5a8b-295d-c332-03c92da59c43', '201328e5-6594-725d-8ed5-ba100c6f7bce', 7, 1, 95.0000, 1, 'Học kỳ II', '2022-11-20 02:43:54', 'KhaiND', '2022-12-14 01:33:39', 'KhaiND'),
('5255892e-5839-5e98-b5a9-deaf32c96293', '74de5ccc-59ee-1411-a00b-87ae14180c33', 15, 7, 65.0000, 1, '11/2022 - 12/20222', '2022-11-10 05:16:46', 'KhaiND', '2022-12-01 00:16:13', 'KhaiND'),
('527894c4-1c83-7d9e-f788-479bce9b28fc', '5d9f07e3-23b7-320f-7d09-bf1378b8dc91', 11, 9, 35.0000, 1, '09/2022 - 02/2023', NULL, NULL, '2022-12-23 07:17:55', 'KhaiND'),
('52904803-2afb-1c08-abdb-f21ac591aca5', '4030e5af-694c-380f-36de-23e177779933', 8, 2, 30.0000, 1, 'Cả năm', '2022-12-14 19:52:26', 'KhaiND', '2022-12-26 05:36:58', 'KhaiND'),
('52a453df-7bf1-3df0-a826-71cca92946bf', '5934ceac-4295-34ba-7c09-bf1378b8dc91', 3, 4, 35.0000, 1, '11/2022 - 12/20222', '2022-11-04 07:53:35', 'KhaiND', '2022-12-21 23:53:36', 'KhaiND'),
('52b63ae4-32f9-14ce-ff5e-60fe4d31c979', '3b86d2ed-446c-5fce-56be-406293204378', 8, 2, 75.0000, 1, 'Cả năm', '2022-12-05 08:51:07', 'KhaiND', '2022-12-29 20:23:46', 'KhaiND'),
('52bf438e-577e-31b1-ef36-63d5d5eff719', '144edaf9-3dcb-1a64-0484-196123975cb2', 7, 1, 70.0000, 1, 'Học kỳ II', '2022-11-11 12:39:06', 'KhaiND', '2022-12-01 00:01:04', 'KhaiND'),
('52cebb45-5eec-2dd8-d6eb-e423f1575e00', '374bb943-1e92-11bb-0884-196123975cb2', 3, 4, 95.0000, 1, '11/2022 - 12/20222', '2022-11-28 02:52:38', 'KhaiND', '2022-12-28 19:02:16', 'KhaiND'),
('52d1a69a-5f27-3f53-e65e-60fe4d31c979', '7679ed67-7f03-71df-61be-406293204378', 14, 8, 55.0000, 1, '09/2022 - 02/2023', '2022-11-03 05:14:56', 'KhaiND', '2022-12-01 00:10:01', 'KhaiND'),
('52f3526b-6292-1b28-eda9-deaf32c96293', '25502e11-38ba-4c53-fe83-196123975cb2', 11, 9, 55.0000, 1, '09/2022 - 02/2023', '2022-12-02 21:18:04', 'KhaiND', '2022-12-02 08:26:23', 'KhaiND'),
('52f3d867-5dae-1383-daa9-deaf32c96293', '1791bb94-7da7-2a8b-8dd5-ba100c6f7bce', 11, 9, 45.0000, 1, '09/2022 - 02/2023', '2022-12-14 15:33:32', 'KhaiND', '2022-12-13 12:29:32', 'KhaiND'),
('52f64972-6bdf-39d0-353e-c9e9e9038fe2', '19d3caa4-564a-1b26-4f29-a2925c0f334d', 8, 2, 95.0000, 1, 'Cả năm', '2022-12-13 03:43:52', 'KhaiND', '2022-12-07 14:59:19', 'KhaiND'),
('5308137c-7f5e-6887-3337-63d5d5eff719', '1113bff9-7186-5b43-68be-406293204378', 10, 3, 75.0000, 1, '02/2023 - 04/2023', '2022-12-06 12:16:09', 'KhaiND', '2022-12-02 06:42:18', 'KhaiND'),
('53092913-257b-51c6-e77d-817a123d365d', '3663e7b2-4bb1-7a67-b020-39c2f00615e8', 10, 3, 50.0000, 1, '02/2023 - 04/2023', '2022-11-01 00:13:47', 'KhaiND', '2022-12-17 11:50:25', 'KhaiND'),
('530ac8db-6f51-70d7-7c89-479bce9b28fc', '592ad0f7-5391-704d-af20-39c2f00615e8', 15, 7, 50.0000, 1, '11/2022 - 12/20222', '2022-11-19 03:58:29', 'KhaiND', '2022-12-06 21:49:33', 'KhaiND'),
('53181e92-1ca0-13dc-f45e-60fe4d31c979', '18b097ad-30aa-66c1-7909-bf1378b8dc91', 10, 3, 65.0000, 1, '02/2023 - 04/2023', '2022-12-04 07:24:07', 'KhaiND', '2022-12-02 13:41:10', 'KhaiND'),
('531bb10f-4df8-7b19-c07d-817a123d365d', '65a297e8-7141-3f82-aa0b-87ae14180c33', 7, 1, 95.0000, 1, 'Học kỳ II', '2022-11-01 00:00:26', 'KhaiND', '2022-12-20 19:09:28', 'KhaiND'),
('531dd795-5803-6f3b-34aa-deaf32c96293', '6eeb0f16-1f95-72a8-8ac0-08fd2f807219', 7, 1, 85.0000, 1, 'Học kỳ II', '2022-11-01 00:00:02', 'KhaiND', '2022-12-01 00:10:02', 'KhaiND'),
('5331a288-622d-2f0e-44ec-e423f1575e00', '4ce0877f-48e4-6975-5129-a2925c0f334d', 3, 4, 60.0000, 1, '11/2022 - 12/20222', '2022-11-01 02:11:28', 'KhaiND', '2022-12-01 01:10:17', 'KhaiND'),
('53456b02-555f-2943-b7a9-deaf32c96293', '4a5a5232-6bcf-2f42-62be-406293204378', 15, 7, 85.0000, 1, '11/2022 - 12/20222', '2022-12-05 02:27:32', 'KhaiND', '2022-12-15 19:23:13', 'KhaiND'),
('5348f2b9-527a-6906-7c37-63d5d5eff719', '5c9f5f1a-6f5c-49cc-59be-406293204378', 15, 7, 45.0000, 1, '11/2022 - 12/20222', '2022-12-12 21:06:03', 'KhaiND', '2022-12-27 16:15:03', 'KhaiND'),
('535b75b9-1a5a-6810-915e-60fe4d31c979', '204c0070-4a99-51b1-7209-bf1378b8dc91', 3, 4, 35.0000, 1, '11/2022 - 12/20222', '2022-11-11 16:26:48', 'KhaiND', '2022-12-23 23:22:51', 'KhaiND'),
('535ed9c5-21a5-733e-33aa-deaf32c96293', '3c213f7c-5d43-58ec-60be-406293204378', 11, 9, 75.0000, 1, '09/2022 - 02/2023', '2022-11-01 00:13:19', 'KhaiND', '2022-12-01 00:00:30', 'KhaiND'),
('53aa042d-1a96-7482-2489-479bce9b28fc', '12437806-26ac-3517-9c0b-87ae14180c33', 10, 3, 45.0000, 1, '02/2023 - 04/2023', '2022-11-11 06:51:27', 'KhaiND', NULL, NULL),
('53b158f6-31e0-27b1-da32-03c92da59c43', '14d72c8c-7ebd-4a10-9bd5-ba100c6f7bce', 11, 9, 35.0000, 1, '09/2022 - 02/2023', '2022-11-01 00:04:57', 'KhaiND', '2022-12-25 02:27:15', 'KhaiND'),
('53dc153c-6c28-5bc3-e75e-60fe4d31c979', '361ca472-1312-3c9f-a60b-87ae14180c33', 10, 3, 70.0000, 1, '02/2023 - 04/2023', '2022-12-05 11:09:11', 'KhaiND', '2022-12-06 01:23:58', 'KhaiND'),
('53f607da-1546-6d65-283e-c9e9e9038fe2', '5dec46ef-3437-32f8-a80b-87ae14180c33', 14, 8, 95.0000, 1, '09/2022 - 02/2023', NULL, NULL, '2022-12-01 00:00:57', 'KhaiND'),
('53fece61-1a22-1c44-2737-63d5d5eff719', '25502e11-38ba-4c53-fe83-196123975cb2', 7, 1, 60.0000, 1, 'Học kỳ II', '2022-11-19 09:29:20', 'KhaiND', '2022-12-01 00:07:15', 'KhaiND'),
('540a10d1-13f8-23b4-2637-63d5d5eff719', '2cc5723c-56c3-7df9-8bd5-ba100c6f7bce', 12, 6, 95.0000, 1, '11/2022 - 12/20222', NULL, NULL, '2022-12-26 14:41:57', 'KhaiND'),
('54163e9c-61ea-2e68-a5db-f21ac591aca5', '782665f6-489e-1247-1bcf-9712082ff6cb', 14, 8, 85.0000, 1, '09/2022 - 02/2023', '2022-11-02 10:24:07', 'KhaiND', '2022-12-05 01:23:04', 'KhaiND'),
('5420fe3b-19e2-2f7a-4037-63d5d5eff719', '65a297e8-7141-3f82-aa0b-87ae14180c33', 9, 5, 100.0000, 1, '09/2022 - 02/2023', '2022-12-11 16:34:09', 'KhaiND', '2022-12-22 12:51:57', 'KhaiND'),
('5452a6f4-4634-1bbc-6b37-63d5d5eff719', '15d0d796-1465-4665-fc83-196123975cb2', 3, 4, 40.0000, 1, '11/2022 - 12/20222', '2022-11-01 00:00:01', 'KhaiND', '2022-12-01 00:00:37', 'KhaiND'),
('546dae8c-405c-7dad-fca9-deaf32c96293', '780d4a88-7745-3862-0184-196123975cb2', 9, 5, 45.0000, 1, '09/2022 - 02/2023', '2022-11-01 00:15:32', 'KhaiND', '2022-12-29 03:36:16', 'KhaiND'),
('547eea00-6571-6c8f-183e-c9e9e9038fe2', '6eeb8c68-18e7-5250-3cde-23e177779933', 15, 7, 40.0000, 1, '11/2022 - 12/20222', '2022-12-11 04:58:19', 'KhaiND', '2022-12-29 04:45:01', 'KhaiND'),
('54d725e5-1240-527c-3889-479bce9b28fc', '14146ceb-2f77-385d-90d5-ba100c6f7bce', 9, 5, 40.0000, 1, '09/2022 - 02/2023', NULL, NULL, '2022-12-01 00:00:02', 'KhaiND'),
('54f02b52-174d-3ef9-0f27-71cca92946bf', '12ed36a1-1f48-34d5-97d5-ba100c6f7bce', 14, 8, 45.0000, 1, '09/2022 - 02/2023', '2022-11-01 00:00:04', 'KhaiND', '2022-12-21 10:02:51', 'KhaiND'),
('5505f99a-2199-2c7a-8e5e-60fe4d31c979', '12437806-26ac-3517-9c0b-87ae14180c33', 3, 4, 85.0000, 1, '11/2022 - 12/20222', '2022-11-21 04:20:18', 'KhaiND', '2022-12-10 11:44:02', 'KhaiND'),
('551c7ab2-4f5d-64b6-7389-479bce9b28fc', '3eb6659b-2fad-2e67-98d5-ba100c6f7bce', 10, 3, 100.0000, 1, '02/2023 - 04/2023', '2022-11-04 00:34:18', 'KhaiND', '2022-12-16 11:59:40', 'KhaiND'),
('5525a98c-7089-1bcf-0b3e-c9e9e9038fe2', '4d759fc8-400f-6e8f-5bbe-406293204378', 3, 4, 35.0000, 1, '11/2022 - 12/20222', '2022-11-29 20:57:23', 'KhaiND', NULL, NULL),
('55284897-3c42-488b-9232-03c92da59c43', '403f8763-44b1-517d-7609-bf1378b8dc91', 11, 9, 75.0000, 1, '09/2022 - 02/2023', '2022-11-14 20:35:19', 'KhaiND', '2022-12-01 00:12:26', 'KhaiND'),
('5552309e-14fb-3f33-9032-03c92da59c43', '5d9f07e3-23b7-320f-7d09-bf1378b8dc91', 10, 3, 80.0000, 1, '02/2023 - 04/2023', '2022-11-01 00:10:16', 'KhaiND', '2022-12-28 21:15:19', 'KhaiND'),
('555884f4-7702-704d-fea9-deaf32c96293', '5982505e-4827-7305-1ecf-9712082ff6cb', 8, 2, 50.0000, 1, 'Cả năm', '2022-11-18 01:47:59', 'KhaiND', NULL, NULL),
('55668d6c-45c8-3c90-12dc-f21ac591aca5', '4d8c2958-2252-531e-7a09-bf1378b8dc91', 3, 4, 30.0000, 1, '11/2022 - 12/20222', '2022-11-20 19:39:46', 'KhaiND', '2022-12-28 01:05:01', 'KhaiND'),
('5580c914-52a9-61f6-a15e-60fe4d31c979', '4030e5af-694c-380f-36de-23e177779933', 11, 9, 40.0000, 1, '09/2022 - 02/2023', '2022-11-01 00:07:07', 'KhaiND', '2022-12-16 15:32:56', 'KhaiND'),
('558e5c74-211b-4a87-d25e-60fe4d31c979', '1fd43063-1155-5f39-1dcf-9712082ff6cb', 10, 3, 65.0000, 1, '02/2023 - 04/2023', '2022-11-01 00:00:04', 'KhaiND', '2022-12-04 00:17:18', 'KhaiND'),
('5592e095-2e8e-694f-6037-63d5d5eff719', '3b86d2ed-446c-5fce-56be-406293204378', 12, 6, 75.0000, 1, '11/2022 - 12/20222', NULL, NULL, '2022-12-08 03:58:26', 'KhaiND'),
('5597e117-62b6-76a4-c67d-817a123d365d', '3b63fdfb-1c64-6574-ad0b-87ae14180c33', 12, 6, 35.0000, 1, '11/2022 - 12/20222', NULL, NULL, '2022-12-13 17:44:56', 'KhaiND'),
('55a16a08-4cee-1c76-5f89-479bce9b28fc', '1721e531-5a6d-7251-ac0b-87ae14180c33', 15, 7, 30.0000, 1, '11/2022 - 12/20222', '2022-12-03 16:25:44', 'KhaiND', '2022-12-28 11:25:14', 'KhaiND'),
('55a75001-585c-743e-b47d-817a123d365d', '504468a1-12c6-6902-7b09-bf1378b8dc91', 8, 2, 45.0000, 1, 'Cả năm', NULL, NULL, '2022-12-11 15:39:16', 'KhaiND'),
('55b7ad25-192c-6065-d226-71cca92946bf', '374bb943-1e92-11bb-0884-196123975cb2', 9, 5, 50.0000, 1, '09/2022 - 02/2023', '2022-12-11 09:04:11', 'KhaiND', '2022-12-18 17:25:25', 'KhaiND'),
('55bd8e52-713c-1eb3-d67d-817a123d365d', '57a949ac-4627-2a53-8fc0-08fd2f807219', 14, 8, 80.0000, 1, '09/2022 - 02/2023', '2022-11-26 23:39:03', 'KhaiND', '2022-12-01 00:05:16', 'KhaiND'),
('55ca313d-394c-684b-0f5f-60fe4d31c979', '79da9aa9-7677-3219-91d5-ba100c6f7bce', 9, 5, 40.0000, 1, '09/2022 - 02/2023', '2022-11-18 14:35:10', 'KhaiND', '2022-12-01 00:06:23', 'KhaiND'),
('55d6d487-220c-731f-6589-479bce9b28fc', '68fc6f39-7c51-144b-5029-a2925c0f334d', 7, 1, 35.0000, 1, 'Học kỳ II', '2022-11-24 01:00:46', 'KhaiND', NULL, NULL),
('55e9c2eb-5fdf-4a02-cc7d-817a123d365d', '40dcb887-554e-6059-a120-39c2f00615e8', 15, 7, 75.0000, 1, '11/2022 - 12/20222', '2022-11-07 20:07:15', 'KhaiND', '2022-12-01 00:00:04', 'KhaiND'),
('55eb37ae-4aa7-43c7-7a89-479bce9b28fc', '37dd9bb0-4c53-4134-31de-23e177779933', 12, 6, 85.0000, 1, '11/2022 - 12/20222', '2022-11-05 16:08:37', 'KhaiND', '2022-12-01 00:00:08', 'KhaiND'),
('55fa016b-2a15-4bb2-907d-817a123d365d', '14ee7bc0-194c-3948-57be-406293204378', 7, 1, 25.0000, 1, 'Học kỳ II', '2022-11-01 00:00:52', 'KhaiND', '2022-12-01 00:02:21', 'KhaiND'),
('5600ca29-7208-6a8f-bbdb-f21ac591aca5', '2909a81f-45ba-7e82-3ade-23e177779933', 15, 7, 100.0000, 1, '11/2022 - 12/20222', NULL, NULL, '2022-12-19 07:04:25', 'KhaiND'),
('560651f0-23ad-7e17-97db-f21ac591aca5', '403f8763-44b1-517d-7609-bf1378b8dc91', 3, 4, 25.0000, 1, '11/2022 - 12/20222', '2022-11-05 08:49:39', 'KhaiND', '2022-12-01 00:01:20', 'KhaiND'),
('560994b2-53c2-7019-2c37-63d5d5eff719', '182ac03d-3bc5-1d27-7309-bf1378b8dc91', 10, 3, 40.0000, 1, '02/2023 - 04/2023', '2022-11-27 17:23:09', 'KhaiND', '2022-12-15 05:24:05', 'KhaiND'),
('5611a554-216f-441d-f23d-c9e9e9038fe2', '75541709-3f4a-4f20-87c0-08fd2f807219', 11, 9, 60.0000, 1, '09/2022 - 02/2023', '2022-11-21 02:45:53', 'KhaiND', '2022-12-20 08:11:18', 'KhaiND'),
('5626da6b-4416-6f0b-593e-c9e9e9038fe2', '777df041-51a7-37b6-7509-bf1378b8dc91', 15, 7, 55.0000, 1, '11/2022 - 12/20222', NULL, NULL, '2022-12-01 00:00:08', 'KhaiND'),
('56435476-13f0-24b6-c132-03c92da59c43', '40dcb887-554e-6059-a120-39c2f00615e8', 7, 1, 90.0000, 1, 'Học kỳ II', NULL, NULL, '2022-12-01 00:31:56', 'KhaiND'),
('564efc3a-576c-6874-bf26-71cca92946bf', '780d4a88-7745-3862-0184-196123975cb2', 7, 1, 40.0000, 1, 'Học kỳ II', '2022-11-25 18:07:23', 'KhaiND', '2022-12-01 00:00:09', 'KhaiND'),
('566635d6-4bcc-7c68-1eaa-deaf32c96293', '53baae5e-52f2-2642-4a29-a2925c0f334d', 15, 7, 45.0000, 1, '11/2022 - 12/20222', '2022-12-07 17:29:20', 'KhaiND', '2022-12-01 01:03:05', 'KhaiND'),
('568c47dc-4266-45ce-0c3e-c9e9e9038fe2', '305174e6-1900-371f-a920-39c2f00615e8', 15, 7, 45.0000, 1, '11/2022 - 12/20222', '2022-11-12 08:34:13', 'KhaiND', '2022-12-01 00:00:01', 'KhaiND'),
('56a0a620-2af4-33d0-90db-f21ac591aca5', '15cb3909-1246-2add-33de-23e177779933', 9, 5, 40.0000, 1, '09/2022 - 02/2023', NULL, NULL, '2022-12-06 18:08:54', 'KhaiND'),
('56aa8519-11ac-5154-8f32-03c92da59c43', '14ee7bc0-194c-3948-57be-406293204378', 12, 6, 90.0000, 1, '11/2022 - 12/20222', '2022-11-07 03:45:27', 'KhaiND', '2022-12-31 00:48:40', 'KhaiND'),
('56aac067-4263-695d-1627-71cca92946bf', '68fc6f39-7c51-144b-5029-a2925c0f334d', 11, 9, 65.0000, 1, '09/2022 - 02/2023', '2022-11-21 22:00:10', 'KhaiND', '2022-12-20 00:25:43', 'KhaiND'),
('56b15a7f-139a-1c8e-dca9-deaf32c96293', '3bad7541-7915-6d1b-34de-23e177779933', 14, 8, 70.0000, 1, '09/2022 - 02/2023', NULL, NULL, NULL, NULL),
('56badd26-737d-7175-22ec-e423f1575e00', '544a64d9-1f18-736c-8209-bf1378b8dc91', 15, 7, 95.0000, 1, '11/2022 - 12/20222', NULL, NULL, '2022-12-01 00:00:01', 'KhaiND'),
('5736cdd3-69f1-4ea5-2a3e-c9e9e9038fe2', '6e2d162f-65fb-4ac7-35de-23e177779933', 7, 1, 70.0000, 1, 'Học kỳ II', '2022-11-24 03:52:07', 'KhaiND', '2022-12-07 15:58:47', 'KhaiND'),
('57525445-45bf-6d4e-c532-03c92da59c43', '5edb7881-65a5-415d-7f09-bf1378b8dc91', 3, 4, 60.0000, 1, '11/2022 - 12/20222', '2022-11-01 01:54:08', 'KhaiND', '2022-12-21 21:48:36', 'KhaiND'),
('575d383b-71f9-36e8-083e-c9e9e9038fe2', '2909a81f-45ba-7e82-3ade-23e177779933', 14, 8, 95.0000, 1, '09/2022 - 02/2023', '2022-11-01 00:16:16', 'KhaiND', '2022-12-01 00:00:10', 'KhaiND'),
('576962e7-7250-657e-cd26-71cca92946bf', '62a849b4-1145-4227-7009-bf1378b8dc91', 7, 1, 40.0000, 1, 'Học kỳ II', '2022-11-01 00:00:48', 'KhaiND', '2022-12-28 09:47:18', 'KhaiND'),
('579f89be-1c5f-1fa4-463e-c9e9e9038fe2', '2909a81f-45ba-7e82-3ade-23e177779933', 10, 3, 50.0000, 1, '02/2023 - 04/2023', '2022-11-01 00:05:15', 'KhaiND', NULL, NULL),
('57a2dc8b-6385-4b49-df5e-60fe4d31c979', '6eeb8c68-18e7-5250-3cde-23e177779933', 11, 9, 25.0000, 1, '09/2022 - 02/2023', '2022-12-12 16:00:34', 'KhaiND', '2022-12-01 00:16:04', 'KhaiND'),
('57a6e262-50d7-738d-d532-03c92da59c43', '29d9991f-145f-3468-89c0-08fd2f807219', 15, 7, 100.0000, 1, '11/2022 - 12/20222', '2022-11-10 14:15:01', 'KhaiND', '2022-12-28 11:01:32', 'KhaiND'),
('57acf3b5-1f0d-60db-c27d-817a123d365d', '765a8849-65a2-2ad9-a220-39c2f00615e8', 10, 3, 70.0000, 1, '02/2023 - 04/2023', '2022-11-15 14:09:19', 'KhaiND', '2022-12-01 00:57:01', 'KhaiND'),
('57edff5c-62a8-64ab-db32-03c92da59c43', '3be24f1a-760f-693b-0584-196123975cb2', 9, 5, 65.0000, 1, '09/2022 - 02/2023', '2022-11-29 12:08:24', 'KhaiND', '2022-12-30 06:04:28', 'KhaiND'),
('57f81617-3f19-414f-6f37-63d5d5eff719', '79da9aa9-7677-3219-91d5-ba100c6f7bce', 10, 3, 75.0000, 1, '02/2023 - 04/2023', '2022-12-11 02:45:07', 'KhaiND', '2022-12-08 12:54:44', 'KhaiND'),
('5837023b-54ea-369c-6237-63d5d5eff719', '29d9991f-145f-3468-89c0-08fd2f807219', 11, 9, 25.0000, 1, '09/2022 - 02/2023', '2022-11-13 07:48:36', 'KhaiND', '2022-12-29 12:00:12', 'KhaiND'),
('58399d5c-22e1-65cb-6a37-63d5d5eff719', '3c213f7c-5d43-58ec-60be-406293204378', 15, 7, 65.0000, 1, '11/2022 - 12/20222', NULL, NULL, '2022-12-07 09:11:46', 'KhaiND'),
('5839c677-41fb-52b8-a47d-817a123d365d', '3b63fdfb-1c64-6574-ad0b-87ae14180c33', 15, 7, 95.0000, 1, '11/2022 - 12/20222', '2022-11-10 16:41:43', 'KhaiND', '2022-12-25 14:59:44', 'KhaiND'),
('5842a63d-14e0-316c-f33d-c9e9e9038fe2', '3eb6659b-2fad-2e67-98d5-ba100c6f7bce', 15, 7, 95.0000, 1, '11/2022 - 12/20222', '2022-11-05 09:05:30', 'KhaiND', '2022-12-09 00:10:22', 'KhaiND'),
('5843b694-2fba-496f-0f3e-c9e9e9038fe2', '309122bc-1a1b-5fdb-66be-406293204378', 8, 2, 55.0000, 1, 'Cả năm', '2022-11-01 01:40:23', 'KhaiND', '2022-12-10 05:34:59', 'KhaiND'),
('586361bf-3faa-74ac-fd3d-c9e9e9038fe2', '504468a1-12c6-6902-7b09-bf1378b8dc91', 12, 6, 75.0000, 1, '11/2022 - 12/20222', NULL, NULL, '2022-12-25 20:00:02', 'KhaiND'),
('586b5955-6ef7-6cd9-07ec-e423f1575e00', '45ca8a53-1621-1c68-1acf-9712082ff6cb', 10, 3, 40.0000, 1, '02/2023 - 04/2023', '2022-12-05 16:09:21', 'KhaiND', '2022-12-06 22:37:02', 'KhaiND'),
('587adf93-263d-532d-f636-63d5d5eff719', '768816a8-415c-1cf2-7e09-bf1378b8dc91', 9, 5, 35.0000, 1, '09/2022 - 02/2023', '2022-11-21 20:33:31', 'KhaiND', '2022-12-27 15:46:47', 'KhaiND'),
('587fa0ff-3799-3a0c-1dec-e423f1575e00', '6e2d162f-65fb-4ac7-35de-23e177779933', 3, 4, 90.0000, 1, '11/2022 - 12/20222', NULL, NULL, '2022-12-01 00:00:04', 'KhaiND'),
('589726bd-5dae-4d23-035f-60fe4d31c979', '6eeb0f16-1f95-72a8-8ac0-08fd2f807219', 14, 8, 30.0000, 1, '09/2022 - 02/2023', '2022-11-19 15:13:15', 'KhaiND', '2022-12-01 00:01:07', 'KhaiND'),
('589e28de-7fff-3486-3589-479bce9b28fc', '182ac03d-3bc5-1d27-7309-bf1378b8dc91', 15, 7, 70.0000, 1, '11/2022 - 12/20222', NULL, NULL, '2022-12-01 01:15:38', 'KhaiND'),
('58a36755-265b-7333-6989-479bce9b28fc', '5dec46ef-3437-32f8-a80b-87ae14180c33', 12, 6, 85.0000, 1, '11/2022 - 12/20222', '2022-12-06 10:10:40', 'KhaiND', NULL, NULL),
('58b00ed3-3a79-4e7a-2a37-63d5d5eff719', '204c0070-4a99-51b1-7209-bf1378b8dc91', 9, 5, 55.0000, 1, '09/2022 - 02/2023', '2022-12-08 18:00:42', 'KhaiND', '2022-12-01 00:00:06', 'KhaiND'),
('58ba3ac8-4761-26c6-06aa-deaf32c96293', '360c3e0f-5235-1165-93c0-08fd2f807219', 15, 7, 60.0000, 1, '11/2022 - 12/20222', '2022-11-01 00:00:01', 'KhaiND', '2022-12-24 22:59:08', 'KhaiND'),
('58c32563-2ded-44b2-543e-c9e9e9038fe2', '4873f760-36b1-4c42-8bc0-08fd2f807219', 10, 3, 95.0000, 1, '02/2023 - 04/2023', '2022-12-14 18:11:11', 'KhaiND', '2022-12-10 04:42:35', 'KhaiND'),
('58c71a78-5813-2828-d07d-817a123d365d', '40f7a6ac-21d8-7147-19cf-9712082ff6cb', 9, 5, 95.0000, 1, '09/2022 - 02/2023', '2022-12-04 07:41:24', 'KhaiND', '2022-12-05 03:17:01', 'KhaiND'),
('58e39eac-7bef-436e-eb36-63d5d5eff719', '5934ceac-4295-34ba-7c09-bf1378b8dc91', 15, 7, 85.0000, 1, '11/2022 - 12/20222', '2022-12-04 12:55:41', 'KhaiND', '2022-12-02 18:56:57', 'KhaiND'),
('5916f09a-5d6b-128c-ef32-03c92da59c43', '768816a8-415c-1cf2-7e09-bf1378b8dc91', 7, 1, 100.0000, 1, 'Học kỳ II', NULL, NULL, '2022-12-27 20:38:49', 'KhaiND'),
('5919a692-7fc7-52b1-6289-479bce9b28fc', '4873f760-36b1-4c42-8bc0-08fd2f807219', 8, 2, 60.0000, 1, 'Cả năm', '2022-11-28 23:15:30', 'KhaiND', '2022-12-14 16:09:34', 'KhaiND'),
('591c508e-5750-32f1-fa88-479bce9b28fc', '162d5d1a-66c5-228d-0984-196123975cb2', 14, 8, 25.0000, 1, '09/2022 - 02/2023', '2022-11-28 00:20:12', 'KhaiND', '2022-12-01 00:00:04', 'KhaiND'),
('59217370-55ce-42b4-c9db-f21ac591aca5', '2909a81f-45ba-7e82-3ade-23e177779933', 3, 4, 80.0000, 1, '11/2022 - 12/20222', '2022-11-22 21:53:38', 'KhaiND', '2022-12-03 19:55:05', 'KhaiND'),
('594b74ec-408a-1e1a-fe7d-817a123d365d', '15cb3909-1246-2add-33de-23e177779933', 14, 8, 100.0000, 1, '09/2022 - 02/2023', '2022-12-07 21:32:12', 'KhaiND', '2022-12-01 00:09:19', 'KhaiND'),
('59736612-60fd-155d-ec26-71cca92946bf', '118a2f72-155f-22a8-a10b-87ae14180c33', 15, 7, 50.0000, 1, '11/2022 - 12/20222', NULL, NULL, '2022-12-18 12:23:07', 'KhaiND'),
('5974641c-27b1-2a1d-2427-71cca92946bf', '432dd01c-18c3-4ea1-37de-23e177779933', 10, 3, 65.0000, 1, '02/2023 - 04/2023', '2022-12-15 05:05:07', 'KhaiND', '2022-12-09 16:30:29', 'KhaiND'),
('597ab3d5-5cf8-1ccc-1637-63d5d5eff719', '504468a1-12c6-6902-7b09-bf1378b8dc91', 7, 1, 55.0000, 1, 'Học kỳ II', '2022-11-01 00:00:04', 'KhaiND', '2022-12-01 00:00:53', 'KhaiND'),
('59824acd-396f-40f2-a132-03c92da59c43', '13486c96-60ab-3b41-5229-a2925c0f334d', 11, 9, 60.0000, 1, '09/2022 - 02/2023', '2022-11-01 00:00:40', 'KhaiND', NULL, NULL),
('59941038-4254-4350-077e-817a123d365d', '3112d5f4-1190-69d8-8dc0-08fd2f807219', 14, 8, 75.0000, 1, '09/2022 - 02/2023', '2022-11-19 19:24:32', 'KhaiND', '2022-12-15 06:03:31', 'KhaiND'),
('59b31d6d-3a8f-247f-0c37-63d5d5eff719', '6be6c0e9-220a-3d03-96d5-ba100c6f7bce', 3, 4, 70.0000, 1, '11/2022 - 12/20222', '2022-12-08 14:57:17', 'KhaiND', '2022-12-10 09:50:05', 'KhaiND'),
('59cccc98-3b9b-536f-dfdb-f21ac591aca5', '28955144-6588-500f-0684-196123975cb2', 14, 8, 35.0000, 1, '09/2022 - 02/2023', '2022-12-04 17:40:15', 'KhaiND', '2022-12-22 19:11:47', 'KhaiND'),
('59d205e5-77fa-148f-ff36-63d5d5eff719', '5c9f5f1a-6f5c-49cc-59be-406293204378', 8, 2, 95.0000, 1, 'Cả năm', '2022-11-07 14:00:13', 'KhaiND', '2022-12-28 00:25:14', 'KhaiND'),
('59da6444-50d9-5598-b4a9-deaf32c96293', '42a2de43-33e3-3d3e-1ccf-9712082ff6cb', 8, 2, 70.0000, 1, 'Cả năm', '2022-12-15 13:06:54', 'KhaiND', '2022-12-07 05:41:39', 'KhaiND'),
('59e20a0b-5d48-3814-563e-c9e9e9038fe2', '69327c00-3606-5757-8fd5-ba100c6f7bce', 7, 1, 90.0000, 1, 'Học kỳ II', '2022-12-05 00:11:25', 'KhaiND', '2022-12-20 11:30:37', 'KhaiND'),
('59ed991f-1eb4-2170-5d37-63d5d5eff719', '149fb958-744f-70c6-7709-bf1378b8dc91', 10, 3, 65.0000, 1, '02/2023 - 04/2023', '2022-11-03 23:30:33', 'KhaiND', '2022-12-01 00:22:11', 'KhaiND'),
('59ee46ff-3ec0-3551-1c3e-c9e9e9038fe2', '5ca4f407-2d2d-24db-18cf-9712082ff6cb', 11, 9, 85.0000, 1, '09/2022 - 02/2023', '2022-12-15 06:33:47', 'KhaiND', '2022-12-13 05:43:30', 'KhaiND'),
('5a01e773-7ec5-5d3b-e132-03c92da59c43', '305174e6-1900-371f-a920-39c2f00615e8', 10, 3, 30.0000, 1, '02/2023 - 04/2023', '2022-11-22 23:45:01', 'KhaiND', '2022-12-11 07:53:43', 'KhaiND'),
('5a061292-1d8b-4a1e-5137-63d5d5eff719', '46b2f54f-4e6b-7159-0784-196123975cb2', 8, 2, 35.0000, 1, 'Cả năm', '2022-11-01 00:15:49', 'KhaiND', '2022-12-01 00:15:13', 'KhaiND'),
('5a084e9d-3b13-5bc0-f1a9-deaf32c96293', '57a949ac-4627-2a53-8fc0-08fd2f807219', 15, 7, 80.0000, 1, '11/2022 - 12/20222', '2022-12-14 01:17:00', 'KhaiND', '2022-12-18 06:38:28', 'KhaiND'),
('5a28e347-78c8-6f38-ba32-03c92da59c43', '14146ceb-2f77-385d-90d5-ba100c6f7bce', 10, 3, 90.0000, 1, '02/2023 - 04/2023', '2022-11-26 08:00:23', 'KhaiND', '2022-12-06 15:10:42', 'KhaiND'),
('5a73346a-2d93-39b8-c526-71cca92946bf', '374bb943-1e92-11bb-0884-196123975cb2', 8, 2, 80.0000, 1, 'Cả năm', '2022-11-01 00:00:06', 'KhaiND', '2022-12-01 00:03:24', 'KhaiND'),
('5a7c7075-3e6f-131e-bc5e-60fe4d31c979', '782665f6-489e-1247-1bcf-9712082ff6cb', 3, 4, 60.0000, 1, '11/2022 - 12/20222', '2022-12-12 23:29:13', 'KhaiND', '2022-12-01 00:01:24', 'KhaiND'),
('5a8a6a8c-633d-25c0-5aec-e423f1575e00', '15d0d796-1465-4665-fc83-196123975cb2', 7, 1, 90.0000, 1, 'Học kỳ II', '2022-11-06 16:05:51', 'KhaiND', '2022-12-20 22:07:05', 'KhaiND'),
('5aac306e-2735-61fb-bedb-f21ac591aca5', '2cc5723c-56c3-7df9-8bd5-ba100c6f7bce', 11, 9, 95.0000, 1, '09/2022 - 02/2023', '2022-12-06 16:54:42', 'KhaiND', '2022-12-17 16:42:28', 'KhaiND'),
('5acb0c93-4ee6-73a8-99db-f21ac591aca5', '204c0070-4a99-51b1-7209-bf1378b8dc91', 7, 1, 45.0000, 1, 'Học kỳ II', '2022-11-20 16:00:47', 'KhaiND', '2022-12-01 00:12:35', 'KhaiND'),
('5acca95e-6ec9-43a8-073e-c9e9e9038fe2', '7c94355d-4702-3a9b-5abe-406293204378', 14, 8, 100.0000, 1, '09/2022 - 02/2023', '2022-12-10 12:27:39', 'KhaiND', '2022-12-01 01:39:09', 'KhaiND'),
('5ad809c1-2784-430c-8037-63d5d5eff719', '53baae5e-52f2-2642-4a29-a2925c0f334d', 12, 6, 70.0000, 1, '11/2022 - 12/20222', '2022-11-01 00:00:02', 'KhaiND', '2022-12-04 21:50:05', 'KhaiND'),
('5ae071c6-50bd-6e74-bd7d-817a123d365d', '504468a1-12c6-6902-7b09-bf1378b8dc91', 10, 3, 85.0000, 1, '02/2023 - 04/2023', '2022-11-03 20:28:57', 'KhaiND', '2022-12-01 00:21:12', 'KhaiND'),
('5aeb23cb-44fa-368a-db7d-817a123d365d', '2cc5723c-56c3-7df9-8bd5-ba100c6f7bce', 14, 8, 75.0000, 1, '09/2022 - 02/2023', '2022-11-06 00:34:46', 'KhaiND', NULL, NULL),
('5b0647e1-1b78-4c0d-01ec-e423f1575e00', '144edaf9-3dcb-1a64-0484-196123975cb2', 9, 5, 70.0000, 1, '09/2022 - 02/2023', '2022-11-27 07:17:57', 'KhaiND', '2022-12-01 01:17:35', 'KhaiND'),
('5b19c5fc-314f-5b98-6389-479bce9b28fc', '4a4a8c90-2e57-215e-58be-406293204378', 10, 3, 90.0000, 1, '02/2023 - 04/2023', '2022-12-09 11:33:31', 'KhaiND', '2022-12-01 00:01:22', 'KhaiND'),
('5b25d6ff-56b9-28f3-2389-479bce9b28fc', '14ee7bc0-194c-3948-57be-406293204378', 9, 5, 30.0000, 1, '09/2022 - 02/2023', '2022-12-05 16:00:17', 'KhaiND', '2022-12-01 00:10:00', 'KhaiND'),
('5b3b84af-111e-57a6-ad32-03c92da59c43', '65d68747-2ba6-2926-92c0-08fd2f807219', 14, 8, 25.0000, 1, '09/2022 - 02/2023', '2022-11-30 04:10:56', 'KhaiND', NULL, NULL),
('5b5019e5-1398-37e9-ce7d-817a123d365d', '2917e651-61f8-7f1a-a20b-87ae14180c33', 14, 8, 35.0000, 1, '09/2022 - 02/2023', '2022-11-23 20:02:58', 'KhaiND', NULL, NULL),
('5b6dcf67-4b2a-5dba-0033-03c92da59c43', '5d39e97f-36dc-2486-21cf-9712082ff6cb', 8, 2, 65.0000, 1, 'Cả năm', '2022-11-20 06:11:03', 'KhaiND', '2022-12-05 12:51:23', 'KhaiND'),
('5b7ea52b-5beb-2675-0627-71cca92946bf', '4873f760-36b1-4c42-8bc0-08fd2f807219', 12, 6, 65.0000, 1, '11/2022 - 12/20222', '2022-11-23 08:12:08', 'KhaiND', '2022-12-18 03:41:34', 'KhaiND'),
('5b911229-6bc1-47ed-9f32-03c92da59c43', '45ca8a53-1621-1c68-1acf-9712082ff6cb', 12, 6, 90.0000, 1, '11/2022 - 12/20222', '2022-11-01 00:13:30', 'KhaiND', NULL, NULL),
('5ba3e41a-749f-2efa-093e-c9e9e9038fe2', '618a90d5-41f5-5b77-93d5-ba100c6f7bce', 8, 2, 35.0000, 1, 'Cả năm', '2022-12-03 20:49:06', 'KhaiND', '2022-12-01 01:31:32', 'KhaiND'),
('5bba9672-660f-18f7-4e37-63d5d5eff719', '118a2f72-155f-22a8-a10b-87ae14180c33', 11, 9, 85.0000, 1, '09/2022 - 02/2023', '2022-12-10 16:30:18', 'KhaiND', '2022-12-05 05:25:58', 'KhaiND'),
('5be49cfc-5c5f-118b-5e3e-c9e9e9038fe2', '2535c718-4dd9-311b-8cd5-ba100c6f7bce', 12, 6, 60.0000, 1, '11/2022 - 12/20222', '2022-11-01 00:00:08', 'KhaiND', '2022-12-01 00:00:09', 'KhaiND'),
('5c2c0bf1-55b0-3b7a-fb36-63d5d5eff719', '1791bb94-7da7-2a8b-8dd5-ba100c6f7bce', 14, 8, 85.0000, 1, '09/2022 - 02/2023', '2022-11-01 16:22:23', 'KhaiND', NULL, NULL),
('5c36034b-1421-6951-93db-f21ac591aca5', '13486c96-60ab-3b41-5229-a2925c0f334d', 14, 8, 75.0000, 1, '09/2022 - 02/2023', '2022-11-05 15:30:35', 'KhaiND', '2022-12-02 03:59:44', 'KhaiND'),
('5c6ec1b0-72bf-4e00-f5db-f21ac591aca5', '7dbd90f6-6015-12c6-4b29-a2925c0f334d', 8, 2, 100.0000, 1, 'Cả năm', '2022-11-21 01:31:45', 'KhaiND', NULL, NULL),
('5c7375e3-51d7-4d6e-f05e-60fe4d31c979', '6c2d254c-51c8-2ac9-7409-bf1378b8dc91', 11, 9, 25.0000, 1, '09/2022 - 02/2023', NULL, NULL, '2022-12-20 07:30:02', 'KhaiND'),
('5c7ad358-7956-3e1b-fc5e-60fe4d31c979', '26de5798-48e1-14d3-9f0b-87ae14180c33', 15, 7, 50.0000, 1, '11/2022 - 12/20222', '2022-11-11 17:56:06', 'KhaiND', '2022-12-01 00:01:02', 'KhaiND'),
('5c860c79-7b9c-2e3f-10dc-f21ac591aca5', '6006f6a5-7953-28f9-95d5-ba100c6f7bce', 8, 2, 25.0000, 1, 'Cả năm', '2022-12-12 02:04:56', 'KhaiND', '2022-12-09 14:30:59', 'KhaiND'),
('5c909e23-7690-60b1-7489-479bce9b28fc', '70e8e9ef-1d12-602a-a420-39c2f00615e8', 10, 3, 70.0000, 1, '02/2023 - 04/2023', '2022-11-12 16:07:05', 'KhaiND', '2022-12-01 01:09:21', 'KhaiND'),
('5cd32ce8-11ea-23ac-ee3d-c9e9e9038fe2', '7cd8b4b6-438c-5547-92d5-ba100c6f7bce', 7, 1, 70.0000, 1, 'Học kỳ II', '2022-11-01 00:01:16', 'KhaiND', '2022-12-24 21:06:16', 'KhaiND'),
('5ce7aa93-5f2b-7131-1437-63d5d5eff719', '4a5a5232-6bcf-2f42-62be-406293204378', 9, 5, 50.0000, 1, '09/2022 - 02/2023', '2022-11-19 04:27:23', 'KhaiND', '2022-12-01 00:01:40', 'KhaiND'),
('5ce7e000-7f55-666d-f77d-817a123d365d', '184d1ec3-7c8a-71f9-99d5-ba100c6f7bce', 14, 8, 80.0000, 1, '09/2022 - 02/2023', '2022-11-01 00:00:10', 'KhaiND', '2022-12-01 00:03:41', 'KhaiND'),
('5d249846-6aaa-6b5f-f47d-817a123d365d', '6b47b37f-3123-3ce7-14cf-9712082ff6cb', 3, 4, 90.0000, 1, '11/2022 - 12/20222', '2022-11-27 06:37:56', 'KhaiND', '2022-12-04 15:41:49', 'KhaiND'),
('5d26c21b-41fe-5e8b-fb32-03c92da59c43', '73f98792-723a-5c61-67be-406293204378', 15, 7, 100.0000, 1, '11/2022 - 12/20222', '2022-11-01 00:05:06', 'KhaiND', '2022-12-06 11:40:16', 'KhaiND'),
('5d31c741-6715-70ce-0327-71cca92946bf', '749f165c-16de-4b32-86c0-08fd2f807219', 7, 1, 65.0000, 1, 'Học kỳ II', '2022-12-13 20:25:35', 'KhaiND', '2022-12-16 12:37:34', 'KhaiND'),
('5d597b93-6b41-65e4-c732-03c92da59c43', '56304486-1a40-35bd-22cf-9712082ff6cb', 12, 6, 60.0000, 1, '11/2022 - 12/20222', '2022-11-01 00:01:35', 'KhaiND', '2022-12-01 00:00:28', 'KhaiND'),
('5d6da900-4c6a-1b09-ca7d-817a123d365d', '6eeb8c68-18e7-5250-3cde-23e177779933', 14, 8, 80.0000, 1, '09/2022 - 02/2023', '2022-11-01 00:30:51', 'KhaiND', '2022-12-22 00:42:53', 'KhaiND'),
('5d775e77-25db-4fee-07aa-deaf32c96293', '1721e531-5a6d-7251-ac0b-87ae14180c33', 14, 8, 35.0000, 1, '09/2022 - 02/2023', '2022-11-20 16:02:12', 'KhaiND', '2022-12-09 14:29:31', 'KhaiND'),
('5d7b5323-3d05-1489-1127-71cca92946bf', '749af78e-699e-5d1e-7109-bf1378b8dc91', 7, 1, 30.0000, 1, 'Học kỳ II', '2022-11-29 12:18:49', 'KhaiND', '2022-12-03 17:05:25', 'KhaiND'),
('5d90f1bc-4bf0-1c5b-8832-03c92da59c43', '25c05a16-5c5b-3c9d-94c0-08fd2f807219', 7, 1, 90.0000, 1, 'Học kỳ II', '2022-11-01 00:00:01', 'KhaiND', '2022-12-01 00:21:07', 'KhaiND'),
('5da7cb94-378a-4bc7-b9db-f21ac591aca5', '41c2dce0-2c38-3bc6-16cf-9712082ff6cb', 3, 4, 40.0000, 1, '11/2022 - 12/20222', '2022-11-27 17:45:56', 'KhaiND', '2022-12-23 15:39:19', 'KhaiND'),
('5db30184-31f8-758f-0eec-e423f1575e00', '1791bb94-7da7-2a8b-8dd5-ba100c6f7bce', 8, 2, 40.0000, 1, 'Cả năm', '2022-11-22 05:11:31', 'KhaiND', '2022-12-01 00:00:04', 'KhaiND'),
('5dcce8e3-1694-498f-b626-71cca92946bf', '403f8763-44b1-517d-7609-bf1378b8dc91', 7, 1, 80.0000, 1, 'Học kỳ II', '2022-11-01 00:33:31', 'KhaiND', '2022-12-19 23:05:29', 'KhaiND'),
('5dd812bc-2e5e-2b4e-513e-c9e9e9038fe2', '6cb5344e-4b6a-3e87-7809-bf1378b8dc91', 15, 7, 90.0000, 1, '11/2022 - 12/20222', '2022-11-01 01:04:42', 'KhaiND', NULL, NULL),
('5dea3f88-12b4-7f2d-b9a9-deaf32c96293', '46b2f54f-4e6b-7159-0784-196123975cb2', 7, 1, 25.0000, 1, 'Học kỳ II', '2022-11-15 04:55:22', 'KhaiND', '2022-12-20 05:24:34', 'KhaiND'),
('5e267560-7b85-6992-1a5f-60fe4d31c979', '234d2569-6b1c-720c-9f20-39c2f00615e8', 9, 5, 70.0000, 1, '09/2022 - 02/2023', '2022-11-01 00:00:10', 'KhaiND', '2022-12-26 01:35:55', 'KhaiND'),
('5e4e1227-5412-4ade-9ddb-f21ac591aca5', '18285e84-56f2-50ef-5429-a2925c0f334d', 10, 3, 70.0000, 1, '02/2023 - 04/2023', '2022-11-14 13:54:52', 'KhaiND', '2022-12-31 23:55:19', 'KhaiND'),
('5e4f1e21-6692-3a26-977d-817a123d365d', '7214c81d-705f-3473-65be-406293204378', 9, 5, 100.0000, 1, '09/2022 - 02/2023', '2022-11-04 23:49:22', 'KhaiND', '2022-12-26 01:29:55', 'KhaiND'),
('5e6c77f4-4b29-6963-addb-f21ac591aca5', '515b6077-13cf-64a1-5ebe-406293204378', 7, 1, 100.0000, 1, 'Học kỳ II', '2022-11-01 01:40:11', 'KhaiND', '2022-12-11 13:35:55', 'KhaiND'),
('5e880cf5-1c46-6347-4189-479bce9b28fc', '2520d168-1494-4217-89d5-ba100c6f7bce', 15, 7, 55.0000, 1, '11/2022 - 12/20222', '2022-11-25 21:34:03', 'KhaiND', '2022-12-05 19:17:44', 'KhaiND'),
('5e8e9e1a-1665-5f63-d7db-f21ac591aca5', '6eeb8c68-18e7-5250-3cde-23e177779933', 7, 1, 70.0000, 1, 'Học kỳ II', '2022-11-28 16:16:06', 'KhaiND', '2022-12-30 09:37:54', 'KhaiND'),
('5e92d32c-3119-4d0a-9d7d-817a123d365d', '40f7a6ac-21d8-7147-19cf-9712082ff6cb', 11, 9, 55.0000, 1, '09/2022 - 02/2023', '2022-11-08 03:55:27', 'KhaiND', '2022-12-24 22:56:00', 'KhaiND'),
('5e9f333d-4b15-6b6c-453e-c9e9e9038fe2', '68fc6f39-7c51-144b-5029-a2925c0f334d', 3, 4, 95.0000, 1, '11/2022 - 12/20222', '2022-12-11 06:09:50', 'KhaiND', '2022-12-27 07:19:22', 'KhaiND'),
('5ee92c2e-42d9-59a3-1737-63d5d5eff719', '7c94355d-4702-3a9b-5abe-406293204378', 8, 2, 45.0000, 1, 'Cả năm', '2022-12-03 02:19:31', 'KhaiND', '2022-12-18 21:31:49', 'KhaiND'),
('5ef94d71-58d8-5b7f-cca9-deaf32c96293', '357d7c4e-4b7f-11c2-84c0-08fd2f807219', 15, 7, 95.0000, 1, '11/2022 - 12/20222', '2022-11-01 00:00:04', 'KhaiND', '2022-12-01 02:05:59', 'KhaiND'),
('5f2176f1-61e6-5525-8289-479bce9b28fc', '234d2569-6b1c-720c-9f20-39c2f00615e8', 10, 3, 50.0000, 1, '02/2023 - 04/2023', '2022-11-09 19:27:31', 'KhaiND', '2022-12-01 00:00:03', 'KhaiND'),
('5f24d7d5-63d0-6115-3937-63d5d5eff719', '201328e5-6594-725d-8ed5-ba100c6f7bce', 11, 9, 60.0000, 1, '09/2022 - 02/2023', '2022-11-04 14:07:43', 'KhaiND', '2022-12-01 00:00:49', 'KhaiND'),
('5f30a321-5e24-3ed5-54ec-e423f1575e00', '7ab54386-59c1-7a58-a70b-87ae14180c33', 9, 5, 25.0000, 1, '09/2022 - 02/2023', '2022-11-01 00:09:10', 'KhaiND', '2022-12-14 20:22:37', 'KhaiND'),
('5f32e986-38cc-1eba-743e-c9e9e9038fe2', '20bbbd0b-3c4a-7d94-6f09-bf1378b8dc91', 12, 6, 80.0000, 1, '11/2022 - 12/20222', '2022-11-01 00:07:15', 'KhaiND', '2022-12-01 00:12:05', 'KhaiND'),
('5f5156e6-24cb-5f6f-1f89-479bce9b28fc', '4931f441-237d-4e19-9e0b-87ae14180c33', 9, 5, 75.0000, 1, '09/2022 - 02/2023', '2022-11-01 00:00:03', 'KhaiND', '2022-12-01 02:20:19', 'KhaiND'),
('5f5fe07c-2d5c-4c70-b832-03c92da59c43', '4030e5af-694c-380f-36de-23e177779933', 10, 3, 50.0000, 1, '02/2023 - 04/2023', '2022-11-24 15:30:36', 'KhaiND', '2022-12-16 01:29:53', 'KhaiND'),
('5f6291b2-4477-2e80-d7a9-deaf32c96293', '28018b36-16ff-393b-a020-39c2f00615e8', 12, 6, 50.0000, 1, '11/2022 - 12/20222', NULL, NULL, '2022-12-25 00:32:49', 'KhaiND'),
('5f646b82-6dc7-4d68-bc7d-817a123d365d', '2cc5723c-56c3-7df9-8bd5-ba100c6f7bce', 3, 4, 65.0000, 1, '11/2022 - 12/20222', NULL, NULL, '2022-12-19 23:50:04', 'KhaiND'),
('5f7c35bf-1958-4eac-92db-f21ac591aca5', '29d9991f-145f-3468-89c0-08fd2f807219', 9, 5, 40.0000, 1, '09/2022 - 02/2023', '2022-11-23 10:30:45', 'KhaiND', '2022-12-01 01:20:23', 'KhaiND'),
('5f844c0e-15cb-3295-d832-03c92da59c43', '35a9fa15-1e85-7c01-0384-196123975cb2', 10, 3, 90.0000, 1, '02/2023 - 04/2023', '2022-11-18 16:18:41', 'KhaiND', '2022-12-11 17:32:30', 'KhaiND'),
('5fab70b4-78c8-3ca1-a726-71cca92946bf', '12ed36a1-1f48-34d5-97d5-ba100c6f7bce', 8, 2, 50.0000, 1, 'Cả năm', NULL, NULL, '2022-12-10 01:09:55', 'KhaiND'),
('5fcc7b5c-4d98-7e52-123e-c9e9e9038fe2', '7441e84e-3b68-7d8b-63be-406293204378', 15, 7, 35.0000, 1, '11/2022 - 12/20222', '2022-11-01 11:45:24', 'KhaiND', '2022-12-24 07:18:59', 'KhaiND'),
('5fce0bba-2612-7666-f2eb-e423f1575e00', '782665f6-489e-1247-1bcf-9712082ff6cb', 15, 7, 30.0000, 1, '11/2022 - 12/20222', '2022-11-01 00:02:36', 'KhaiND', '2022-12-18 06:58:23', 'KhaiND'),
('5fe5e655-5318-4b18-3c3e-c9e9e9038fe2', '515b6077-13cf-64a1-5ebe-406293204378', 9, 5, 40.0000, 1, '09/2022 - 02/2023', '2022-11-01 00:00:10', 'KhaiND', '2022-12-19 09:30:55', 'KhaiND'),
('600d42c3-3cf8-5a75-e4eb-e423f1575e00', '3112d5f4-1190-69d8-8dc0-08fd2f807219', 10, 3, 55.0000, 1, '02/2023 - 04/2023', '2022-12-14 20:56:08', 'KhaiND', '2022-12-03 00:54:35', 'KhaiND'),
('600deece-5e14-28a6-0c7e-817a123d365d', '4d8c2958-2252-531e-7a09-bf1378b8dc91', 14, 8, 35.0000, 1, '09/2022 - 02/2023', '2022-11-01 02:09:32', 'KhaiND', '2022-12-24 13:51:08', 'KhaiND'),
('60102e3c-211e-3db9-253e-c9e9e9038fe2', '4873f760-36b1-4c42-8bc0-08fd2f807219', 3, 4, 30.0000, 1, '11/2022 - 12/20222', '2022-11-04 16:14:55', 'KhaiND', NULL, NULL),
('60124434-4f3b-5029-9a7d-817a123d365d', '1f35a25e-29c0-65c5-64be-406293204378', 15, 7, 95.0000, 1, '11/2022 - 12/20222', '2022-11-03 02:53:24', 'KhaiND', '2022-12-01 00:00:07', 'KhaiND'),
('60462ec6-35d0-347e-dddb-f21ac591aca5', '6452e402-1744-5bf8-aa20-39c2f00615e8', 15, 7, 60.0000, 1, '11/2022 - 12/20222', '2022-12-01 01:37:06', 'KhaiND', '2022-12-28 08:09:55', 'KhaiND'),
('6059e8ee-3220-3009-a35e-60fe4d31c979', '5ee2ba7f-49ee-5b09-5cbe-406293204378', 9, 5, 100.0000, 1, '09/2022 - 02/2023', '2022-12-10 10:06:25', 'KhaiND', '2022-12-01 00:00:07', 'KhaiND'),
('6069499d-76e0-61d0-f07d-817a123d365d', '782665f6-489e-1247-1bcf-9712082ff6cb', 9, 5, 80.0000, 1, '09/2022 - 02/2023', '2022-12-02 23:57:05', 'KhaiND', '2022-12-14 05:58:30', 'KhaiND'),
('606a6d85-7930-65f7-dc32-03c92da59c43', '46241dbe-5442-7b9f-8ec0-08fd2f807219', 10, 3, 100.0000, 1, '02/2023 - 04/2023', '2022-11-01 00:04:15', 'KhaiND', '2022-12-15 20:05:40', 'KhaiND'),
('6073cc58-4ec0-46e3-223e-c9e9e9038fe2', '36134ff2-25de-148e-3bde-23e177779933', 11, 9, 90.0000, 1, '09/2022 - 02/2023', '2022-12-06 12:12:27', 'KhaiND', '2022-12-01 02:30:31', 'KhaiND'),
('60d054aa-2164-3b08-8789-479bce9b28fc', '68fc6f39-7c51-144b-5029-a2925c0f334d', 9, 5, 75.0000, 1, '09/2022 - 02/2023', '2022-11-01 01:32:30', 'KhaiND', '2022-12-01 00:00:09', 'KhaiND'),
('60d48fbd-4ad8-3b44-6437-63d5d5eff719', '149fb958-744f-70c6-7709-bf1378b8dc91', 9, 5, 85.0000, 1, '09/2022 - 02/2023', NULL, NULL, '2022-12-16 23:04:02', 'KhaiND'),
('60eca310-5e83-2e4e-723e-c9e9e9038fe2', '20bbbd0b-3c4a-7d94-6f09-bf1378b8dc91', 11, 9, 80.0000, 1, '09/2022 - 02/2023', '2022-11-05 12:10:15', 'KhaiND', '2022-12-23 07:38:36', 'KhaiND'),
('60f7b307-6a64-7f6d-f95e-60fe4d31c979', '1d974e92-2a73-4659-5fbe-406293204378', 12, 6, 25.0000, 1, '11/2022 - 12/20222', '2022-12-11 00:51:10', 'KhaiND', '2022-12-01 00:00:03', 'KhaiND'),
('60f9577a-564b-328c-5e37-63d5d5eff719', '38fae0a4-2a8d-7751-17cf-9712082ff6cb', 10, 3, 80.0000, 1, '02/2023 - 04/2023', '2022-12-02 07:20:37', 'KhaiND', '2022-12-01 00:00:04', 'KhaiND'),
('6103582b-48cd-32ed-5a89-479bce9b28fc', '46b2f54f-4e6b-7159-0784-196123975cb2', 10, 3, 70.0000, 1, '02/2023 - 04/2023', '2022-11-30 02:01:19', 'KhaiND', '2022-12-12 08:58:53', 'KhaiND'),
('6106ba82-7648-6837-8889-479bce9b28fc', '15cb3909-1246-2add-33de-23e177779933', 8, 2, 85.0000, 1, 'Cả năm', '2022-11-01 01:58:36', 'KhaiND', '2022-12-26 23:50:09', 'KhaiND'),
('6111b865-4def-4713-227e-817a123d365d', '37dd9bb0-4c53-4134-31de-23e177779933', 9, 5, 40.0000, 1, '09/2022 - 02/2023', '2022-11-04 01:07:24', 'KhaiND', '2022-12-01 00:01:21', 'KhaiND'),
('611e3034-29f5-461a-f4db-f21ac591aca5', '184d1ec3-7c8a-71f9-99d5-ba100c6f7bce', 15, 7, 95.0000, 1, '11/2022 - 12/20222', '2022-12-14 15:36:06', 'KhaiND', '2022-12-22 16:05:43', 'KhaiND'),
('6126b6e5-2162-3129-935e-60fe4d31c979', '40480f96-2014-7c36-4c29-a2925c0f334d', 14, 8, 70.0000, 1, '09/2022 - 02/2023', '2022-12-14 20:01:43', 'KhaiND', '2022-12-03 12:20:31', 'KhaiND'),
('6134ae9a-2737-26bd-15aa-deaf32c96293', '7b353b36-3996-4309-4e29-a2925c0f334d', 7, 1, 100.0000, 1, 'Học kỳ II', '2022-11-28 05:43:14', 'KhaiND', '2022-12-01 00:10:10', 'KhaiND'),
('613badee-6f81-3ca0-4f89-479bce9b28fc', '69cc327f-46ba-72fc-ac20-39c2f00615e8', 14, 8, 30.0000, 1, '09/2022 - 02/2023', '2022-12-13 12:57:08', 'KhaiND', '2022-12-29 14:10:53', 'KhaiND'),
('6144534d-1b2d-306e-11aa-deaf32c96293', '354f1b13-17bf-1b52-87d5-ba100c6f7bce', 10, 3, 90.0000, 1, '02/2023 - 04/2023', NULL, NULL, '2022-12-01 00:00:08', 'KhaiND'),
('6145af93-4b1f-51a8-aea9-deaf32c96293', '5edf5e81-655b-60fe-8009-bf1378b8dc91', 7, 1, 25.0000, 1, 'Học kỳ II', '2022-11-11 05:16:57', 'KhaiND', NULL, NULL),
('615bf9b2-45c3-5581-f4a9-deaf32c96293', '2cc5723c-56c3-7df9-8bd5-ba100c6f7bce', 9, 5, 30.0000, 1, '09/2022 - 02/2023', '2022-11-01 00:10:16', 'KhaiND', '2022-12-16 17:48:48', 'KhaiND'),
('615c1888-757d-3b1b-2aec-e423f1575e00', '5d9f07e3-23b7-320f-7d09-bf1378b8dc91', 9, 5, 55.0000, 1, '09/2022 - 02/2023', '2022-12-06 19:19:23', 'KhaiND', '2022-12-01 00:00:06', 'KhaiND'),
('61608d17-702d-61ca-f688-479bce9b28fc', '403f8763-44b1-517d-7609-bf1378b8dc91', 14, 8, 25.0000, 1, '09/2022 - 02/2023', '2022-11-01 00:00:04', 'KhaiND', '2022-12-16 02:41:26', 'KhaiND'),
('616566ce-5607-1273-d1a9-deaf32c96293', '5982505e-4827-7305-1ecf-9712082ff6cb', 15, 7, 65.0000, 1, '11/2022 - 12/20222', '2022-11-12 06:16:06', 'KhaiND', '2022-12-20 18:14:15', 'KhaiND'),
('61754fad-473c-3e3e-7f32-03c92da59c43', '34811f36-3996-69fc-39de-23e177779933', 11, 9, 45.0000, 1, '09/2022 - 02/2023', '2022-11-01 01:09:44', 'KhaiND', '2022-12-01 00:00:01', 'KhaiND'),
('618a6bf7-3c05-50cb-a45e-60fe4d31c979', '777df041-51a7-37b6-7509-bf1378b8dc91', 8, 2, 30.0000, 1, 'Cả năm', '2022-11-01 00:10:07', 'KhaiND', '2022-12-01 00:12:26', 'KhaiND'),
('61a52da5-1694-160a-ffeb-e423f1575e00', '3bad7541-7915-6d1b-34de-23e177779933', 12, 6, 55.0000, 1, '11/2022 - 12/20222', '2022-12-14 12:13:57', 'KhaiND', '2022-12-06 17:14:20', 'KhaiND'),
('61ad963c-1963-2e2b-a4db-f21ac591aca5', '6065d99a-3101-55f4-20cf-9712082ff6cb', 10, 3, 90.0000, 1, '02/2023 - 04/2023', NULL, NULL, '2022-12-01 00:26:06', 'KhaiND'),
('61b88f92-4dac-615f-cf7d-817a123d365d', '7dbd90f6-6015-12c6-4b29-a2925c0f334d', 14, 8, 55.0000, 1, '09/2022 - 02/2023', '2022-11-18 23:29:16', 'KhaiND', '2022-12-09 11:18:50', 'KhaiND'),
('61bf7dba-48f0-15c1-d75e-60fe4d31c979', '14d72c8c-7ebd-4a10-9bd5-ba100c6f7bce', 15, 7, 85.0000, 1, '11/2022 - 12/20222', '2022-12-15 02:06:28', 'KhaiND', '2022-12-21 01:45:25', 'KhaiND'),
('61c22f31-1784-7b8e-3437-63d5d5eff719', '2917e651-61f8-7f1a-a20b-87ae14180c33', 3, 4, 35.0000, 1, '11/2022 - 12/20222', NULL, NULL, '2022-12-24 14:28:37', 'KhaiND'),
('61d00e89-2d5b-4c8f-a8a9-deaf32c96293', '69cc327f-46ba-72fc-ac20-39c2f00615e8', 9, 5, 80.0000, 1, '09/2022 - 02/2023', NULL, NULL, '2022-12-14 14:32:12', 'KhaiND'),
('61dc2b95-5efb-7930-0a27-71cca92946bf', '2917e651-61f8-7f1a-a20b-87ae14180c33', 8, 2, 95.0000, 1, 'Cả năm', '2022-11-01 00:00:02', 'KhaiND', '2022-12-01 01:13:03', 'KhaiND'),
('6204920c-252c-50aa-48ec-e423f1575e00', '305174e6-1900-371f-a920-39c2f00615e8', 9, 5, 40.0000, 1, '09/2022 - 02/2023', '2022-12-05 19:07:05', 'KhaiND', '2022-12-09 19:01:17', 'KhaiND'),
('62086738-6ddf-289d-0789-479bce9b28fc', '5d6636c4-5be9-1fda-0084-196123975cb2', 10, 3, 50.0000, 1, '02/2023 - 04/2023', '2022-11-04 05:48:56', 'KhaiND', '2022-12-17 09:29:45', 'KhaiND'),
('62233955-450d-7a40-a97d-817a123d365d', '4030e5af-694c-380f-36de-23e177779933', 12, 6, 30.0000, 1, '11/2022 - 12/20222', '2022-11-03 07:55:06', 'KhaiND', '2022-12-27 10:59:34', 'KhaiND'),
('622862a4-26d3-43e8-27ec-e423f1575e00', '40dcb887-554e-6059-a120-39c2f00615e8', 12, 6, 80.0000, 1, '11/2022 - 12/20222', '2022-11-01 00:01:20', 'KhaiND', '2022-12-01 02:18:32', 'KhaiND'),
('62389c0b-6e7a-5095-dea9-deaf32c96293', '1d3986c3-11ae-3e82-85c0-08fd2f807219', 9, 5, 40.0000, 1, '09/2022 - 02/2023', '2022-12-09 04:57:51', 'KhaiND', '2022-12-01 00:00:04', 'KhaiND'),
('623af5e7-1462-1905-35ec-e423f1575e00', '768816a8-415c-1cf2-7e09-bf1378b8dc91', 14, 8, 65.0000, 1, '09/2022 - 02/2023', '2022-11-01 00:06:23', 'KhaiND', '2022-12-01 00:00:06', 'KhaiND'),
('624084f1-7f9b-404a-d3eb-e423f1575e00', '5ee2ba7f-49ee-5b09-5cbe-406293204378', 12, 6, 95.0000, 1, '11/2022 - 12/20222', '2022-11-01 00:00:10', 'KhaiND', NULL, NULL),
('62728bb2-1c09-7892-fbeb-e423f1575e00', '374bb943-1e92-11bb-0884-196123975cb2', 10, 3, 35.0000, 1, '02/2023 - 04/2023', '2022-11-09 07:34:21', 'KhaiND', '2022-12-01 00:14:50', 'KhaiND'),
('62a60036-3707-574d-2b3e-c9e9e9038fe2', '1113bff9-7186-5b43-68be-406293204378', 9, 5, 45.0000, 1, '09/2022 - 02/2023', '2022-11-01 00:00:01', 'KhaiND', NULL, NULL),
('62b37c42-73c4-57e8-1e89-479bce9b28fc', '1791bb94-7da7-2a8b-8dd5-ba100c6f7bce', 7, 1, 100.0000, 1, 'Học kỳ II', '2022-12-09 03:46:50', 'KhaiND', '2022-12-01 00:13:12', 'KhaiND'),
('62c17ec8-4617-6baf-5e89-479bce9b28fc', '40dcb887-554e-6059-a120-39c2f00615e8', 9, 5, 95.0000, 1, '09/2022 - 02/2023', '2022-12-13 09:45:20', 'KhaiND', '2022-12-01 00:00:04', 'KhaiND'),
('62da7636-616e-45c4-f126-71cca92946bf', '19d3caa4-564a-1b26-4f29-a2925c0f334d', 12, 6, 90.0000, 1, '11/2022 - 12/20222', '2022-12-10 04:21:27', 'KhaiND', '2022-12-05 22:20:36', 'KhaiND'),
('62e0a6ed-2278-743e-6e3e-c9e9e9038fe2', '15cb3909-1246-2add-33de-23e177779933', 11, 9, 60.0000, 1, '09/2022 - 02/2023', '2022-12-11 19:18:56', 'KhaiND', NULL, NULL),
('62e9d06e-4203-5a57-b932-03c92da59c43', '305174e6-1900-371f-a920-39c2f00615e8', 3, 4, 70.0000, 1, '11/2022 - 12/20222', NULL, NULL, '2022-12-01 00:00:04', 'KhaiND'),
('62fc1cc6-4376-7aab-fa36-63d5d5eff719', '4931f441-237d-4e19-9e0b-87ae14180c33', 14, 8, 50.0000, 1, '09/2022 - 02/2023', '2022-11-24 05:52:39', 'KhaiND', '2022-12-01 00:06:43', 'KhaiND'),
('632b98b2-57f8-38ec-ee5e-60fe4d31c979', '201328e5-6594-725d-8ed5-ba100c6f7bce', 10, 3, 25.0000, 1, '02/2023 - 04/2023', '2022-11-01 02:42:45', 'KhaiND', '2022-12-01 00:00:04', 'KhaiND'),
('63341ddd-749f-75d1-1e3e-c9e9e9038fe2', '669c8349-2fc8-1dc3-a620-39c2f00615e8', 3, 4, 45.0000, 1, '11/2022 - 12/20222', '2022-11-11 04:09:04', 'KhaiND', '2022-12-17 17:27:30', 'KhaiND'),
('633f1682-4d0e-34dc-a7db-f21ac591aca5', '4a5a5232-6bcf-2f42-62be-406293204378', 3, 4, 60.0000, 1, '11/2022 - 12/20222', '2022-11-01 01:20:40', 'KhaiND', '2022-12-03 09:46:35', 'KhaiND'),
('63620592-55db-6be2-dbdb-f21ac591aca5', '70db2698-6fe2-46c7-95c0-08fd2f807219', 12, 6, 75.0000, 1, '11/2022 - 12/20222', NULL, NULL, '2022-12-11 20:50:30', 'KhaiND'),
('6372ae64-666a-386b-7732-03c92da59c43', '6eeb0f16-1f95-72a8-8ac0-08fd2f807219', 11, 9, 80.0000, 1, '09/2022 - 02/2023', '2022-11-18 11:23:50', 'KhaiND', '2022-12-01 02:01:37', 'KhaiND'),
('63885276-377b-3593-423e-c9e9e9038fe2', '69cc327f-46ba-72fc-ac20-39c2f00615e8', 15, 7, 85.0000, 1, '11/2022 - 12/20222', '2022-11-01 01:11:52', 'KhaiND', '2022-12-05 16:09:21', 'KhaiND'),
('638972e8-2c39-4998-eb3d-c9e9e9038fe2', '4a5a5232-6bcf-2f42-62be-406293204378', 14, 8, 45.0000, 1, '09/2022 - 02/2023', '2022-11-19 06:40:17', 'KhaiND', '2022-12-13 13:23:12', 'KhaiND'),
('638f7aa2-3a10-2867-d47d-817a123d365d', '618a90d5-41f5-5b77-93d5-ba100c6f7bce', 9, 5, 85.0000, 1, '09/2022 - 02/2023', '2022-11-01 01:26:35', 'KhaiND', '2022-12-01 00:01:30', 'KhaiND'),
('63911822-55ae-7aac-23aa-deaf32c96293', '28955144-6588-500f-0684-196123975cb2', 8, 2, 95.0000, 1, 'Cả năm', '2022-11-01 00:01:13', 'KhaiND', '2022-12-29 02:30:35', 'KhaiND'),
('63b8bea7-1fa7-44e8-8489-479bce9b28fc', '592ad0f7-5391-704d-af20-39c2f00615e8', 3, 4, 65.0000, 1, '11/2022 - 12/20222', '2022-11-10 16:06:30', 'KhaiND', '2022-12-22 07:31:46', 'KhaiND'),
('63bf3c82-592f-7041-e1eb-e423f1575e00', '20bbbd0b-3c4a-7d94-6f09-bf1378b8dc91', 10, 3, 35.0000, 1, '02/2023 - 04/2023', '2022-11-26 17:31:33', 'KhaiND', '2022-12-11 04:45:51', 'KhaiND'),
('63c008a4-5a14-1493-1daa-deaf32c96293', '42a2de43-33e3-3d3e-1ccf-9712082ff6cb', 15, 7, 85.0000, 1, '11/2022 - 12/20222', '2022-11-06 21:33:15', 'KhaiND', '2022-12-01 00:09:16', 'KhaiND'),
('63cbc633-6428-6243-1b3e-c9e9e9038fe2', '65d68747-2ba6-2926-92c0-08fd2f807219', 3, 4, 55.0000, 1, '11/2022 - 12/20222', NULL, NULL, '2022-12-12 19:53:55', 'KhaiND'),
('63e1fd0d-264d-62ce-3737-63d5d5eff719', '4931f441-237d-4e19-9e0b-87ae14180c33', 8, 2, 60.0000, 1, 'Cả năm', '2022-11-09 09:36:45', 'KhaiND', '2022-12-21 20:24:26', 'KhaiND'),
('63f4ae5b-7ba3-2836-d05e-60fe4d31c979', '46241dbe-5442-7b9f-8ec0-08fd2f807219', 7, 1, 95.0000, 1, 'Học kỳ II', '2022-11-10 18:28:01', 'KhaiND', '2022-12-08 00:27:35', 'KhaiND'),
('640c3c03-6394-3ead-09ec-e423f1575e00', '3be24f1a-760f-693b-0584-196123975cb2', 11, 9, 25.0000, 1, '09/2022 - 02/2023', '2022-11-17 17:28:04', 'KhaiND', '2022-12-15 06:57:27', 'KhaiND'),
('6418c31a-24f4-16c0-6e37-63d5d5eff719', '6e98d16d-1cee-3d90-4d29-a2925c0f334d', 9, 5, 85.0000, 1, '09/2022 - 02/2023', NULL, NULL, '2022-12-01 00:05:04', 'KhaiND'),
('6439df40-7828-1dc0-b026-71cca92946bf', '57a3f48f-1c1d-1f04-9e20-39c2f00615e8', 3, 4, 65.0000, 1, '11/2022 - 12/20222', '2022-11-12 16:00:52', 'KhaiND', '2022-12-13 22:01:02', 'KhaiND'),
('644642cc-608e-472b-dd32-03c92da59c43', '6452e402-1744-5bf8-aa20-39c2f00615e8', 7, 1, 50.0000, 1, 'Học kỳ II', '2022-12-07 03:32:35', 'KhaiND', '2022-12-16 18:38:28', 'KhaiND'),
('6448eb04-1b26-7d0e-fda9-deaf32c96293', '1873592d-62c0-6ef7-5329-a2925c0f334d', 14, 8, 95.0000, 1, '09/2022 - 02/2023', '2022-11-17 22:25:01', 'KhaiND', '2022-12-01 01:27:47', 'KhaiND'),
('644ed3e3-658a-3d86-c65e-60fe4d31c979', '18b097ad-30aa-66c1-7909-bf1378b8dc91', 15, 7, 45.0000, 1, '11/2022 - 12/20222', '2022-11-19 20:35:31', 'KhaiND', '2022-12-30 13:05:32', 'KhaiND'),
('6453b2c2-6cf7-1394-f6a9-deaf32c96293', '305174e6-1900-371f-a920-39c2f00615e8', 11, 9, 55.0000, 1, '09/2022 - 02/2023', '2022-11-01 00:00:06', 'KhaiND', '2022-12-01 00:12:45', 'KhaiND'),
('647c8128-1751-5cec-ec7d-817a123d365d', '7c94355d-4702-3a9b-5abe-406293204378', 12, 6, 65.0000, 1, '11/2022 - 12/20222', '2022-11-19 05:20:57', 'KhaiND', '2022-12-01 00:10:35', 'KhaiND'),
('6495dd59-1cbd-39fe-0337-63d5d5eff719', '6be6c0e9-220a-3d03-96d5-ba100c6f7bce', 15, 7, 50.0000, 1, '11/2022 - 12/20222', NULL, NULL, '2022-12-05 07:22:44', 'KhaiND'),
('649e9aae-2cce-7f83-8132-03c92da59c43', '5ee2ba7f-49ee-5b09-5cbe-406293204378', 8, 2, 85.0000, 1, 'Cả năm', '2022-12-10 10:27:56', 'KhaiND', '2022-12-01 02:33:49', 'KhaiND'),
('64a05958-6387-2110-7b89-479bce9b28fc', '6452e402-1744-5bf8-aa20-39c2f00615e8', 9, 5, 30.0000, 1, '09/2022 - 02/2023', '2022-11-01 00:00:05', 'KhaiND', '2022-12-02 05:28:57', 'KhaiND'),
('64bbf411-634d-4477-b226-71cca92946bf', '7b353b36-3996-4309-4e29-a2925c0f334d', 9, 5, 50.0000, 1, '09/2022 - 02/2023', '2022-12-13 01:56:57', 'KhaiND', '2022-12-12 17:58:30', 'KhaiND'),
('64cb51a7-6225-1e9a-1527-71cca92946bf', '4a4a8c90-2e57-215e-58be-406293204378', 9, 5, 80.0000, 1, '09/2022 - 02/2023', '2022-11-30 02:30:44', 'KhaiND', '2022-12-12 12:57:13', 'KhaiND'),
('64cc3666-4fb1-24d1-c17d-817a123d365d', '40480f96-2014-7c36-4c29-a2925c0f334d', 11, 9, 25.0000, 1, '09/2022 - 02/2023', '2022-12-15 04:09:20', 'KhaiND', '2022-12-29 20:26:49', 'KhaiND'),
('64d3c782-6f56-259a-a2db-f21ac591aca5', '184d1ec3-7c8a-71f9-99d5-ba100c6f7bce', 9, 5, 30.0000, 1, '09/2022 - 02/2023', NULL, NULL, '2022-12-01 00:12:40', 'KhaiND'),
('64ee7985-5838-19fb-c57d-817a123d365d', '162d5d1a-66c5-228d-0984-196123975cb2', 8, 2, 100.0000, 1, 'Cả năm', NULL, NULL, '2022-12-30 07:41:06', 'KhaiND'),
('64fbd4c1-53a6-3ea9-2537-63d5d5eff719', '5982505e-4827-7305-1ecf-9712082ff6cb', 7, 1, 25.0000, 1, 'Học kỳ II', '2022-11-01 00:00:08', 'KhaiND', '2022-12-28 00:55:35', 'KhaiND'),
('6536eba2-61f5-770d-8cdb-f21ac591aca5', '42a2de43-33e3-3d3e-1ccf-9712082ff6cb', 12, 6, 40.0000, 1, '11/2022 - 12/20222', '2022-11-01 00:00:06', 'KhaiND', '2022-12-28 08:58:45', 'KhaiND'),
('6555f523-4b31-4b8f-167e-817a123d365d', '28955144-6588-500f-0684-196123975cb2', 10, 3, 55.0000, 1, '02/2023 - 04/2023', '2022-11-11 13:30:40', 'KhaiND', '2022-12-08 15:12:11', 'KhaiND'),
('656bd62b-6bf0-76f4-d0a9-deaf32c96293', '5934ceac-4295-34ba-7c09-bf1378b8dc91', 8, 2, 55.0000, 1, 'Cả năm', '2022-11-28 14:03:26', 'KhaiND', '2022-12-01 00:00:28', 'KhaiND'),
('658cad72-2e87-7456-6089-479bce9b28fc', '573da2cd-1579-5327-8cc0-08fd2f807219', 14, 8, 85.0000, 1, '09/2022 - 02/2023', '2022-11-01 00:01:33', 'KhaiND', '2022-12-05 15:49:01', 'KhaiND'),
('659f2a01-4418-26e9-f03d-c9e9e9038fe2', '162d5d1a-66c5-228d-0984-196123975cb2', 3, 4, 60.0000, 1, '11/2022 - 12/20222', '2022-12-05 00:53:02', 'KhaiND', '2022-12-01 00:00:03', 'KhaiND'),
('65af3919-13a9-4085-703e-c9e9e9038fe2', '7679ed67-7f03-71df-61be-406293204378', 10, 3, 65.0000, 1, '02/2023 - 04/2023', '2022-11-01 02:20:32', 'KhaiND', '2022-12-13 05:52:08', 'KhaiND'),
('65b12b02-26ca-4497-f988-479bce9b28fc', '26de5798-48e1-14d3-9f0b-87ae14180c33', 11, 9, 55.0000, 1, '09/2022 - 02/2023', NULL, NULL, '2022-12-02 14:40:48', 'KhaiND'),
('65c7b972-67d4-2e42-4837-63d5d5eff719', '5ca4f407-2d2d-24db-18cf-9712082ff6cb', 9, 5, 85.0000, 1, '09/2022 - 02/2023', NULL, NULL, '2022-12-27 05:41:19', 'KhaiND'),
('65c9067e-34d1-36a0-7d37-63d5d5eff719', '36104b10-705b-57a8-83c0-08fd2f807219', 8, 2, 60.0000, 1, 'Cả năm', '2022-11-11 13:10:23', 'KhaiND', '2022-12-15 04:19:11', 'KhaiND'),
('65d3d752-4dce-7df4-1227-71cca92946bf', '5d6636c4-5be9-1fda-0084-196123975cb2', 3, 4, 55.0000, 1, '11/2022 - 12/20222', '2022-11-01 00:00:07', 'KhaiND', '2022-12-27 09:55:43', 'KhaiND'),
('65f9453c-2458-1969-955e-60fe4d31c979', '768816a8-415c-1cf2-7e09-bf1378b8dc91', 10, 3, 100.0000, 1, '02/2023 - 04/2023', NULL, NULL, '2022-12-19 17:07:09', 'KhaiND'),
('6601aaa2-2007-2197-c35e-60fe4d31c979', '7c94355d-4702-3a9b-5abe-406293204378', 15, 7, 40.0000, 1, '11/2022 - 12/20222', '2022-11-26 08:17:43', 'KhaiND', '2022-12-19 15:42:10', 'KhaiND'),
('660d8aa5-1d21-11ee-5037-63d5d5eff719', '22f29725-54f0-11f0-9d0b-87ae14180c33', 8, 2, 80.0000, 1, 'Cả năm', '2022-11-20 11:39:19', 'KhaiND', '2022-12-18 14:59:53', 'KhaiND'),
('661806ff-3be6-5244-fd88-479bce9b28fc', '765a8849-65a2-2ad9-a220-39c2f00615e8', 15, 7, 25.0000, 1, '11/2022 - 12/20222', '2022-11-01 00:00:45', 'KhaiND', NULL, NULL),
('66272fef-4cb7-4122-6489-479bce9b28fc', '46b2f54f-4e6b-7159-0784-196123975cb2', 9, 5, 25.0000, 1, '09/2022 - 02/2023', '2022-11-10 05:49:03', 'KhaiND', '2022-12-01 00:00:19', 'KhaiND'),
('6639d376-1d07-3c4f-203e-c9e9e9038fe2', '13486c96-60ab-3b41-5229-a2925c0f334d', 10, 3, 95.0000, 1, '02/2023 - 04/2023', '2022-11-02 02:25:01', 'KhaiND', NULL, NULL),
('6666781c-6cfd-4cbe-ac5e-60fe4d31c979', '361ca472-1312-3c9f-a60b-87ae14180c33', 14, 8, 45.0000, 1, '09/2022 - 02/2023', '2022-11-24 19:33:57', 'KhaiND', '2022-12-20 05:13:54', 'KhaiND'),
('66924759-43d8-186a-a27d-817a123d365d', '6065d99a-3101-55f4-20cf-9712082ff6cb', 8, 2, 30.0000, 1, 'Cả năm', '2022-11-24 00:16:18', 'KhaiND', '2022-12-21 18:58:23', 'KhaiND'),
('66adc8e9-38c4-5612-0933-03c92da59c43', '14ee7bc0-194c-3948-57be-406293204378', 15, 7, 100.0000, 1, '11/2022 - 12/20222', '2022-12-05 17:24:30', 'KhaiND', '2022-12-09 03:49:07', 'KhaiND'),
('66af9dea-4217-6582-6d3e-c9e9e9038fe2', '15d0d796-1465-4665-fc83-196123975cb2', 11, 9, 60.0000, 1, '09/2022 - 02/2023', '2022-12-14 02:45:15', 'KhaiND', '2022-12-01 02:38:02', 'KhaiND'),
('66e7bad4-15fd-3b77-ae26-71cca92946bf', '144edaf9-3dcb-1a64-0484-196123975cb2', 11, 9, 35.0000, 1, '09/2022 - 02/2023', '2022-11-29 08:21:11', 'KhaiND', '2022-12-15 16:32:20', 'KhaiND'),
('66e84f13-37df-1568-e626-71cca92946bf', '3939a9cd-6c3f-78bf-9ad5-ba100c6f7bce', 10, 3, 25.0000, 1, '02/2023 - 04/2023', '2022-11-01 00:00:27', 'KhaiND', NULL, NULL),
('66f87844-7c31-19c4-1fec-e423f1575e00', '22b46f5b-19ce-529f-0284-196123975cb2', 9, 5, 50.0000, 1, '09/2022 - 02/2023', NULL, NULL, '2022-12-20 07:51:35', 'KhaiND'),
('67011eba-534f-6106-065f-60fe4d31c979', '14d72c8c-7ebd-4a10-9bd5-ba100c6f7bce', 10, 3, 50.0000, 1, '02/2023 - 04/2023', NULL, NULL, '2022-12-10 18:08:55', 'KhaiND'),
('67037728-615d-4a07-8689-479bce9b28fc', '749af78e-699e-5d1e-7109-bf1378b8dc91', 10, 3, 25.0000, 1, '02/2023 - 04/2023', '2022-11-25 06:07:04', 'KhaiND', '2022-12-17 06:30:41', 'KhaiND'),
('67105e55-5b56-426f-fddb-f21ac591aca5', '7dbd90f6-6015-12c6-4b29-a2925c0f334d', 10, 3, 40.0000, 1, '02/2023 - 04/2023', '2022-11-01 00:50:13', 'KhaiND', '2022-12-01 00:00:10', 'KhaiND'),
('67117428-126d-3016-ffa9-deaf32c96293', '6be6c0e9-220a-3d03-96d5-ba100c6f7bce', 9, 5, 60.0000, 1, '09/2022 - 02/2023', '2022-11-04 22:47:14', 'KhaiND', NULL, NULL),
('671eed88-19d9-658c-8532-03c92da59c43', '13548f3b-37b7-728f-ff83-196123975cb2', 14, 8, 85.0000, 1, '09/2022 - 02/2023', NULL, NULL, '2022-12-08 16:39:58', 'KhaiND'),
('67423ef2-502a-759e-a75e-60fe4d31c979', '14146ceb-2f77-385d-90d5-ba100c6f7bce', 3, 4, 65.0000, 1, '11/2022 - 12/20222', '2022-12-10 06:18:12', 'KhaiND', NULL, NULL),
('6755cf23-741b-63fe-0837-63d5d5eff719', '34811f36-3996-69fc-39de-23e177779933', 10, 3, 25.0000, 1, '02/2023 - 04/2023', '2022-12-14 21:16:26', 'KhaiND', '2022-12-21 01:59:34', 'KhaiND'),
('6767f867-248b-456b-4589-479bce9b28fc', '7214c81d-705f-3473-65be-406293204378', 14, 8, 95.0000, 1, '09/2022 - 02/2023', '2022-11-01 00:01:08', 'KhaiND', '2022-12-14 13:16:09', 'KhaiND'),
('67786ff2-5375-14c4-6a89-479bce9b28fc', '69cc327f-46ba-72fc-ac20-39c2f00615e8', 7, 1, 70.0000, 1, 'Học kỳ II', '2022-11-25 09:38:27', 'KhaiND', '2022-12-01 00:15:06', 'KhaiND'),
('6785757d-44a9-309c-047e-817a123d365d', '5d45a0b6-3652-3ed1-5dbe-406293204378', 15, 7, 95.0000, 1, '11/2022 - 12/20222', '2022-12-03 17:45:25', 'KhaiND', '2022-12-01 00:10:18', 'KhaiND'),
('67863ddd-1c48-1dcc-8d5e-60fe4d31c979', '486f3705-5928-5b0d-15cf-9712082ff6cb', 8, 2, 60.0000, 1, 'Cả năm', '2022-11-21 22:02:49', 'KhaiND', '2022-12-10 16:38:45', 'KhaiND'),
('67a1395c-2700-43b1-f426-71cca92946bf', '46241dbe-5442-7b9f-8ec0-08fd2f807219', 12, 6, 45.0000, 1, '11/2022 - 12/20222', '2022-12-09 10:15:12', 'KhaiND', '2022-12-01 00:01:13', 'KhaiND'),
('67c22017-7778-4e15-bba9-deaf32c96293', '3deb9637-21c9-2f33-a50b-87ae14180c33', 9, 5, 75.0000, 1, '09/2022 - 02/2023', '2022-12-07 00:11:13', 'KhaiND', '2022-12-03 21:59:43', 'KhaiND'),
('67f0b1cb-2b12-6565-39ec-e423f1575e00', '305174e6-1900-371f-a920-39c2f00615e8', 8, 2, 50.0000, 1, 'Cả năm', '2022-11-01 00:00:29', 'KhaiND', '2022-12-01 01:33:01', 'KhaiND'),
('67f532a4-1158-2919-d1eb-e423f1575e00', '749f165c-16de-4b32-86c0-08fd2f807219', 10, 3, 95.0000, 1, '02/2023 - 04/2023', '2022-12-04 03:25:44', 'KhaiND', '2022-12-24 09:05:55', 'KhaiND'),
('67fa33c4-4f40-5235-6189-479bce9b28fc', '6006f6a5-7953-28f9-95d5-ba100c6f7bce', 15, 7, 55.0000, 1, '11/2022 - 12/20222', '2022-11-01 00:00:05', 'KhaiND', '2022-12-02 14:56:23', 'KhaiND'),
('68073378-7548-3012-053e-c9e9e9038fe2', '4d8c2958-2252-531e-7a09-bf1378b8dc91', 9, 5, 80.0000, 1, '09/2022 - 02/2023', NULL, NULL, '2022-12-22 14:23:40', 'KhaiND'),
('682e7a2d-59dc-2f36-967d-817a123d365d', '28018b36-16ff-393b-a020-39c2f00615e8', 15, 7, 60.0000, 1, '11/2022 - 12/20222', '2022-11-04 12:26:59', 'KhaiND', '2022-12-01 00:00:45', 'KhaiND'),
('685f05f2-2fc8-2d49-5889-479bce9b28fc', '2535c718-4dd9-311b-8cd5-ba100c6f7bce', 3, 4, 95.0000, 1, '11/2022 - 12/20222', NULL, NULL, '2022-12-28 19:29:02', 'KhaiND'),
('686d20a9-26a7-2c4b-ec5e-60fe4d31c979', '69327c00-3606-5757-8fd5-ba100c6f7bce', 14, 8, 85.0000, 1, '09/2022 - 02/2023', '2022-12-02 18:38:22', 'KhaiND', '2022-12-08 09:34:27', 'KhaiND'),
('686ef840-6f07-51f0-095f-60fe4d31c979', '6452e402-1744-5bf8-aa20-39c2f00615e8', 10, 3, 45.0000, 1, '02/2023 - 04/2023', '2022-11-06 21:34:44', 'KhaiND', '2022-12-17 14:09:53', 'KhaiND'),
('6885ee10-4252-2b82-da5e-60fe4d31c979', '7dbd90f6-6015-12c6-4b29-a2925c0f334d', 3, 4, 100.0000, 1, '11/2022 - 12/20222', '2022-11-25 08:30:44', 'KhaiND', '2022-12-01 02:11:57', 'KhaiND'),
('688929af-435c-37f9-5189-479bce9b28fc', '2520d168-1494-4217-89d5-ba100c6f7bce', 7, 1, 70.0000, 1, 'Học kỳ II', '2022-11-06 03:58:52', 'KhaiND', '2022-12-27 07:29:59', 'KhaiND'),
('68960712-5639-7d98-ed32-03c92da59c43', '6b47b37f-3123-3ce7-14cf-9712082ff6cb', 12, 6, 30.0000, 1, '11/2022 - 12/20222', '2022-11-01 01:28:55', 'KhaiND', '2022-12-01 00:00:04', 'KhaiND'),
('68af3dd2-4666-2a76-5789-479bce9b28fc', '1d974e92-2a73-4659-5fbe-406293204378', 11, 9, 75.0000, 1, '09/2022 - 02/2023', '2022-11-01 00:00:34', 'KhaiND', '2022-12-30 07:19:49', 'KhaiND'),
('68c34880-5351-6086-e7a9-deaf32c96293', '13548f3b-37b7-728f-ff83-196123975cb2', 10, 3, 100.0000, 1, '02/2023 - 04/2023', '2022-11-16 21:44:31', 'KhaiND', '2022-12-20 19:39:01', 'KhaiND'),
('6923440f-4d36-341b-a55e-60fe4d31c979', '4d8c2958-2252-531e-7a09-bf1378b8dc91', 8, 2, 100.0000, 1, 'Cả năm', '2022-11-06 08:20:26', 'KhaiND', '2022-12-01 01:53:46', 'KhaiND'),
('6949ab9c-11e5-1fc5-c87d-817a123d365d', '782665f6-489e-1247-1bcf-9712082ff6cb', 7, 1, 100.0000, 1, 'Học kỳ II', '2022-11-01 00:00:33', 'KhaiND', '2022-12-01 01:23:58', 'KhaiND'),
('69547a1d-1f1f-758e-e226-71cca92946bf', '7ab54386-59c1-7a58-a70b-87ae14180c33', 15, 7, 100.0000, 1, '11/2022 - 12/20222', '2022-12-06 09:36:56', 'KhaiND', '2022-12-01 00:04:37', 'KhaiND'),
('6960d7c9-247c-440f-087e-817a123d365d', '6cb5344e-4b6a-3e87-7809-bf1378b8dc91', 3, 4, 50.0000, 1, '11/2022 - 12/20222', '2022-11-01 00:00:08', 'KhaiND', '2022-12-23 19:33:20', 'KhaiND'),
('69931274-744f-31b4-2e3e-c9e9e9038fe2', '5587ec3f-5ef9-7b84-38de-23e177779933', 7, 1, 40.0000, 1, 'Học kỳ II', '2022-12-15 05:23:22', 'KhaiND', '2022-12-30 03:13:40', 'KhaiND'),
('699dde4c-1483-5099-dfa9-deaf32c96293', '65a297e8-7141-3f82-aa0b-87ae14180c33', 11, 9, 65.0000, 1, '09/2022 - 02/2023', '2022-11-01 00:16:37', 'KhaiND', '2022-12-19 02:30:38', 'KhaiND'),
('69ac9799-746f-2e47-a232-03c92da59c43', '182ac03d-3bc5-1d27-7309-bf1378b8dc91', 7, 1, 25.0000, 1, 'Học kỳ II', '2022-11-01 00:01:07', 'KhaiND', '2022-12-15 05:34:50', 'KhaiND'),
('69bb05df-7503-5d71-4f3e-c9e9e9038fe2', '2535c718-4dd9-311b-8cd5-ba100c6f7bce', 7, 1, 30.0000, 1, 'Học kỳ II', '2022-11-03 19:14:52', 'KhaiND', '2022-12-01 00:00:46', 'KhaiND'),
('69c06fca-25e3-16f0-e25e-60fe4d31c979', '6ef29a53-7bc8-7018-90c0-08fd2f807219', 8, 2, 45.0000, 1, 'Cả năm', NULL, NULL, '2022-12-25 22:32:27', 'KhaiND'),
('69c358a2-6fd4-4e98-7337-63d5d5eff719', '749af78e-699e-5d1e-7109-bf1378b8dc91', 12, 6, 95.0000, 1, '11/2022 - 12/20222', '2022-12-15 02:43:41', 'KhaiND', '2022-12-22 04:32:18', 'KhaiND'),
('69cb78d7-2410-6b93-f1db-f21ac591aca5', '5d45a0b6-3652-3ed1-5dbe-406293204378', 14, 8, 90.0000, 1, '09/2022 - 02/2023', '2022-11-30 04:15:25', 'KhaiND', '2022-12-21 03:10:25', 'KhaiND'),
('69debfa2-7fe0-63ae-aedb-f21ac591aca5', '4a5a5232-6bcf-2f42-62be-406293204378', 7, 1, 55.0000, 1, 'Học kỳ II', NULL, NULL, '2022-12-30 03:34:21', 'KhaiND'),
('69e5f007-6c1a-7854-e67d-817a123d365d', '56304486-1a40-35bd-22cf-9712082ff6cb', 8, 2, 45.0000, 1, 'Cả năm', '2022-11-01 00:56:43', 'KhaiND', '2022-12-27 22:40:36', 'KhaiND'),
('6a0ab48d-4e7a-4a30-38aa-deaf32c96293', '2ea8deee-1b95-2a51-88d5-ba100c6f7bce', 3, 4, 80.0000, 1, '11/2022 - 12/20222', '2022-11-06 04:30:54', 'KhaiND', '2022-12-14 00:23:28', 'KhaiND'),
('6a1325e6-4267-72d0-e15e-60fe4d31c979', '14d72c8c-7ebd-4a10-9bd5-ba100c6f7bce', 7, 1, 90.0000, 1, 'Học kỳ II', NULL, NULL, '2022-12-14 08:13:49', 'KhaiND'),
('6a2044a4-4b06-3640-c2a9-deaf32c96293', '46b2f54f-4e6b-7159-0784-196123975cb2', 11, 9, 25.0000, 1, '09/2022 - 02/2023', '2022-11-11 03:02:36', 'KhaiND', '2022-12-10 19:00:44', 'KhaiND'),
('6a3d0126-2164-31cb-b55e-60fe4d31c979', '51e78fff-176c-5145-91c0-08fd2f807219', 12, 6, 100.0000, 1, '11/2022 - 12/20222', '2022-11-09 06:53:51', 'KhaiND', '2022-12-08 12:06:04', 'KhaiND'),
('6a4aab4e-6cfc-49a4-603e-c9e9e9038fe2', '1721e531-5a6d-7251-ac0b-87ae14180c33', 7, 1, 90.0000, 1, 'Học kỳ II', '2022-11-01 02:06:37', 'KhaiND', '2022-12-28 19:23:02', 'KhaiND'),
('6a633426-4910-7b5c-b632-03c92da59c43', '41c2dce0-2c38-3bc6-16cf-9712082ff6cb', 7, 1, 40.0000, 1, 'Học kỳ II', '2022-12-07 05:27:29', 'KhaiND', '2022-12-01 00:00:03', 'KhaiND'),
('6a64b210-19a9-38aa-fd26-71cca92946bf', '1873592d-62c0-6ef7-5329-a2925c0f334d', 15, 7, 75.0000, 1, '11/2022 - 12/20222', '2022-11-07 13:06:23', 'KhaiND', '2022-12-19 09:08:26', 'KhaiND'),
('6a7eac72-3772-531c-62ec-e423f1575e00', '749af78e-699e-5d1e-7109-bf1378b8dc91', 8, 2, 75.0000, 1, 'Cả năm', '2022-11-01 00:00:09', 'KhaiND', '2022-12-01 00:13:50', 'KhaiND'),
('6a85dfc3-5435-16a7-2b27-71cca92946bf', '7cd8b4b6-438c-5547-92d5-ba100c6f7bce', 14, 8, 70.0000, 1, '09/2022 - 02/2023', '2022-11-01 00:00:10', 'KhaiND', '2022-12-08 15:51:27', 'KhaiND'),
('6a87adf0-43a2-6e50-443e-c9e9e9038fe2', '70e8e9ef-1d12-602a-a420-39c2f00615e8', 11, 9, 50.0000, 1, '09/2022 - 02/2023', '2022-12-09 18:53:39', 'KhaiND', '2022-12-29 23:53:55', 'KhaiND'),
('6a90a395-48fe-1145-1c37-63d5d5eff719', '40dcb887-554e-6059-a120-39c2f00615e8', 14, 8, 80.0000, 1, '09/2022 - 02/2023', '2022-11-01 00:01:35', 'KhaiND', '2022-12-26 19:28:48', 'KhaiND'),
('6aaf4d2a-1d03-7df9-16aa-deaf32c96293', '52aadc93-3c4a-5df5-ae20-39c2f00615e8', 12, 6, 75.0000, 1, '11/2022 - 12/20222', '2022-11-01 00:00:06', 'KhaiND', '2022-12-23 11:10:13', 'KhaiND'),
('6ab1e49c-793d-71e2-fe32-03c92da59c43', '6ef29a53-7bc8-7018-90c0-08fd2f807219', 14, 8, 60.0000, 1, '09/2022 - 02/2023', '2022-11-01 00:00:04', 'KhaiND', '2022-12-01 00:04:48', 'KhaiND'),
('6acd0732-51df-5c4e-badb-f21ac591aca5', '1113bff9-7186-5b43-68be-406293204378', 11, 9, 95.0000, 1, '09/2022 - 02/2023', NULL, NULL, '2022-12-01 00:00:39', 'KhaiND'),
('6af916c4-7a1d-45a3-147e-817a123d365d', '768816a8-415c-1cf2-7e09-bf1378b8dc91', 11, 9, 25.0000, 1, '09/2022 - 02/2023', NULL, NULL, '2022-12-27 00:02:41', 'KhaiND'),
('6b249645-2be5-68b7-c0db-f21ac591aca5', '1791bb94-7da7-2a8b-8dd5-ba100c6f7bce', 12, 6, 60.0000, 1, '11/2022 - 12/20222', '2022-11-25 23:56:41', 'KhaiND', '2022-12-20 13:14:16', 'KhaiND'),
('6b362e62-6e67-6a9d-c126-71cca92946bf', '50c0928f-1779-4e8b-a520-39c2f00615e8', 8, 2, 100.0000, 1, 'Cả năm', '2022-11-01 00:00:57', 'KhaiND', '2022-12-29 15:24:12', 'KhaiND'),
('6b47e37c-67bc-7a75-cc5e-60fe4d31c979', '7c94355d-4702-3a9b-5abe-406293204378', 3, 4, 60.0000, 1, '11/2022 - 12/20222', '2022-12-13 05:38:18', 'KhaiND', '2022-12-14 01:58:58', 'KhaiND'),
('6b5867c7-25f1-304e-b4db-f21ac591aca5', '3939a9cd-6c3f-78bf-9ad5-ba100c6f7bce', 11, 9, 90.0000, 1, '09/2022 - 02/2023', '2022-11-01 19:24:57', 'KhaiND', '2022-12-01 00:00:36', 'KhaiND'),
('6b5b351d-7503-7159-25aa-deaf32c96293', '4d8c2958-2252-531e-7a09-bf1378b8dc91', 15, 7, 80.0000, 1, '11/2022 - 12/20222', '2022-11-01 02:35:11', 'KhaiND', '2022-12-01 00:02:31', 'KhaiND'),
('6ba576ae-3a7d-6bed-f536-63d5d5eff719', '12437806-26ac-3517-9c0b-87ae14180c33', 7, 1, 60.0000, 1, 'Học kỳ II', '2022-11-01 00:00:05', 'KhaiND', '2022-12-22 20:21:15', 'KhaiND'),
('6bc216ad-47b6-2790-e9a9-deaf32c96293', '494e1c26-71cc-292d-a320-39c2f00615e8', 7, 1, 65.0000, 1, 'Học kỳ II', '2022-12-10 00:48:46', 'KhaiND', '2022-12-07 15:59:05', 'KhaiND'),
('6bd5fdf4-609c-67c2-3d89-479bce9b28fc', '41c2dce0-2c38-3bc6-16cf-9712082ff6cb', 12, 6, 40.0000, 1, '11/2022 - 12/20222', '2022-12-02 03:59:55', 'KhaiND', '2022-12-01 00:00:06', 'KhaiND'),
('6be82814-7182-6a30-fedb-f21ac591aca5', '135412a8-63c7-3426-1fcf-9712082ff6cb', 3, 4, 35.0000, 1, '11/2022 - 12/20222', '2022-11-09 14:06:20', 'KhaiND', '2022-12-05 04:35:32', 'KhaiND'),
('6bed1364-2ed7-17e4-1eec-e423f1575e00', '6452e402-1744-5bf8-aa20-39c2f00615e8', 14, 8, 40.0000, 1, '09/2022 - 02/2023', '2022-12-08 13:28:35', 'KhaiND', NULL, NULL),
('6c02f25e-12e7-74e9-1537-63d5d5eff719', '70db2698-6fe2-46c7-95c0-08fd2f807219', 14, 8, 25.0000, 1, '09/2022 - 02/2023', '2022-11-01 21:33:44', 'KhaiND', '2022-12-21 05:30:17', 'KhaiND'),
('6c0d9a04-5b96-1af0-acdb-f21ac591aca5', '780d4a88-7745-3862-0184-196123975cb2', 11, 9, 60.0000, 1, '09/2022 - 02/2023', '2022-11-01 00:01:58', 'KhaiND', '2022-12-16 21:14:04', 'KhaiND'),
('6c13ea20-7077-5db5-b65e-60fe4d31c979', '46241dbe-5442-7b9f-8ec0-08fd2f807219', 14, 8, 40.0000, 1, '09/2022 - 02/2023', '2022-11-01 00:00:01', 'KhaiND', '2022-12-01 00:00:36', 'KhaiND'),
('6c2a97a5-58be-61c7-d45e-60fe4d31c979', '13548f3b-37b7-728f-ff83-196123975cb2', 9, 5, 35.0000, 1, '09/2022 - 02/2023', '2022-11-01 00:00:07', 'KhaiND', '2022-12-28 10:28:27', 'KhaiND'),
('6c2ad2b4-23e9-771d-0caa-deaf32c96293', '35a9fa15-1e85-7c01-0384-196123975cb2', 9, 5, 55.0000, 1, '09/2022 - 02/2023', '2022-11-15 07:23:37', 'KhaiND', '2022-12-13 10:23:00', 'KhaiND'),
('6c3c9152-50bf-22b2-38ec-e423f1575e00', '5ee2ba7f-49ee-5b09-5cbe-406293204378', 14, 8, 100.0000, 1, '09/2022 - 02/2023', '2022-11-01 00:27:03', 'KhaiND', '2022-12-30 01:46:29', 'KhaiND'),
('6c528dfb-16c2-5a77-06ec-e423f1575e00', '7c94355d-4702-3a9b-5abe-406293204378', 10, 3, 35.0000, 1, '02/2023 - 04/2023', '2022-11-20 08:08:38', 'KhaiND', '2022-12-21 06:31:37', 'KhaiND'),
('6c5ab4b8-7317-6148-2e27-71cca92946bf', '1f94a596-32c4-2a29-8ad5-ba100c6f7bce', 10, 3, 75.0000, 1, '02/2023 - 04/2023', '2022-11-29 20:15:17', 'KhaiND', '2022-12-18 22:48:51', 'KhaiND'),
('6c5e6064-51be-4460-f136-63d5d5eff719', '14ee7bc0-194c-3948-57be-406293204378', 11, 9, 25.0000, 1, '09/2022 - 02/2023', NULL, NULL, '2022-12-11 07:35:47', 'KhaiND'),
('6c6990e6-6ffc-252e-b3db-f21ac591aca5', '25502e11-38ba-4c53-fe83-196123975cb2', 14, 8, 65.0000, 1, '09/2022 - 02/2023', NULL, NULL, NULL, NULL),
('6c7ca9a2-4ab1-2cf9-5b37-63d5d5eff719', '360c3e0f-5235-1165-93c0-08fd2f807219', 3, 4, 30.0000, 1, '11/2022 - 12/20222', '2022-12-12 21:35:26', 'KhaiND', NULL, NULL),
('6c87d433-5bbf-6bc2-ff26-71cca92946bf', '25502e11-38ba-4c53-fe83-196123975cb2', 9, 5, 70.0000, 1, '09/2022 - 02/2023', '2022-12-02 14:57:15', 'KhaiND', '2022-12-08 18:16:34', 'KhaiND'),
('6c93241d-7ba1-2ce7-0faa-deaf32c96293', '6e98d16d-1cee-3d90-4d29-a2925c0f334d', 8, 2, 100.0000, 1, 'Cả năm', '2022-12-04 14:49:51', 'KhaiND', NULL, NULL),
('6cb15ad1-7105-3b1f-033e-c9e9e9038fe2', '6eeb0f16-1f95-72a8-8ac0-08fd2f807219', 9, 5, 75.0000, 1, '09/2022 - 02/2023', '2022-11-01 00:04:39', 'KhaiND', '2022-12-01 06:40:24', 'KhaiND'),
('6ce03044-7b57-2b5c-133e-c9e9e9038fe2', '14146ceb-2f77-385d-90d5-ba100c6f7bce', 8, 2, 25.0000, 1, 'Cả năm', '2022-12-06 17:10:41', 'KhaiND', '2022-12-10 01:15:06', 'KhaiND'),
('6cf70a1f-729a-53a7-4637-63d5d5eff719', '3700cc49-55b5-69ea-4929-a2925c0f334d', 8, 2, 85.0000, 1, 'Cả năm', '2022-12-12 17:10:02', 'KhaiND', NULL, NULL),
('6d2e4ce6-4029-6540-c05e-60fe4d31c979', '494e1c26-71cc-292d-a320-39c2f00615e8', 14, 8, 35.0000, 1, '09/2022 - 02/2023', '2022-11-01 03:07:17', 'KhaiND', '2022-12-23 12:35:34', 'KhaiND'),
('6d30c254-29ca-394f-32ec-e423f1575e00', '2909a81f-45ba-7e82-3ade-23e177779933', 12, 6, 65.0000, 1, '11/2022 - 12/20222', '2022-12-06 10:58:47', 'KhaiND', NULL, NULL),
('6d50625e-47be-1b17-f926-71cca92946bf', '7afbde73-7267-7c6b-a720-39c2f00615e8', 15, 7, 30.0000, 1, '11/2022 - 12/20222', '2022-11-01 01:42:34', 'KhaiND', NULL, NULL),
('6d5ca7be-6b57-4bce-d926-71cca92946bf', '25502e11-38ba-4c53-fe83-196123975cb2', 3, 4, 65.0000, 1, '11/2022 - 12/20222', '2022-11-01 00:12:23', 'KhaiND', '2022-12-04 10:35:38', 'KhaiND'),
('6d5e0f61-41dd-12c2-4237-63d5d5eff719', '2909a81f-45ba-7e82-3ade-23e177779933', 11, 9, 35.0000, 1, '09/2022 - 02/2023', '2022-11-20 13:24:05', 'KhaiND', NULL, NULL),
('6d644ec3-561c-1675-3c89-479bce9b28fc', '7441e84e-3b68-7d8b-63be-406293204378', 10, 3, 90.0000, 1, '02/2023 - 04/2023', '2022-11-06 22:53:50', 'KhaiND', '2022-12-30 03:36:17', 'KhaiND'),
('6dbbae6d-5cc0-4fac-aaa9-deaf32c96293', '15d0d796-1465-4665-fc83-196123975cb2', 9, 5, 40.0000, 1, '09/2022 - 02/2023', '2022-12-11 22:25:57', 'KhaiND', '2022-12-27 05:44:13', 'KhaiND'),
('6dc2d59b-6a09-7829-ef5e-60fe4d31c979', '3700cc49-55b5-69ea-4929-a2925c0f334d', 10, 3, 60.0000, 1, '02/2023 - 04/2023', '2022-11-16 18:28:49', 'KhaiND', '2022-12-01 00:00:07', 'KhaiND'),
('6de07ff1-6b7f-7a58-1b37-63d5d5eff719', '361ca472-1312-3c9f-a60b-87ae14180c33', 7, 1, 55.0000, 1, 'Học kỳ II', '2022-11-01 00:00:53', 'KhaiND', '2022-12-01 01:53:25', 'KhaiND'),
('6de778f6-76c6-6bf4-a426-71cca92946bf', '592ad0f7-5391-704d-af20-39c2f00615e8', 7, 1, 35.0000, 1, 'Học kỳ II', '2022-11-12 02:49:00', 'KhaiND', '2022-12-21 13:42:08', 'KhaiND'),
('6e0d6c7c-2bb2-120c-c97d-817a123d365d', '41c2dce0-2c38-3bc6-16cf-9712082ff6cb', 9, 5, 85.0000, 1, '09/2022 - 02/2023', '2022-11-29 06:44:31', 'KhaiND', '2022-12-27 15:01:29', 'KhaiND'),
('6e101dad-25f1-748e-cb32-03c92da59c43', '40dcb887-554e-6059-a120-39c2f00615e8', 11, 9, 25.0000, 1, '09/2022 - 02/2023', '2022-11-02 02:18:59', 'KhaiND', '2022-12-14 13:35:12', 'KhaiND'),
('6e121746-68b5-14fe-1727-71cca92946bf', '2535c718-4dd9-311b-8cd5-ba100c6f7bce', 11, 9, 45.0000, 1, '09/2022 - 02/2023', '2022-11-01 00:00:10', 'KhaiND', '2022-12-01 00:01:33', 'KhaiND'),
('6e1ad254-4042-5e0b-f2db-f21ac591aca5', '6c2d254c-51c8-2ac9-7409-bf1378b8dc91', 12, 6, 60.0000, 1, '11/2022 - 12/20222', '2022-12-09 06:00:36', 'KhaiND', '2022-12-01 01:01:56', 'KhaiND'),
('6e31144e-6129-5829-ba7d-817a123d365d', '305174e6-1900-371f-a920-39c2f00615e8', 14, 8, 80.0000, 1, '09/2022 - 02/2023', NULL, NULL, '2022-12-01 00:01:13', 'KhaiND'),
('6e4fdc3a-1529-3558-965e-60fe4d31c979', '403f8763-44b1-517d-7609-bf1378b8dc91', 15, 7, 45.0000, 1, '11/2022 - 12/20222', '2022-11-01 00:00:10', 'KhaiND', '2022-12-12 01:08:48', 'KhaiND'),
('6e5c55f3-43dc-3223-2589-479bce9b28fc', '201328e5-6594-725d-8ed5-ba100c6f7bce', 14, 8, 60.0000, 1, '09/2022 - 02/2023', '2022-11-01 01:22:12', 'KhaiND', '2022-12-21 04:34:23', 'KhaiND'),
('6e6b51c5-1df9-4d53-3d37-63d5d5eff719', '35a9fa15-1e85-7c01-0384-196123975cb2', 8, 2, 70.0000, 1, 'Cả năm', '2022-12-08 01:15:36', 'KhaiND', '2022-12-16 18:09:53', 'KhaiND'),
('6e760dae-4148-2746-caa9-deaf32c96293', '5934ceac-4295-34ba-7c09-bf1378b8dc91', 12, 6, 95.0000, 1, '11/2022 - 12/20222', '2022-11-23 14:12:31', 'KhaiND', '2022-12-17 18:09:41', 'KhaiND'),
('6e791482-1768-32fe-8edb-f21ac591aca5', '53baae5e-52f2-2642-4a29-a2925c0f334d', 10, 3, 40.0000, 1, '02/2023 - 04/2023', '2022-11-05 12:27:58', 'KhaiND', '2022-12-25 15:23:36', 'KhaiND'),
('6e7dc417-71be-52dd-de7d-817a123d365d', '149fb958-744f-70c6-7709-bf1378b8dc91', 7, 1, 90.0000, 1, 'Học kỳ II', '2022-11-26 20:23:47', 'KhaiND', '2022-12-02 12:33:21', 'KhaiND'),
('6ec85427-70e7-384d-8f5e-60fe4d31c979', '5d39e97f-36dc-2486-21cf-9712082ff6cb', 9, 5, 75.0000, 1, '09/2022 - 02/2023', '2022-12-03 00:37:58', 'KhaiND', '2022-12-03 04:53:31', 'KhaiND'),
('6ef945dd-295a-23eb-7e32-03c92da59c43', '14146ceb-2f77-385d-90d5-ba100c6f7bce', 14, 8, 80.0000, 1, '09/2022 - 02/2023', '2022-11-14 22:02:24', 'KhaiND', NULL, NULL),
('6f0680b3-38d0-732c-9c32-03c92da59c43', '3939a9cd-6c3f-78bf-9ad5-ba100c6f7bce', 7, 1, 65.0000, 1, 'Học kỳ II', '2022-11-19 06:04:52', 'KhaiND', '2022-12-01 00:01:30', 'KhaiND'),
('6f079bbb-5f95-20ee-b126-71cca92946bf', '38528581-656f-2902-32de-23e177779933', 15, 7, 35.0000, 1, '11/2022 - 12/20222', '2022-11-17 03:59:08', 'KhaiND', '2022-12-06 21:49:23', 'KhaiND'),
('6f49b443-7d64-7a15-4b89-479bce9b28fc', '62a849b4-1145-4227-7009-bf1378b8dc91', 9, 5, 25.0000, 1, '09/2022 - 02/2023', '2022-11-03 21:57:05', 'KhaiND', '2022-12-22 15:32:23', 'KhaiND'),
('6f562770-7350-4775-ac7d-817a123d365d', '3c213f7c-5d43-58ec-60be-406293204378', 9, 5, 85.0000, 1, '09/2022 - 02/2023', '2022-11-01 00:11:21', 'KhaiND', NULL, NULL),
('6f77cf88-340e-5862-ec36-63d5d5eff719', '6ef29a53-7bc8-7018-90c0-08fd2f807219', 3, 4, 35.0000, 1, '11/2022 - 12/20222', NULL, NULL, '2022-12-02 12:37:47', 'KhaiND'),
('6f7e16b7-4787-54ff-a0db-f21ac591aca5', '12437806-26ac-3517-9c0b-87ae14180c33', 11, 9, 65.0000, 1, '09/2022 - 02/2023', '2022-11-15 00:26:27', 'KhaiND', '2022-12-18 11:35:08', 'KhaiND'),
('6f887647-3e31-56ae-a832-03c92da59c43', '5ca4f407-2d2d-24db-18cf-9712082ff6cb', 15, 7, 100.0000, 1, '11/2022 - 12/20222', '2022-12-12 11:07:02', 'KhaiND', NULL, NULL),
('6f913a55-7d92-62f5-bda9-deaf32c96293', '42a2de43-33e3-3d3e-1ccf-9712082ff6cb', 10, 3, 50.0000, 1, '02/2023 - 04/2023', '2022-12-14 18:04:53', 'KhaiND', '2022-12-23 02:35:34', 'KhaiND'),
('6fa642a2-2fda-2a84-e532-03c92da59c43', '1873592d-62c0-6ef7-5329-a2925c0f334d', 7, 1, 85.0000, 1, 'Học kỳ II', '2022-11-30 20:43:46', 'KhaiND', '2022-12-08 19:52:55', 'KhaiND'),
('6fca2d21-5f77-7064-a9db-f21ac591aca5', '73f98792-723a-5c61-67be-406293204378', 10, 3, 25.0000, 1, '02/2023 - 04/2023', '2022-11-01 00:00:03', 'KhaiND', '2022-12-18 08:02:29', 'KhaiND'),
('6ff02ad7-6210-320c-de5e-60fe4d31c979', '361ca472-1312-3c9f-a60b-87ae14180c33', 8, 2, 60.0000, 1, 'Cả năm', '2022-11-10 17:47:53', 'KhaiND', '2022-12-01 00:00:08', 'KhaiND'),
('70008ca9-6021-3121-bb7d-817a123d365d', '74de5ccc-59ee-1411-a00b-87ae14180c33', 12, 6, 55.0000, 1, '11/2022 - 12/20222', '2022-11-01 00:15:37', 'KhaiND', '2022-12-01 00:00:07', 'KhaiND'),
('7010d2d5-383d-6ee1-b8db-f21ac591aca5', '45ca8a53-1621-1c68-1acf-9712082ff6cb', 8, 2, 65.0000, 1, 'Cả năm', '2022-12-04 13:35:34', 'KhaiND', '2022-12-28 11:44:15', 'KhaiND'),
('701959c7-53ee-6129-f932-03c92da59c43', '52aadc93-3c4a-5df5-ae20-39c2f00615e8', 8, 2, 50.0000, 1, 'Cả năm', '2022-11-01 00:13:06', 'KhaiND', '2022-12-01 00:00:05', 'KhaiND'),
('7052f938-125a-3a19-08dc-f21ac591aca5', '3deb9637-21c9-2f33-a50b-87ae14180c33', 7, 1, 60.0000, 1, 'Học kỳ II', '2022-11-21 23:32:40', 'KhaiND', '2022-12-10 02:04:58', 'KhaiND'),
('706324e9-367d-40ed-7189-479bce9b28fc', '68fc6f39-7c51-144b-5029-a2925c0f334d', 12, 6, 25.0000, 1, '11/2022 - 12/20222', '2022-11-01 01:44:22', 'KhaiND', NULL, NULL),
('706bf577-2576-2054-d626-71cca92946bf', '36134ff2-25de-148e-3bde-23e177779933', 3, 4, 85.0000, 1, '11/2022 - 12/20222', '2022-11-03 13:04:43', 'KhaiND', '2022-12-01 00:06:20', 'KhaiND'),
('708d14ce-55dd-4718-c7db-f21ac591aca5', '2915c579-282a-66d4-94d5-ba100c6f7bce', 14, 8, 25.0000, 1, '09/2022 - 02/2023', '2022-11-01 00:05:18', 'KhaiND', '2022-12-26 07:33:05', 'KhaiND'),
('709b67df-5304-3727-d3a9-deaf32c96293', '22b46f5b-19ce-529f-0284-196123975cb2', 7, 1, 25.0000, 1, 'Học kỳ II', '2022-11-06 12:41:17', 'KhaiND', '2022-12-03 03:23:25', 'KhaiND'),
('70acca50-11cd-4744-8732-03c92da59c43', '28bb5b3f-5c7f-5bca-a820-39c2f00615e8', 3, 4, 55.0000, 1, '11/2022 - 12/20222', NULL, NULL, NULL, NULL),
('70afe3ff-2e69-1935-233e-c9e9e9038fe2', '19d3caa4-564a-1b26-4f29-a2925c0f334d', 11, 9, 70.0000, 1, '09/2022 - 02/2023', '2022-11-28 23:48:46', 'KhaiND', NULL, NULL),
('70b1356f-51a8-6f24-29ec-e423f1575e00', '6c2d254c-51c8-2ac9-7409-bf1378b8dc91', 3, 4, 100.0000, 1, '11/2022 - 12/20222', '2022-11-20 21:32:28', 'KhaiND', '2022-12-09 22:47:17', 'KhaiND'),
('70b80ff5-3368-58fb-273e-c9e9e9038fe2', '2cc5723c-56c3-7df9-8bd5-ba100c6f7bce', 10, 3, 95.0000, 1, '02/2023 - 04/2023', '2022-11-26 20:36:53', 'KhaiND', '2022-12-24 11:19:05', 'KhaiND'),
('70cb9e7c-2f7e-6e8a-cc26-71cca92946bf', '4a5a5232-6bcf-2f42-62be-406293204378', 11, 9, 75.0000, 1, '09/2022 - 02/2023', NULL, NULL, '2022-12-11 16:58:33', 'KhaiND'),
('70e43093-1a18-7436-a07d-817a123d365d', '184d1ec3-7c8a-71f9-99d5-ba100c6f7bce', 10, 3, 80.0000, 1, '02/2023 - 04/2023', '2022-12-09 22:47:35', 'KhaiND', '2022-12-18 09:39:49', 'KhaiND'),
('70ea70a6-7a44-4c15-c3db-f21ac591aca5', '201328e5-6594-725d-8ed5-ba100c6f7bce', 15, 7, 45.0000, 1, '11/2022 - 12/20222', '2022-11-20 06:43:24', 'KhaiND', '2022-12-07 21:19:54', 'KhaiND'),
('71040876-120b-1f83-3aec-e423f1575e00', '7dbd90f6-6015-12c6-4b29-a2925c0f334d', 11, 9, 95.0000, 1, '09/2022 - 02/2023', '2022-11-01 00:09:37', 'KhaiND', '2022-12-01 00:00:13', 'KhaiND'),
('7121c929-41a2-5a63-e432-03c92da59c43', '57a949ac-4627-2a53-8fc0-08fd2f807219', 12, 6, 55.0000, 1, '11/2022 - 12/20222', '2022-11-01 00:00:05', 'KhaiND', '2022-12-01 00:13:23', 'KhaiND'),
('714f1946-5357-4fa5-1caa-deaf32c96293', '749af78e-699e-5d1e-7109-bf1378b8dc91', 11, 9, 60.0000, 1, '09/2022 - 02/2023', '2022-12-09 23:03:19', 'KhaiND', '2022-12-21 09:36:28', 'KhaiND'),
('7153713d-3cdd-2ee1-fba9-deaf32c96293', '7dbd90f6-6015-12c6-4b29-a2925c0f334d', 7, 1, 60.0000, 1, 'Học kỳ II', '2022-11-01 00:05:56', 'KhaiND', '2022-12-16 07:03:44', 'KhaiND'),
('71586048-3117-1ce2-fb88-479bce9b28fc', '57a3f48f-1c1d-1f04-9e20-39c2f00615e8', 15, 7, 70.0000, 1, '11/2022 - 12/20222', '2022-11-03 11:56:00', 'KhaiND', '2022-12-01 01:07:22', 'KhaiND'),
('715b0172-2112-400a-0c89-479bce9b28fc', '5edf5e81-655b-60fe-8009-bf1378b8dc91', 12, 6, 60.0000, 1, '11/2022 - 12/20222', '2022-11-11 05:27:24', 'KhaiND', '2022-12-01 02:43:27', 'KhaiND'),
('7174afed-3d6d-7af0-db26-71cca92946bf', '38fae0a4-2a8d-7751-17cf-9712082ff6cb', 14, 8, 60.0000, 1, '09/2022 - 02/2023', '2022-11-02 23:59:12', 'KhaiND', NULL, NULL),
('71952621-23c8-61d2-d0eb-e423f1575e00', '28bb5b3f-5c7f-5bca-a820-39c2f00615e8', 14, 8, 45.0000, 1, '09/2022 - 02/2023', '2022-11-07 17:54:51', 'KhaiND', '2022-12-10 04:09:35', 'KhaiND'),
('719d8260-18b4-7404-da26-71cca92946bf', '4a5a5232-6bcf-2f42-62be-406293204378', 8, 2, 50.0000, 1, 'Cả năm', '2022-11-24 14:41:05', 'KhaiND', '2022-12-31 19:38:04', 'KhaiND'),
('71a5d760-185e-3522-ea36-63d5d5eff719', '73f98792-723a-5c61-67be-406293204378', 7, 1, 55.0000, 1, 'Học kỳ II', '2022-11-01 01:33:42', 'KhaiND', '2022-12-01 00:00:10', 'KhaiND'),
('71a988ee-1494-7d2d-3b89-479bce9b28fc', '403f8763-44b1-517d-7609-bf1378b8dc91', 9, 5, 45.0000, 1, '09/2022 - 02/2023', '2022-11-01 00:00:09', 'KhaiND', '2022-12-01 00:01:31', 'KhaiND'),
('71bb0215-46ff-1c37-d826-71cca92946bf', '1f35a25e-29c0-65c5-64be-406293204378', 10, 3, 50.0000, 1, '02/2023 - 04/2023', '2022-11-01 02:11:12', 'KhaiND', '2022-12-01 01:40:43', 'KhaiND'),
('71ed1a51-5557-2fc4-5a37-63d5d5eff719', '234d2569-6b1c-720c-9f20-39c2f00615e8', 7, 1, 90.0000, 1, 'Học kỳ II', '2022-12-12 11:35:51', 'KhaiND', '2022-12-01 00:03:34', 'KhaiND'),
('71f89def-5459-6068-fa26-71cca92946bf', '52aadc93-3c4a-5df5-ae20-39c2f00615e8', 3, 4, 50.0000, 1, '11/2022 - 12/20222', '2022-11-01 00:01:34', 'KhaiND', '2022-12-14 17:11:11', 'KhaiND'),
('71faf4fc-45b4-71fe-d37d-817a123d365d', '19d3caa4-564a-1b26-4f29-a2925c0f334d', 7, 1, 40.0000, 1, 'Học kỳ II', '2022-11-01 01:57:17', 'KhaiND', '2022-12-14 00:18:03', 'KhaiND'),
('7206b310-3586-22d5-41ec-e423f1575e00', '5982505e-4827-7305-1ecf-9712082ff6cb', 9, 5, 70.0000, 1, '09/2022 - 02/2023', '2022-12-10 23:58:06', 'KhaiND', '2022-12-13 16:00:16', 'KhaiND'),
('722b9311-5848-503b-8bdb-f21ac591aca5', '25c05a16-5c5b-3c9d-94c0-08fd2f807219', 15, 7, 95.0000, 1, '11/2022 - 12/20222', '2022-11-01 00:11:24', 'KhaiND', '2022-12-01 00:15:42', 'KhaiND'),
('723f66ed-4d0a-77c8-573e-c9e9e9038fe2', '7afbde73-7267-7c6b-a720-39c2f00615e8', 12, 6, 25.0000, 1, '11/2022 - 12/20222', '2022-12-02 07:25:26', 'KhaiND', '2022-12-24 08:25:23', 'KhaiND'),
('72519ef0-45a5-25a8-ed36-63d5d5eff719', '4e2e6064-6bbe-2699-a30b-87ae14180c33', 3, 4, 45.0000, 1, '11/2022 - 12/20222', '2022-11-29 23:53:50', 'KhaiND', '2022-12-13 22:53:02', 'KhaiND'),
('727c481a-576e-5bd3-3789-479bce9b28fc', '38528581-656f-2902-32de-23e177779933', 10, 3, 55.0000, 1, '02/2023 - 04/2023', '2022-11-01 00:00:02', 'KhaiND', '2022-12-01 01:45:19', 'KhaiND'),
('727ccfd1-479b-4689-b87d-817a123d365d', '3663e7b2-4bb1-7a67-b020-39c2f00615e8', 15, 7, 95.0000, 1, '11/2022 - 12/20222', '2022-11-01 00:00:58', 'KhaiND', '2022-12-17 04:57:07', 'KhaiND'),
('7288ccab-3e36-5816-4eec-e423f1575e00', '18285e84-56f2-50ef-5429-a2925c0f334d', 15, 7, 30.0000, 1, '11/2022 - 12/20222', NULL, NULL, '2022-12-18 03:40:07', 'KhaiND'),
('7292a7fa-2152-6530-3f3e-c9e9e9038fe2', '19d3caa4-564a-1b26-4f29-a2925c0f334d', 10, 3, 100.0000, 1, '02/2023 - 04/2023', '2022-11-23 12:29:21', 'KhaiND', '2022-12-04 09:47:03', 'KhaiND'),
('72a65a86-54c5-7760-6b89-479bce9b28fc', '79da9aa9-7677-3219-91d5-ba100c6f7bce', 8, 2, 85.0000, 1, 'Cả năm', '2022-11-23 18:56:55', 'KhaiND', NULL, NULL),
('72adb12b-666d-59eb-f326-71cca92946bf', '3bad7541-7915-6d1b-34de-23e177779933', 7, 1, 95.0000, 1, 'Học kỳ II', '2022-11-26 20:28:01', 'KhaiND', '2022-12-14 16:22:10', 'KhaiND'),
('72b1fa77-268e-36fd-1289-479bce9b28fc', '3eb6659b-2fad-2e67-98d5-ba100c6f7bce', 3, 4, 45.0000, 1, '11/2022 - 12/20222', '2022-11-29 22:23:21', 'KhaiND', '2022-12-18 08:44:24', 'KhaiND'),
('72c17223-5a05-69df-f526-71cca92946bf', '4d759fc8-400f-6e8f-5bbe-406293204378', 14, 8, 60.0000, 1, '09/2022 - 02/2023', '2022-12-04 21:08:43', 'KhaiND', '2022-12-30 03:44:12', 'KhaiND'),
('72ccfa6f-6dd9-20ad-a332-03c92da59c43', '57a3f48f-1c1d-1f04-9e20-39c2f00615e8', 12, 6, 60.0000, 1, '11/2022 - 12/20222', '2022-11-01 00:08:01', 'KhaiND', '2022-12-14 13:43:13', 'KhaiND'),
('72ee65b6-61ec-2b1d-9532-03c92da59c43', '3112d5f4-1190-69d8-8dc0-08fd2f807219', 9, 5, 50.0000, 1, '09/2022 - 02/2023', '2022-11-03 05:17:31', 'KhaiND', '2022-12-01 00:00:03', 'KhaiND'),
('72f4fda5-3cdf-1838-0f7e-817a123d365d', '3112d5f4-1190-69d8-8dc0-08fd2f807219', 15, 7, 30.0000, 1, '11/2022 - 12/20222', '2022-11-18 21:31:35', 'KhaiND', '2022-12-20 03:51:32', 'KhaiND'),
('7303fdaf-22eb-3212-5637-63d5d5eff719', '36134ff2-25de-148e-3bde-23e177779933', 9, 5, 75.0000, 1, '09/2022 - 02/2023', '2022-11-01 00:00:10', 'KhaiND', '2022-12-07 00:22:12', 'KhaiND'),
('73480a68-4315-53ba-663e-c9e9e9038fe2', '2ea8deee-1b95-2a51-88d5-ba100c6f7bce', 14, 8, 25.0000, 1, '09/2022 - 02/2023', '2022-11-01 00:00:04', 'KhaiND', '2022-12-01 00:54:29', 'KhaiND'),
('735d1c7b-7bca-609c-0aec-e423f1575e00', '782665f6-489e-1247-1bcf-9712082ff6cb', 11, 9, 45.0000, 1, '09/2022 - 02/2023', '2022-11-26 04:11:01', 'KhaiND', '2022-12-01 00:12:35', 'KhaiND'),
('73612d31-3ee3-7447-8e7d-817a123d365d', '6c2d254c-51c8-2ac9-7409-bf1378b8dc91', 9, 5, 80.0000, 1, '09/2022 - 02/2023', '2022-11-07 22:34:33', 'KhaiND', '2022-12-25 13:28:25', 'KhaiND'),
('736ef25e-7a2a-1ff6-2d27-71cca92946bf', '4fbf7ac2-4f95-259e-fd83-196123975cb2', 7, 1, 25.0000, 1, 'Học kỳ II', '2022-11-30 00:37:36', 'KhaiND', '2022-12-31 10:27:03', 'KhaiND'),
('73850f3f-22b8-12a2-3237-63d5d5eff719', '515b6077-13cf-64a1-5ebe-406293204378', 12, 6, 50.0000, 1, '11/2022 - 12/20222', '2022-11-24 06:40:48', 'KhaiND', '2022-12-10 16:10:56', 'KhaiND'),
('7391fcf0-42b1-3fdb-e826-71cca92946bf', '3663e7b2-4bb1-7a67-b020-39c2f00615e8', 12, 6, 50.0000, 1, '11/2022 - 12/20222', NULL, NULL, '2022-12-01 00:00:09', 'KhaiND'),
('739b78bf-2531-20df-5c37-63d5d5eff719', '7214c81d-705f-3473-65be-406293204378', 7, 1, 45.0000, 1, 'Học kỳ II', '2022-12-13 01:32:36', 'KhaiND', '2022-12-22 22:42:18', 'KhaiND'),
('739bef97-54f0-5b02-bd32-03c92da59c43', '62a849b4-1145-4227-7009-bf1378b8dc91', 12, 6, 35.0000, 1, '11/2022 - 12/20222', '2022-11-07 22:27:47', 'KhaiND', '2022-12-12 21:49:10', 'KhaiND'),
('73a4a03b-2956-2c94-0c5f-60fe4d31c979', '234d2569-6b1c-720c-9f20-39c2f00615e8', 8, 2, 75.0000, 1, 'Cả năm', '2022-11-18 17:05:36', 'KhaiND', '2022-12-11 10:04:21', 'KhaiND'),
('73a51f83-7978-304a-8089-479bce9b28fc', '768816a8-415c-1cf2-7e09-bf1378b8dc91', 12, 6, 65.0000, 1, '11/2022 - 12/20222', '2022-11-24 21:50:23', 'KhaiND', '2022-12-01 00:08:02', 'KhaiND'),
('73adb09a-19cc-1940-03ec-e423f1575e00', '7cd8b4b6-438c-5547-92d5-ba100c6f7bce', 10, 3, 60.0000, 1, '02/2023 - 04/2023', '2022-11-01 00:00:06', 'KhaiND', '2022-12-05 23:03:30', 'KhaiND'),
('73aede81-6a35-7035-0b5f-60fe4d31c979', '430250f1-181c-132c-a40b-87ae14180c33', 11, 9, 100.0000, 1, '09/2022 - 02/2023', NULL, NULL, '2022-12-01 00:00:25', 'KhaiND'),
('73b00eae-73e5-1f3c-fe5e-60fe4d31c979', '28955144-6588-500f-0684-196123975cb2', 11, 9, 80.0000, 1, '09/2022 - 02/2023', '2022-11-01 09:59:41', 'KhaiND', '2022-12-13 22:09:41', 'KhaiND'),
('73d20ea0-157e-36f4-3a3e-c9e9e9038fe2', '5d39e97f-36dc-2486-21cf-9712082ff6cb', 3, 4, 40.0000, 1, '11/2022 - 12/20222', '2022-12-07 20:20:42', 'KhaiND', '2022-12-18 09:07:17', 'KhaiND'),
('74061485-7a7a-2212-f5eb-e423f1575e00', '309122bc-1a1b-5fdb-66be-406293204378', 11, 9, 35.0000, 1, '09/2022 - 02/2023', NULL, NULL, '2022-12-20 17:15:57', 'KhaiND'),
('740d60f1-18a5-6453-0bec-e423f1575e00', '309122bc-1a1b-5fdb-66be-406293204378', 10, 3, 75.0000, 1, '02/2023 - 04/2023', '2022-11-01 07:49:50', 'KhaiND', '2022-12-19 05:32:23', 'KhaiND'),
('74117a57-2592-237e-f43d-c9e9e9038fe2', '504468a1-12c6-6902-7b09-bf1378b8dc91', 14, 8, 40.0000, 1, '09/2022 - 02/2023', '2022-11-01 00:00:06', 'KhaiND', '2022-12-05 22:10:55', 'KhaiND'),
('741a8f8a-51d9-6a39-f0a9-deaf32c96293', '65c089ca-2aae-5759-8109-bf1378b8dc91', 8, 2, 95.0000, 1, 'Cả năm', '2022-12-07 09:14:05', 'KhaiND', '2022-12-01 00:00:09', 'KhaiND'),
('7430673a-6bc9-6e04-f832-03c92da59c43', '5d9f07e3-23b7-320f-7d09-bf1378b8dc91', 15, 7, 95.0000, 1, '11/2022 - 12/20222', '2022-12-02 11:49:21', 'KhaiND', '2022-12-31 06:57:16', 'KhaiND'),
('7443986e-2fdf-6f09-ab32-03c92da59c43', '4931f441-237d-4e19-9e0b-87ae14180c33', 7, 1, 25.0000, 1, 'Học kỳ II', '2022-11-15 07:51:36', 'KhaiND', '2022-12-31 19:48:34', 'KhaiND'),
('744ecc85-1307-66ef-efdb-f21ac591aca5', '79da9aa9-7677-3219-91d5-ba100c6f7bce', 11, 9, 100.0000, 1, '09/2022 - 02/2023', '2022-11-01 00:01:13', 'KhaiND', '2022-12-01 00:14:09', 'KhaiND'),
('745b4d50-2b87-6791-4989-479bce9b28fc', '515b6077-13cf-64a1-5ebe-406293204378', 10, 3, 40.0000, 1, '02/2023 - 04/2023', '2022-11-08 11:35:28', 'KhaiND', '2022-12-01 00:00:34', 'KhaiND'),
('74769f9b-50d7-70c6-9a5e-60fe4d31c979', '360c3e0f-5235-1165-93c0-08fd2f807219', 9, 5, 40.0000, 1, '09/2022 - 02/2023', '2022-11-30 20:22:08', 'KhaiND', '2022-12-19 01:04:15', 'KhaiND'),
('747f693b-1247-67b3-f836-63d5d5eff719', '51e78fff-176c-5145-91c0-08fd2f807219', 7, 1, 40.0000, 1, 'Học kỳ II', '2022-11-18 21:03:39', 'KhaiND', NULL, NULL),
('748083d8-3318-6678-9e32-03c92da59c43', '4931f441-237d-4e19-9e0b-87ae14180c33', 3, 4, 50.0000, 1, '11/2022 - 12/20222', '2022-11-01 00:10:57', 'KhaiND', '2022-12-04 13:24:45', 'KhaiND'),
('748b4516-3072-2669-1d5f-60fe4d31c979', '50c0928f-1779-4e8b-a520-39c2f00615e8', 3, 4, 100.0000, 1, '11/2022 - 12/20222', '2022-11-27 06:30:07', 'KhaiND', '2022-12-19 01:12:19', 'KhaiND'),
('74abefeb-50bf-5955-c55e-60fe4d31c979', '504468a1-12c6-6902-7b09-bf1378b8dc91', 11, 9, 30.0000, 1, '09/2022 - 02/2023', '2022-11-17 23:12:30', 'KhaiND', '2022-12-11 04:21:08', 'KhaiND'),
('74b15c87-2387-5429-b0a9-deaf32c96293', '592ad0f7-5391-704d-af20-39c2f00615e8', 11, 9, 30.0000, 1, '09/2022 - 02/2023', '2022-12-01 22:31:08', 'KhaiND', '2022-12-01 00:09:44', 'KhaiND'),
('74b4ef62-677e-21c3-88db-f21ac591aca5', '52aadc93-3c4a-5df5-ae20-39c2f00615e8', 9, 5, 65.0000, 1, '09/2022 - 02/2023', '2022-11-01 00:00:04', 'KhaiND', '2022-12-01 00:03:18', 'KhaiND'),
('74ec9221-19b3-2dde-daeb-e423f1575e00', '4e2e6064-6bbe-2699-a30b-87ae14180c33', 7, 1, 85.0000, 1, 'Học kỳ II', '2022-11-01 00:00:10', 'KhaiND', '2022-12-25 10:47:20', 'KhaiND'),
('74fbe5ca-1dbd-3a3a-bfdb-f21ac591aca5', '28018b36-16ff-393b-a020-39c2f00615e8', 8, 2, 45.0000, 1, 'Cả năm', NULL, NULL, '2022-12-30 06:42:03', 'KhaiND'),
('74fe815c-1945-3937-1027-71cca92946bf', '3eb6659b-2fad-2e67-98d5-ba100c6f7bce', 8, 2, 70.0000, 1, 'Cả năm', '2022-11-01 00:07:08', 'KhaiND', '2022-12-26 08:57:22', 'KhaiND'),
('751d53dc-7900-1859-f9db-f21ac591aca5', '2917e651-61f8-7f1a-a20b-87ae14180c33', 10, 3, 40.0000, 1, '02/2023 - 04/2023', '2022-11-01 01:01:23', 'KhaiND', NULL, NULL),
('752a3d03-4af3-3f42-aca9-deaf32c96293', '3b7145dd-5e9b-7d95-ab20-39c2f00615e8', 7, 1, 80.0000, 1, 'Học kỳ II', '2022-11-28 15:15:36', 'KhaiND', '2022-12-17 02:27:53', 'KhaiND'),
('7567056e-2503-5d32-6689-479bce9b28fc', '2520d168-1494-4217-89d5-ba100c6f7bce', 12, 6, 85.0000, 1, '11/2022 - 12/20222', '2022-11-01 10:35:59', 'KhaiND', '2022-12-04 17:59:48', 'KhaiND'),
('756bdf53-5cd4-2a3e-007e-817a123d365d', '70e8e9ef-1d12-602a-a420-39c2f00615e8', 12, 6, 55.0000, 1, '11/2022 - 12/20222', '2022-11-25 09:17:17', 'KhaiND', '2022-12-16 18:06:42', 'KhaiND'),
('756c0a42-637f-51ed-f936-63d5d5eff719', '765a8849-65a2-2ad9-a220-39c2f00615e8', 7, 1, 75.0000, 1, 'Học kỳ II', '2022-12-03 13:40:32', 'KhaiND', '2022-12-08 11:55:35', 'KhaiND'),
('75701fb5-5c17-5ab1-0adc-f21ac591aca5', '12ed36a1-1f48-34d5-97d5-ba100c6f7bce', 7, 1, 65.0000, 1, 'Học kỳ II', '2022-11-01 02:05:14', 'KhaiND', '2022-12-02 12:00:16', 'KhaiND'),
('7574578b-794e-6497-7137-63d5d5eff719', '50c0928f-1779-4e8b-a520-39c2f00615e8', 14, 8, 70.0000, 1, '09/2022 - 02/2023', '2022-11-06 17:10:43', 'KhaiND', '2022-12-01 02:24:55', 'KhaiND'),
('7592936e-68c5-5585-c2db-f21ac591aca5', '5ca4f407-2d2d-24db-18cf-9712082ff6cb', 7, 1, 55.0000, 1, 'Học kỳ II', '2022-11-01 00:23:18', 'KhaiND', '2022-12-21 04:00:51', 'KhaiND'),
('75a75276-224a-438f-e6db-f21ac591aca5', '5587ec3f-5ef9-7b84-38de-23e177779933', 12, 6, 60.0000, 1, '11/2022 - 12/20222', '2022-11-01 00:00:50', 'KhaiND', '2022-12-19 18:00:16', 'KhaiND'),
('75b05a6c-342b-19e1-c0a9-deaf32c96293', '1f35a25e-29c0-65c5-64be-406293204378', 7, 1, 70.0000, 1, 'Học kỳ II', '2022-11-01 01:50:46', 'KhaiND', NULL, NULL),
('75d8841d-77f2-3ef5-3837-63d5d5eff719', '1791bb94-7da7-2a8b-8dd5-ba100c6f7bce', 9, 5, 60.0000, 1, '09/2022 - 02/2023', NULL, NULL, '2022-12-18 10:02:52', 'KhaiND'),
('75f45f8e-5313-7755-c232-03c92da59c43', '4836ea55-230d-7e7e-69be-406293204378', 15, 7, 70.0000, 1, '11/2022 - 12/20222', '2022-12-07 00:31:01', 'KhaiND', NULL, NULL),
('75f6cc3f-4c5f-165b-cb26-71cca92946bf', '28bb5b3f-5c7f-5bca-a820-39c2f00615e8', 12, 6, 55.0000, 1, '11/2022 - 12/20222', '2022-11-01 02:14:12', 'KhaiND', '2022-12-03 20:44:58', 'KhaiND'),
('75fc18fd-19d7-6ab4-b826-71cca92946bf', '50c0928f-1779-4e8b-a520-39c2f00615e8', 12, 6, 40.0000, 1, '11/2022 - 12/20222', '2022-11-15 14:27:29', 'KhaiND', '2022-12-26 14:28:51', 'KhaiND'),
('760209b2-2653-19b5-3e37-63d5d5eff719', '65c089ca-2aae-5759-8109-bf1378b8dc91', 10, 3, 25.0000, 1, '02/2023 - 04/2023', '2022-11-09 19:27:49', 'KhaiND', '2022-12-18 09:39:20', 'KhaiND'),
('763259b9-62f6-44b9-3bec-e423f1575e00', '234d2569-6b1c-720c-9f20-39c2f00615e8', 3, 4, 80.0000, 1, '11/2022 - 12/20222', '2022-12-01 00:39:00', 'KhaiND', '2022-12-01 00:00:04', 'KhaiND'),
('764145f6-6c9e-1ea3-5589-479bce9b28fc', '4ce0877f-48e4-6975-5129-a2925c0f334d', 15, 7, 55.0000, 1, '11/2022 - 12/20222', NULL, NULL, '2022-12-15 10:36:33', 'KhaiND'),
('76522150-1d5e-1c7b-cd7d-817a123d365d', '56304486-1a40-35bd-22cf-9712082ff6cb', 7, 1, 85.0000, 1, 'Học kỳ II', '2022-11-01 00:00:57', 'KhaiND', '2022-12-04 04:20:13', 'KhaiND'),
('76613af2-4f67-3b84-e1a9-deaf32c96293', '13548f3b-37b7-728f-ff83-196123975cb2', 8, 2, 100.0000, 1, 'Cả năm', '2022-11-06 03:04:14', 'KhaiND', '2022-12-01 00:00:31', 'KhaiND'),
('768c81ac-5310-2cba-64ec-e423f1575e00', '1d3986c3-11ae-3e82-85c0-08fd2f807219', 14, 8, 55.0000, 1, '09/2022 - 02/2023', '2022-11-01 00:00:09', 'KhaiND', '2022-12-01 00:03:29', 'KhaiND'),
('7695628f-137c-7927-d232-03c92da59c43', '41c2dce0-2c38-3bc6-16cf-9712082ff6cb', 8, 2, 95.0000, 1, 'Cả năm', '2022-11-13 18:25:43', 'KhaiND', '2022-12-26 10:41:27', 'KhaiND'),
('76bf256c-29ab-7572-f17d-817a123d365d', '6452e402-1744-5bf8-aa20-39c2f00615e8', 3, 4, 25.0000, 1, '11/2022 - 12/20222', '2022-12-12 02:50:23', 'KhaiND', '2022-12-01 00:01:23', 'KhaiND'),
('76c5ec70-595d-1f42-e83d-c9e9e9038fe2', '40f7a6ac-21d8-7147-19cf-9712082ff6cb', 7, 1, 30.0000, 1, 'Học kỳ II', '2022-12-05 19:49:02', 'KhaiND', '2022-12-01 01:56:33', 'KhaiND'),
('76cbeffa-629f-6abb-2eec-e423f1575e00', '7b353b36-3996-4309-4e29-a2925c0f334d', 14, 8, 100.0000, 1, '09/2022 - 02/2023', '2022-11-01 00:00:03', 'KhaiND', '2022-12-09 10:59:39', 'KhaiND'),
('76e8a2ee-5103-6fd5-9edb-f21ac591aca5', '73f98792-723a-5c61-67be-406293204378', 8, 2, 50.0000, 1, 'Cả năm', '2022-11-01 00:00:08', 'KhaiND', NULL, NULL),
('77003fbe-7184-643d-7537-63d5d5eff719', '1f94a596-32c4-2a29-8ad5-ba100c6f7bce', 11, 9, 45.0000, 1, '09/2022 - 02/2023', '2022-11-01 00:01:12', 'KhaiND', '2022-12-15 11:53:36', 'KhaiND'),
('7747c30f-7fae-7743-f3a9-deaf32c96293', '3be24f1a-760f-693b-0584-196123975cb2', 8, 2, 35.0000, 1, 'Cả năm', '2022-11-17 12:45:28', 'KhaiND', NULL, NULL),
('774a30f4-2ba7-536c-b07d-817a123d365d', '14146ceb-2f77-385d-90d5-ba100c6f7bce', 7, 1, 90.0000, 1, 'Học kỳ II', '2022-11-13 06:12:16', 'KhaiND', '2022-12-01 00:09:55', 'KhaiND'),
('775ebe79-1f65-14fa-1089-479bce9b28fc', '6a94b3d5-77fe-38bf-a90b-87ae14180c33', 7, 1, 70.0000, 1, 'Học kỳ II', '2022-11-21 06:51:12', 'KhaiND', '2022-12-22 10:19:25', 'KhaiND'),
('7773e8a5-6e2f-3339-23ec-e423f1575e00', '3cc1d7cb-2fe5-1e32-6abe-406293204378', 14, 8, 25.0000, 1, '09/2022 - 02/2023', '2022-11-18 21:39:42', 'KhaiND', '2022-12-27 06:09:35', 'KhaiND'),
('7779756a-2c38-5324-2e37-63d5d5eff719', '2520d168-1494-4217-89d5-ba100c6f7bce', 14, 8, 85.0000, 1, '09/2022 - 02/2023', '2022-11-01 00:00:35', 'KhaiND', '2022-12-09 00:46:06', 'KhaiND'),
('7784cba7-3f4f-1de5-157e-817a123d365d', '34811f36-3996-69fc-39de-23e177779933', 15, 7, 60.0000, 1, '11/2022 - 12/20222', '2022-11-25 03:49:26', 'KhaiND', '2022-12-01 02:38:21', 'KhaiND'),
('778f7901-6051-6222-dc7d-817a123d365d', '780d4a88-7745-3862-0184-196123975cb2', 8, 2, 100.0000, 1, 'Cả năm', '2022-12-09 05:06:19', 'KhaiND', '2022-12-01 02:01:46', 'KhaiND'),
('77af6ce1-3391-3316-0e7e-817a123d365d', '20bbbd0b-3c4a-7d94-6f09-bf1378b8dc91', 14, 8, 95.0000, 1, '09/2022 - 02/2023', '2022-11-01 00:00:09', 'KhaiND', '2022-12-20 11:27:57', 'KhaiND'),
('77b8b8b0-513e-3d3c-3c37-63d5d5eff719', '782665f6-489e-1247-1bcf-9712082ff6cb', 10, 3, 35.0000, 1, '02/2023 - 04/2023', '2022-11-01 00:00:23', 'KhaiND', '2022-12-23 19:19:50', 'KhaiND'),
('77d19d20-1a60-2cc7-28ec-e423f1575e00', '2cc5723c-56c3-7df9-8bd5-ba100c6f7bce', 15, 7, 30.0000, 1, '11/2022 - 12/20222', '2022-11-01 00:47:29', 'KhaiND', '2022-12-19 21:18:39', 'KhaiND'),
('77e15730-31a4-5f4a-343e-c9e9e9038fe2', '305174e6-1900-371f-a920-39c2f00615e8', 12, 6, 65.0000, 1, '11/2022 - 12/20222', '2022-11-22 09:41:46', 'KhaiND', '2022-12-01 00:00:03', 'KhaiND'),
('77e20bda-4b56-5d13-0937-63d5d5eff719', '1d3986c3-11ae-3e82-85c0-08fd2f807219', 8, 2, 45.0000, 1, 'Cả năm', NULL, NULL, NULL, NULL),
('77ed7927-134f-255f-6a3e-c9e9e9038fe2', '6a3cdb3a-63f6-5410-ad20-39c2f00615e8', 3, 4, 40.0000, 1, '11/2022 - 12/20222', '2022-11-21 19:12:13', 'KhaiND', NULL, NULL),
('7826bea9-1723-1150-a67d-817a123d365d', '40f7a6ac-21d8-7147-19cf-9712082ff6cb', 12, 6, 90.0000, 1, '11/2022 - 12/20222', '2022-12-14 01:20:38', 'KhaiND', NULL, NULL),
('786019cb-7e1c-2ab9-d2eb-e423f1575e00', '70e8e9ef-1d12-602a-a420-39c2f00615e8', 9, 5, 75.0000, 1, '09/2022 - 02/2023', '2022-11-14 20:01:52', 'KhaiND', '2022-12-21 07:02:47', 'KhaiND'),
('7874da10-35cf-3a7d-493e-c9e9e9038fe2', '19d3caa4-564a-1b26-4f29-a2925c0f334d', 9, 5, 100.0000, 1, '09/2022 - 02/2023', '2022-11-12 02:40:03', 'KhaiND', '2022-12-14 22:46:52', 'KhaiND'),
('78f682e5-606f-77f2-af26-71cca92946bf', '22b46f5b-19ce-529f-0284-196123975cb2', 14, 8, 95.0000, 1, '09/2022 - 02/2023', '2022-12-10 16:45:31', 'KhaiND', '2022-12-13 22:11:57', 'KhaiND'),
('79065657-3d51-4b77-623e-c9e9e9038fe2', '7b353b36-3996-4309-4e29-a2925c0f334d', 12, 6, 70.0000, 1, '11/2022 - 12/20222', '2022-11-01 00:01:25', 'KhaiND', '2022-12-11 05:15:21', 'KhaiND'),
('79085971-6726-64c0-a37d-817a123d365d', '3b7145dd-5e9b-7d95-ab20-39c2f00615e8', 11, 9, 70.0000, 1, '09/2022 - 02/2023', '2022-12-01 02:53:17', 'KhaiND', '2022-12-01 00:05:58', 'KhaiND'),
('795a37b5-196d-2780-95db-f21ac591aca5', '45ca8a53-1621-1c68-1acf-9712082ff6cb', 3, 4, 95.0000, 1, '11/2022 - 12/20222', '2022-12-15 18:18:27', 'KhaiND', NULL, NULL),
('7981a246-76d2-7069-0b7e-817a123d365d', '2917e651-61f8-7f1a-a20b-87ae14180c33', 9, 5, 80.0000, 1, '09/2022 - 02/2023', '2022-11-01 00:00:07', 'KhaiND', '2022-12-03 19:09:47', 'KhaiND'),
('7993b99c-6f8c-348c-067e-817a123d365d', '6e2d162f-65fb-4ac7-35de-23e177779933', 9, 5, 45.0000, 1, '09/2022 - 02/2023', '2022-11-04 04:00:29', 'KhaiND', NULL, NULL),
('79aca385-65e3-1ebe-f488-479bce9b28fc', '2ea8deee-1b95-2a51-88d5-ba100c6f7bce', 11, 9, 40.0000, 1, '09/2022 - 02/2023', '2022-11-23 03:07:30', 'KhaiND', '2022-12-28 17:42:00', 'KhaiND'),
('79b095ae-7305-1992-4a3e-c9e9e9038fe2', '430250f1-181c-132c-a40b-87ae14180c33', 15, 7, 50.0000, 1, '11/2022 - 12/20222', '2022-11-28 17:13:35', 'KhaiND', '2022-12-30 21:06:23', 'KhaiND'),
('79e2478d-5506-22b1-e35e-60fe4d31c979', '79da9aa9-7677-3219-91d5-ba100c6f7bce', 3, 4, 30.0000, 1, '11/2022 - 12/20222', '2022-11-01 00:01:18', 'KhaiND', NULL, NULL),
('7a432f07-7e93-6f1f-c326-71cca92946bf', '57a3f48f-1c1d-1f04-9e20-39c2f00615e8', 11, 9, 95.0000, 1, '09/2022 - 02/2023', '2022-11-01 00:00:20', 'KhaiND', '2022-12-04 04:29:46', 'KhaiND'),
('7a52bd7d-20e7-5dae-ba26-71cca92946bf', '5934ceac-4295-34ba-7c09-bf1378b8dc91', 11, 9, 85.0000, 1, '09/2022 - 02/2023', '2022-11-01 00:04:37', 'KhaiND', '2022-12-01 00:00:09', 'KhaiND'),
('7a5f4bd7-3a49-34b5-b726-71cca92946bf', '6eeb0f16-1f95-72a8-8ac0-08fd2f807219', 8, 2, 60.0000, 1, 'Cả năm', '2022-11-22 09:33:55', 'KhaiND', '2022-12-01 02:27:39', 'KhaiND'),
('7a628cd3-2f07-47a7-c77d-817a123d365d', '46241dbe-5442-7b9f-8ec0-08fd2f807219', 3, 4, 85.0000, 1, '11/2022 - 12/20222', '2022-11-01 01:36:22', 'KhaiND', '2022-12-23 09:09:24', 'KhaiND'),
('7a7d6248-743e-4214-2fec-e423f1575e00', '360c3e0f-5235-1165-93c0-08fd2f807219', 14, 8, 45.0000, 1, '09/2022 - 02/2023', '2022-11-01 00:01:05', 'KhaiND', '2022-12-20 16:10:42', 'KhaiND'),
('7a8cb766-7856-2fea-e43d-c9e9e9038fe2', '184d1ec3-7c8a-71f9-99d5-ba100c6f7bce', 12, 6, 70.0000, 1, '11/2022 - 12/20222', '2022-11-01 00:00:03', 'KhaiND', '2022-12-06 12:39:43', 'KhaiND'),
('7a9b7260-3355-2ada-e126-71cca92946bf', '149fb958-744f-70c6-7709-bf1378b8dc91', 3, 4, 70.0000, 1, '11/2022 - 12/20222', '2022-11-14 06:50:01', 'KhaiND', '2022-12-20 06:23:05', 'KhaiND'),
('7aa000f8-5e60-1459-e9eb-e423f1575e00', '62a849b4-1145-4227-7009-bf1378b8dc91', 15, 7, 65.0000, 1, '11/2022 - 12/20222', '2022-11-01 00:06:21', 'KhaiND', '2022-12-10 09:00:05', 'KhaiND'),
('7aba80b5-3337-1540-4fec-e423f1575e00', '669c8349-2fc8-1dc3-a620-39c2f00615e8', 9, 5, 55.0000, 1, '09/2022 - 02/2023', '2022-11-24 06:56:25', 'KhaiND', '2022-12-28 14:01:43', 'KhaiND'),
('7abf99ab-6d7b-6d99-37ec-e423f1575e00', '68fc6f39-7c51-144b-5029-a2925c0f334d', 15, 7, 70.0000, 1, '11/2022 - 12/20222', '2022-11-02 06:33:00', 'KhaiND', '2022-12-09 20:41:04', 'KhaiND'),
('7acde117-20c3-4efe-733e-c9e9e9038fe2', '486f3705-5928-5b0d-15cf-9712082ff6cb', 12, 6, 95.0000, 1, '11/2022 - 12/20222', '2022-11-27 23:18:58', 'KhaiND', '2022-12-19 03:20:32', 'KhaiND'),
('7af03d17-5361-4ab5-c8a9-deaf32c96293', '74de5ccc-59ee-1411-a00b-87ae14180c33', 11, 9, 85.0000, 1, '09/2022 - 02/2023', '2022-12-11 05:28:23', 'KhaiND', '2022-12-16 23:54:01', 'KhaiND'),
('7afc5cc0-753c-18ce-e8eb-e423f1575e00', '74de5ccc-59ee-1411-a00b-87ae14180c33', 7, 1, 100.0000, 1, 'Học kỳ II', '2022-11-17 01:30:36', 'KhaiND', '2022-12-18 08:13:47', 'KhaiND'),
('7b09a289-3b5e-4366-e95e-60fe4d31c979', '1d974e92-2a73-4659-5fbe-406293204378', 7, 1, 70.0000, 1, 'Học kỳ II', '2022-12-12 20:29:58', 'KhaiND', '2022-12-13 15:29:35', 'KhaiND'),
('7b2acb1c-6586-43ca-ab7d-817a123d365d', '374bb943-1e92-11bb-0884-196123975cb2', 12, 6, 90.0000, 1, '11/2022 - 12/20222', '2022-11-15 05:31:51', 'KhaiND', '2022-12-08 00:42:05', 'KhaiND'),
('7b2bb375-6fb0-6a5b-b0db-f21ac591aca5', '162d5d1a-66c5-228d-0984-196123975cb2', 12, 6, 70.0000, 1, '11/2022 - 12/20222', NULL, NULL, '2022-12-29 11:46:35', 'KhaiND'),
('7b33da41-3ed9-5ea8-f9eb-e423f1575e00', '1f35a25e-29c0-65c5-64be-406293204378', 12, 6, 70.0000, 1, '11/2022 - 12/20222', NULL, NULL, '2022-12-02 02:45:14', 'KhaiND'),
('7b536a16-6f3e-1c14-a25e-60fe4d31c979', '13548f3b-37b7-728f-ff83-196123975cb2', 15, 7, 65.0000, 1, '11/2022 - 12/20222', '2022-11-13 11:14:42', 'KhaiND', '2022-12-01 00:00:01', 'KhaiND'),
('7b567005-144a-5297-d526-71cca92946bf', '1fd43063-1155-5f39-1dcf-9712082ff6cb', 8, 2, 25.0000, 1, 'Cả năm', '2022-12-01 23:41:00', 'KhaiND', '2022-12-12 10:34:55', 'KhaiND'),
('7b65c304-4d41-11d1-4437-63d5d5eff719', '68fc6f39-7c51-144b-5029-a2925c0f334d', 14, 8, 25.0000, 1, '09/2022 - 02/2023', NULL, NULL, '2022-12-31 10:34:39', 'KhaiND'),
('7b6cddb8-5da7-42c1-f336-63d5d5eff719', '3eb6659b-2fad-2e67-98d5-ba100c6f7bce', 14, 8, 100.0000, 1, '09/2022 - 02/2023', '2022-11-19 15:29:56', 'KhaiND', '2022-12-31 22:37:57', 'KhaiND'),
('7b71468e-2704-7a59-cea9-deaf32c96293', '65c089ca-2aae-5759-8109-bf1378b8dc91', 15, 7, 30.0000, 1, '11/2022 - 12/20222', '2022-11-11 07:21:49', 'KhaiND', '2022-12-22 12:49:44', 'KhaiND'),
('7b7199e2-289b-2f80-8632-03c92da59c43', '2535c718-4dd9-311b-8cd5-ba100c6f7bce', 9, 5, 40.0000, 1, '09/2022 - 02/2023', '2022-11-01 00:15:57', 'KhaiND', NULL, NULL),
('7b8f6eab-5870-78e6-f036-63d5d5eff719', '486f3705-5928-5b0d-15cf-9712082ff6cb', 10, 3, 25.0000, 1, '02/2023 - 04/2023', '2022-11-01 00:00:22', 'KhaiND', '2022-12-25 12:17:01', 'KhaiND'),
('7ba559d3-4df9-59db-e1db-f21ac591aca5', '3eb6659b-2fad-2e67-98d5-ba100c6f7bce', 7, 1, 75.0000, 1, 'Học kỳ II', '2022-11-01 00:00:09', 'KhaiND', '2022-12-29 22:29:40', 'KhaiND'),
('7bbc3d21-75a9-3656-91db-f21ac591aca5', '25c05a16-5c5b-3c9d-94c0-08fd2f807219', 3, 4, 70.0000, 1, '11/2022 - 12/20222', '2022-11-27 21:03:08', 'KhaiND', '2022-12-17 02:38:38', 'KhaiND'),
('7bc4339e-1c08-671a-f63d-c9e9e9038fe2', '19d3caa4-564a-1b26-4f29-a2925c0f334d', 14, 8, 100.0000, 1, '09/2022 - 02/2023', '2022-11-15 09:55:27', 'KhaiND', '2022-12-01 00:00:05', 'KhaiND'),
('7bd11f09-3dc2-7b42-1f27-71cca92946bf', '3c213f7c-5d43-58ec-60be-406293204378', 3, 4, 80.0000, 1, '11/2022 - 12/20222', NULL, NULL, '2022-12-18 17:05:57', 'KhaiND'),
('7bf52e0c-79b6-1d5b-7a37-63d5d5eff719', '184d1ec3-7c8a-71f9-99d5-ba100c6f7bce', 11, 9, 65.0000, 1, '09/2022 - 02/2023', '2022-11-09 19:50:41', 'KhaiND', '2022-12-26 14:38:02', 'KhaiND'),
('7bfe9e67-6bb7-2d5d-5f37-63d5d5eff719', '5dec46ef-3437-32f8-a80b-87ae14180c33', 11, 9, 50.0000, 1, '09/2022 - 02/2023', '2022-11-01 00:00:01', 'KhaiND', '2022-12-01 00:00:01', 'KhaiND'),
('7c00aac6-18ca-3c2d-8137-63d5d5eff719', '204c0070-4a99-51b1-7209-bf1378b8dc91', 15, 7, 55.0000, 1, '11/2022 - 12/20222', '2022-11-01 00:00:04', 'KhaiND', '2022-12-01 00:00:10', 'KhaiND'),
('7c2ad529-5774-2047-f532-03c92da59c43', '6a94b3d5-77fe-38bf-a90b-87ae14180c33', 9, 5, 80.0000, 1, '09/2022 - 02/2023', '2022-11-14 18:50:54', 'KhaiND', '2022-12-25 22:58:45', 'KhaiND'),
('7c64f202-69b2-2900-0289-479bce9b28fc', '430250f1-181c-132c-a40b-87ae14180c33', 9, 5, 85.0000, 1, '09/2022 - 02/2023', '2022-11-01 01:22:47', 'KhaiND', '2022-12-08 08:35:36', 'KhaiND'),
('7c67f3a5-2673-6c6b-a326-71cca92946bf', '46b2f54f-4e6b-7159-0784-196123975cb2', 15, 7, 75.0000, 1, '11/2022 - 12/20222', NULL, NULL, '2022-12-01 00:00:04', 'KhaiND'),
('7c7519d0-36c4-2998-d3db-f21ac591aca5', '182ac03d-3bc5-1d27-7309-bf1378b8dc91', 9, 5, 95.0000, 1, '09/2022 - 02/2023', '2022-12-08 17:50:10', 'KhaiND', NULL, NULL),
('7c7907fa-630d-24ef-8f7d-817a123d365d', '430250f1-181c-132c-a40b-87ae14180c33', 10, 3, 65.0000, 1, '02/2023 - 04/2023', NULL, NULL, '2022-12-01 19:36:10', 'KhaiND'),
('7c7a82a6-6657-75bd-2d3e-c9e9e9038fe2', '5ca4f407-2d2d-24db-18cf-9712082ff6cb', 10, 3, 85.0000, 1, '02/2023 - 04/2023', NULL, NULL, NULL, NULL),
('7c87c150-6689-6310-e2a9-deaf32c96293', '22b46f5b-19ce-529f-0284-196123975cb2', 12, 6, 85.0000, 1, '11/2022 - 12/20222', '2022-12-13 14:31:09', 'KhaiND', '2022-12-19 05:08:40', 'KhaiND'),
('7caf556d-572f-70c1-0baa-deaf32c96293', '3b86d2ed-446c-5fce-56be-406293204378', 11, 9, 95.0000, 1, '09/2022 - 02/2023', '2022-11-27 08:19:55', 'KhaiND', '2022-12-01 00:11:54', 'KhaiND'),
('7caffcb3-6eca-14d7-6737-63d5d5eff719', '15cb3909-1246-2add-33de-23e177779933', 15, 7, 40.0000, 1, '11/2022 - 12/20222', '2022-11-01 00:00:11', 'KhaiND', '2022-12-20 01:01:06', 'KhaiND'),
('7ccd8bab-7848-3207-e5eb-e423f1575e00', '65a297e8-7141-3f82-aa0b-87ae14180c33', 14, 8, 25.0000, 1, '09/2022 - 02/2023', '2022-11-01 00:00:09', 'KhaiND', '2022-12-09 15:12:10', 'KhaiND'),
('7cdf4b0a-68dc-3fff-3989-479bce9b28fc', '357d7c4e-4b7f-11c2-84c0-08fd2f807219', 12, 6, 30.0000, 1, '11/2022 - 12/20222', '2022-11-01 00:00:01', 'KhaiND', '2022-12-17 09:15:13', 'KhaiND'),
('7ce661c2-21c0-22c1-d026-71cca92946bf', '6be6c0e9-220a-3d03-96d5-ba100c6f7bce', 11, 9, 55.0000, 1, '09/2022 - 02/2023', '2022-11-30 09:23:04', 'KhaiND', '2022-12-27 10:57:02', 'KhaiND'),
('7ce7a152-48cf-62af-fe26-71cca92946bf', '3b86d2ed-446c-5fce-56be-406293204378', 7, 1, 95.0000, 1, 'Học kỳ II', '2022-12-13 12:35:57', 'KhaiND', '2022-12-20 00:14:23', 'KhaiND'),
('7cf911d2-27f8-46de-26aa-deaf32c96293', '144edaf9-3dcb-1a64-0484-196123975cb2', 14, 8, 70.0000, 1, '09/2022 - 02/2023', '2022-11-26 18:14:33', 'KhaiND', '2022-12-01 00:01:10', 'KhaiND'),
('7cfbb2f3-6047-154e-1a3e-c9e9e9038fe2', '45ca8a53-1621-1c68-1acf-9712082ff6cb', 9, 5, 45.0000, 1, '09/2022 - 02/2023', '2022-11-03 00:41:32', 'KhaiND', '2022-12-26 14:12:33', 'KhaiND'),
('7d07e302-1229-581b-c25e-60fe4d31c979', '25502e11-38ba-4c53-fe83-196123975cb2', 15, 7, 60.0000, 1, '11/2022 - 12/20222', '2022-12-12 14:57:02', 'KhaiND', '2022-12-06 05:49:50', 'KhaiND'),
('7d1891ee-4e57-569e-d87d-817a123d365d', '403f8763-44b1-517d-7609-bf1378b8dc91', 10, 3, 60.0000, 1, '02/2023 - 04/2023', '2022-11-16 19:32:58', 'KhaiND', '2022-12-19 14:57:21', 'KhaiND'),
('7d71b771-5fa5-16f6-bddb-f21ac591aca5', '765a8849-65a2-2ad9-a220-39c2f00615e8', 9, 5, 45.0000, 1, '09/2022 - 02/2023', '2022-11-01 00:00:04', 'KhaiND', '2022-12-01 00:31:17', 'KhaiND'),
('7d8b6387-3162-474f-7e37-63d5d5eff719', '4d8c2958-2252-531e-7a09-bf1378b8dc91', 7, 1, 60.0000, 1, 'Học kỳ II', '2022-12-06 03:17:36', 'KhaiND', '2022-12-01 00:00:48', 'KhaiND'),
('7d98f4ed-46b8-5ed6-0e5f-60fe4d31c979', '20bbbd0b-3c4a-7d94-6f09-bf1378b8dc91', 15, 7, 75.0000, 1, '11/2022 - 12/20222', '2022-11-25 01:14:39', 'KhaiND', '2022-12-30 23:17:58', 'KhaiND'),
('7db518ee-57ac-44b1-aadb-f21ac591aca5', '5c9f5f1a-6f5c-49cc-59be-406293204378', 10, 3, 55.0000, 1, '02/2023 - 04/2023', '2022-12-12 11:34:44', 'KhaiND', '2022-12-03 21:20:44', 'KhaiND'),
('7dba67db-2551-358d-d632-03c92da59c43', '5b34a4d0-6617-1db3-ab0b-87ae14180c33', 3, 4, 60.0000, 1, '11/2022 - 12/20222', '2022-11-17 05:33:20', 'KhaiND', '2022-12-20 21:18:04', 'KhaiND'),
('7dbaa995-3a85-4ee4-ca5e-60fe4d31c979', '1113bff9-7186-5b43-68be-406293204378', 12, 6, 30.0000, 1, '11/2022 - 12/20222', '2022-11-06 03:16:30', 'KhaiND', '2022-12-07 15:09:04', 'KhaiND'),
('7dc157b1-6ef9-3779-2e89-479bce9b28fc', '3663e7b2-4bb1-7a67-b020-39c2f00615e8', 11, 9, 55.0000, 1, '09/2022 - 02/2023', '2022-11-01 00:01:03', 'KhaiND', NULL, NULL),
('7dcae810-166b-47b7-1337-63d5d5eff719', '592ad0f7-5391-704d-af20-39c2f00615e8', 9, 5, 90.0000, 1, '09/2022 - 02/2023', '2022-11-01 00:00:29', 'KhaiND', '2022-12-08 17:37:19', 'KhaiND'),
('7dd910ff-4b11-4282-153e-c9e9e9038fe2', '28bb5b3f-5c7f-5bca-a820-39c2f00615e8', 10, 3, 95.0000, 1, '02/2023 - 04/2023', '2022-12-06 10:15:04', 'KhaiND', '2022-12-23 12:50:10', 'KhaiND'),
('7ddafeb5-7292-750c-94db-f21ac591aca5', '50c0928f-1779-4e8b-a520-39c2f00615e8', 11, 9, 45.0000, 1, '09/2022 - 02/2023', '2022-11-26 05:21:37', 'KhaiND', '2022-12-20 08:06:36', 'KhaiND'),
('7de7a85e-3c75-6d59-b426-71cca92946bf', '5d45a0b6-3652-3ed1-5dbe-406293204378', 8, 2, 70.0000, 1, 'Cả năm', '2022-11-01 00:36:32', 'KhaiND', '2022-12-01 00:00:03', 'KhaiND'),
('7dee9768-72c5-76de-67ec-e423f1575e00', '749af78e-699e-5d1e-7109-bf1378b8dc91', 9, 5, 65.0000, 1, '09/2022 - 02/2023', '2022-11-12 13:10:00', 'KhaiND', '2022-12-01 00:05:11', 'KhaiND'),
('7def45d3-7d09-3db8-e85e-60fe4d31c979', '6e98d16d-1cee-3d90-4d29-a2925c0f334d', 11, 9, 60.0000, 1, '09/2022 - 02/2023', '2022-12-10 17:05:49', 'KhaiND', NULL, NULL),
('7e0817b0-3497-3680-b926-71cca92946bf', '3b7145dd-5e9b-7d95-ab20-39c2f00615e8', 12, 6, 70.0000, 1, '11/2022 - 12/20222', '2022-12-03 11:35:01', 'KhaiND', '2022-12-07 17:11:26', 'KhaiND'),
('7e08a221-2089-6224-06dc-f21ac591aca5', '26de5798-48e1-14d3-9f0b-87ae14180c33', 7, 1, 60.0000, 1, 'Học kỳ II', NULL, NULL, '2022-12-01 00:00:03', 'KhaiND'),
('7e149e51-6817-40d6-e0eb-e423f1575e00', '6ef29a53-7bc8-7018-90c0-08fd2f807219', 11, 9, 65.0000, 1, '09/2022 - 02/2023', NULL, NULL, '2022-12-01 00:01:22', 'KhaiND'),
('7e17535e-75e0-1956-213e-c9e9e9038fe2', '38fae0a4-2a8d-7751-17cf-9712082ff6cb', 3, 4, 45.0000, 1, '11/2022 - 12/20222', '2022-11-16 02:07:18', 'KhaiND', '2022-12-24 00:57:35', 'KhaiND'),
('7e1f35f0-3829-3a32-3037-63d5d5eff719', '6eeb8c68-18e7-5250-3cde-23e177779933', 3, 4, 40.0000, 1, '11/2022 - 12/20222', NULL, NULL, '2022-12-01 01:00:35', 'KhaiND'),
('7e2c8ed4-2f8d-44ed-d6a9-deaf32c96293', '38528581-656f-2902-32de-23e177779933', 11, 9, 100.0000, 1, '09/2022 - 02/2023', '2022-11-06 17:27:17', 'KhaiND', '2022-12-18 03:02:06', 'KhaiND'),
('7e377e6e-75c1-2ee6-31ec-e423f1575e00', '46241dbe-5442-7b9f-8ec0-08fd2f807219', 8, 2, 30.0000, 1, 'Cả năm', '2022-12-08 17:22:19', 'KhaiND', '2022-12-01 00:01:19', 'KhaiND'),
('7e597e38-5807-1280-1689-479bce9b28fc', '3b63fdfb-1c64-6574-ad0b-87ae14180c33', 7, 1, 75.0000, 1, 'Học kỳ II', '2022-11-03 01:39:24', 'KhaiND', '2022-12-30 06:10:53', 'KhaiND'),
('7e5a709c-2894-52a2-a8db-f21ac591aca5', '6eeb0f16-1f95-72a8-8ac0-08fd2f807219', 10, 3, 80.0000, 1, '02/2023 - 04/2023', '2022-12-14 15:48:56', 'KhaiND', NULL, NULL),
('7e7cbffb-5fcd-379c-8932-03c92da59c43', '515b6077-13cf-64a1-5ebe-406293204378', 14, 8, 100.0000, 1, '09/2022 - 02/2023', '2022-11-13 00:43:20', 'KhaiND', '2022-12-01 00:00:42', 'KhaiND'),
('7e928f8b-2b1c-1477-fd5e-60fe4d31c979', '2909a81f-45ba-7e82-3ade-23e177779933', 9, 5, 25.0000, 1, '09/2022 - 02/2023', '2022-11-02 16:43:40', 'KhaiND', '2022-12-18 13:54:27', 'KhaiND'),
('7e92a5e4-30e3-1b0d-39aa-deaf32c96293', '5c9f5f1a-6f5c-49cc-59be-406293204378', 3, 4, 35.0000, 1, '11/2022 - 12/20222', '2022-11-01 00:00:03', 'KhaiND', '2022-12-01 00:04:46', 'KhaiND'),
('7ea0f4a3-1743-4edb-5389-479bce9b28fc', '7679ed67-7f03-71df-61be-406293204378', 15, 7, 80.0000, 1, '11/2022 - 12/20222', '2022-11-01 00:00:03', 'KhaiND', '2022-12-01 00:22:03', 'KhaiND'),
('7eb9232e-7e52-642c-4937-63d5d5eff719', '494e1c26-71cc-292d-a320-39c2f00615e8', 10, 3, 100.0000, 1, '02/2023 - 04/2023', NULL, NULL, '2022-12-28 22:50:42', 'KhaiND'),
('7ecd1223-4f50-2d76-225f-60fe4d31c979', '14ee7bc0-194c-3948-57be-406293204378', 3, 4, 100.0000, 1, '11/2022 - 12/20222', '2022-11-08 00:41:50', 'KhaiND', '2022-12-01 00:00:06', 'KhaiND'),
('7ed9a26f-757e-4e27-e4db-f21ac591aca5', '4ce0877f-48e4-6975-5129-a2925c0f334d', 14, 8, 30.0000, 1, '09/2022 - 02/2023', '2022-11-22 02:29:45', 'KhaiND', '2022-12-21 07:52:53', 'KhaiND'),
('7edd7de7-20c2-5c8f-373e-c9e9e9038fe2', '357d7c4e-4b7f-11c2-84c0-08fd2f807219', 10, 3, 100.0000, 1, '02/2023 - 04/2023', '2022-11-11 10:26:56', 'KhaiND', '2022-12-08 04:12:55', 'KhaiND'),
('7f1cbec7-5847-2fd2-533e-c9e9e9038fe2', '7ab54386-59c1-7a58-a70b-87ae14180c33', 10, 3, 70.0000, 1, '02/2023 - 04/2023', '2022-11-01 00:01:27', 'KhaiND', NULL, NULL),
('7f24dd68-4609-30f2-ec3d-c9e9e9038fe2', '3c213f7c-5d43-58ec-60be-406293204378', 8, 2, 80.0000, 1, 'Cả năm', '2022-11-14 04:14:56', 'KhaiND', '2022-12-23 12:15:17', 'KhaiND'),
('7f2e3287-22f0-40f8-135f-60fe4d31c979', '37dd9bb0-4c53-4134-31de-23e177779933', 8, 2, 75.0000, 1, 'Cả năm', '2022-11-10 20:18:48', 'KhaiND', '2022-12-10 02:19:20', 'KhaiND'),
('7f31916b-79a9-46df-33ec-e423f1575e00', '7ab54386-59c1-7a58-a70b-87ae14180c33', 11, 9, 40.0000, 1, '09/2022 - 02/2023', '2022-12-08 21:18:56', 'KhaiND', '2022-12-01 00:05:29', 'KhaiND'),
('7f4cd52e-736d-7496-195f-60fe4d31c979', '374bb943-1e92-11bb-0884-196123975cb2', 15, 7, 25.0000, 1, '11/2022 - 12/20222', '2022-11-28 09:32:19', 'KhaiND', '2022-12-08 04:24:09', 'KhaiND'),
('7f6f5b3b-604a-4bd9-0b27-71cca92946bf', '5edb7881-65a5-415d-7f09-bf1378b8dc91', 10, 3, 70.0000, 1, '02/2023 - 04/2023', '2022-12-02 18:56:01', 'KhaiND', '2022-12-21 03:16:35', 'KhaiND'),
('7f7b4819-47bd-16f6-b432-03c92da59c43', '51e78fff-176c-5145-91c0-08fd2f807219', 9, 5, 40.0000, 1, '09/2022 - 02/2023', '2022-12-01 02:29:10', 'KhaiND', '2022-12-01 00:00:02', 'KhaiND'),
('7f8f5abb-3e87-56d7-483e-c9e9e9038fe2', '7b353b36-3996-4309-4e29-a2925c0f334d', 3, 4, 90.0000, 1, '11/2022 - 12/20222', NULL, NULL, '2022-12-26 18:04:47', 'KhaiND'),
('7f9dd3f1-140f-50ee-0fdc-f21ac591aca5', '18285e84-56f2-50ef-5429-a2925c0f334d', 7, 1, 30.0000, 1, 'Học kỳ II', '2022-11-12 19:02:39', 'KhaiND', '2022-12-04 12:13:12', 'KhaiND'),
('7fbd1f92-2bdc-307b-0889-479bce9b28fc', '780d4a88-7745-3862-0184-196123975cb2', 3, 4, 90.0000, 1, '11/2022 - 12/20222', '2022-11-11 18:37:58', 'KhaiND', '2022-12-01 00:00:03', 'KhaiND'),
('7fc79c15-756b-64a3-0d27-71cca92946bf', '1b691e79-236d-5b5a-9d20-39c2f00615e8', 8, 2, 40.0000, 1, 'Cả năm', '2022-11-01 00:01:04', 'KhaiND', '2022-12-03 12:56:26', 'KhaiND'),
('7fccd1e4-5a32-559d-0433-03c92da59c43', '7214c81d-705f-3473-65be-406293204378', 8, 2, 45.0000, 1, 'Cả năm', '2022-12-09 19:49:22', 'KhaiND', '2022-12-24 14:07:46', 'KhaiND'),
('7fe757b4-3430-6d9f-c826-71cca92946bf', '14ee7bc0-194c-3948-57be-406293204378', 10, 3, 45.0000, 1, '02/2023 - 04/2023', '2022-11-01 00:00:02', 'KhaiND', '2022-12-08 09:53:44', 'KhaiND'),
('7ff322cc-1658-1afc-3537-63d5d5eff719', '46241dbe-5442-7b9f-8ec0-08fd2f807219', 11, 9, 50.0000, 1, '09/2022 - 02/2023', '2022-11-27 11:32:48', 'KhaiND', '2022-12-01 00:10:17', 'KhaiND');

-- 
-- Restore previous SQL mode
-- 
/*!40101 SET SQL_MODE=@OLD_SQL_MODE */;

-- 
-- Enable foreign keys
-- 
/*!40014 SET FOREIGN_KEY_CHECKS = @OLD_FOREIGN_KEY_CHECKS */;